#
# TABLE STRUCTURE FOR: city
#

DROP TABLE IF EXISTS `city`;

CREATE TABLE `city` (
  `id` bigint(20) unsigned NOT NULL AUTO_INCREMENT,
  `name` varchar(32) COLLATE utf8mb4_unicode_ci DEFAULT NULL,
  UNIQUE KEY `id` (`id`),
  KEY `city_name_ndx` (`name`(10))
) ENGINE=InnoDB AUTO_INCREMENT=11 DEFAULT CHARSET=utf8mb4 COLLATE=utf8mb4_unicode_ci;

INSERT INTO `city` (`id`, `name`) VALUES ('1', 'Terrencetown');
INSERT INTO `city` (`id`, `name`) VALUES ('2', 'Robertsburgh');
INSERT INTO `city` (`id`, `name`) VALUES ('3', 'Josiannebury');
INSERT INTO `city` (`id`, `name`) VALUES ('4', 'Altenwerthchester');
INSERT INTO `city` (`id`, `name`) VALUES ('5', 'North Irmamouth');
INSERT INTO `city` (`id`, `name`) VALUES ('6', 'Port Marvin');
INSERT INTO `city` (`id`, `name`) VALUES ('7', 'Port Kian');
INSERT INTO `city` (`id`, `name`) VALUES ('8', 'North Jaren');
INSERT INTO `city` (`id`, `name`) VALUES ('9', 'Kunzehaven');
INSERT INTO `city` (`id`, `name`) VALUES ('10', 'Phyllisburgh');


#
# TABLE STRUCTURE FOR: guest_category_discount
#

DROP TABLE IF EXISTS `guest_category_discount`;

CREATE TABLE `guest_category_discount` (
  `category_name` enum('bronze','silver','gold','platinum') COLLATE utf8mb4_unicode_ci DEFAULT NULL,
  `discount_percent` tinyint(3) unsigned DEFAULT NULL,
  UNIQUE KEY `category_name` (`category_name`)
) ENGINE=InnoDB DEFAULT CHARSET=utf8mb4 COLLATE=utf8mb4_unicode_ci;

INSERT INTO `guest_category_discount` (`category_name`, `discount_percent`) VALUES ('bronze', 1);
INSERT INTO `guest_category_discount` (`category_name`, `discount_percent`) VALUES ('platinum', 3);
INSERT INTO `guest_category_discount` (`category_name`, `discount_percent`) VALUES ('gold', 5);
INSERT INTO `guest_category_discount` (`category_name`, `discount_percent`) VALUES ('silver', 3);


#
# TABLE STRUCTURE FOR: guest_info
#

DROP TABLE IF EXISTS `guest_info`;

CREATE TABLE `guest_info` (
  `id` bigint(20) unsigned NOT NULL AUTO_INCREMENT,
  `firstname` varchar(32) COLLATE utf8mb4_unicode_ci DEFAULT NULL,
  `lastname` varchar(32) COLLATE utf8mb4_unicode_ci DEFAULT NULL,
  `email` varchar(128) COLLATE utf8mb4_unicode_ci DEFAULT NULL,
  `phone` int(10) unsigned DEFAULT NULL,
  `guest_category` enum('bronze','silver','gold','platinum') COLLATE utf8mb4_unicode_ci DEFAULT 'bronze',
  PRIMARY KEY (`id`),
  UNIQUE KEY `email` (`email`),
  UNIQUE KEY `phone` (`phone`),
  KEY `guest_ndx` (`lastname`(10),`firstname`(10)),
  KEY `guest_category` (`guest_category`),
  CONSTRAINT `guest_info_ibfk_1` FOREIGN KEY (`guest_category`) REFERENCES `guest_category_discount` (`category_name`)
) ENGINE=InnoDB AUTO_INCREMENT=2801 DEFAULT CHARSET=utf8mb4 COLLATE=utf8mb4_unicode_ci;

INSERT INTO `guest_info` (`id`, `firstname`, `lastname`, `email`, `phone`, `guest_category`) VALUES ('2701', 'Oda', 'McClure', 'leonel.klein@example.net', 98, 'platinum');
INSERT INTO `guest_info` (`id`, `firstname`, `lastname`, `email`, `phone`, `guest_category`) VALUES ('2702', 'Elvis', 'Stiedemann', 'mariela.kshlerin@example.com', 192, 'bronze');
INSERT INTO `guest_info` (`id`, `firstname`, `lastname`, `email`, `phone`, `guest_category`) VALUES ('2703', 'Leonard', 'Carter', 'caitlyn92@example.net', 649562, 'bronze');
INSERT INTO `guest_info` (`id`, `firstname`, `lastname`, `email`, `phone`, `guest_category`) VALUES ('2704', 'Keyshawn', 'Padberg', 'francesco61@example.org', 709208, 'silver');
INSERT INTO `guest_info` (`id`, `firstname`, `lastname`, `email`, `phone`, `guest_category`) VALUES ('2705', 'Janice', 'Ferry', 'griffin02@example.org', 4294967295, 'platinum');
INSERT INTO `guest_info` (`id`, `firstname`, `lastname`, `email`, `phone`, `guest_category`) VALUES ('2706', 'Vernie', 'Schultz', 'quigley.mireille@example.net', 385, 'bronze');
INSERT INTO `guest_info` (`id`, `firstname`, `lastname`, `email`, `phone`, `guest_category`) VALUES ('2707', 'Nikita', 'Leffler', 'river.pacocha@example.com', 25, 'bronze');
INSERT INTO `guest_info` (`id`, `firstname`, `lastname`, `email`, `phone`, `guest_category`) VALUES ('2708', 'Wyman', 'Donnelly', 'aric.collins@example.com', 0, 'silver');
INSERT INTO `guest_info` (`id`, `firstname`, `lastname`, `email`, `phone`, `guest_category`) VALUES ('2709', 'Willis', 'Hamill', 'vcasper@example.com', 506, 'silver');
INSERT INTO `guest_info` (`id`, `firstname`, `lastname`, `email`, `phone`, `guest_category`) VALUES ('2710', 'Mabelle', 'Bernhard', 'damien.moore@example.com', 1, 'silver');
INSERT INTO `guest_info` (`id`, `firstname`, `lastname`, `email`, `phone`, `guest_category`) VALUES ('2714', 'Cristian', 'Dach', 'emilio16@example.com', 743, 'gold');
INSERT INTO `guest_info` (`id`, `firstname`, `lastname`, `email`, `phone`, `guest_category`) VALUES ('2718', 'Flo', 'Quigley', 'clovis.monahan@example.org', 898, 'platinum');
INSERT INTO `guest_info` (`id`, `firstname`, `lastname`, `email`, `phone`, `guest_category`) VALUES ('2720', 'Margot', 'Nikolaus', 'jarrell.bergstrom@example.net', 95392, 'gold');
INSERT INTO `guest_info` (`id`, `firstname`, `lastname`, `email`, `phone`, `guest_category`) VALUES ('2721', 'Lucious', 'Greenfelder', 'ambrose12@example.net', 91, 'silver');
INSERT INTO `guest_info` (`id`, `firstname`, `lastname`, `email`, `phone`, `guest_category`) VALUES ('2722', 'Stella', 'Frami', 'huels.adelle@example.net', 754658, 'bronze');
INSERT INTO `guest_info` (`id`, `firstname`, `lastname`, `email`, `phone`, `guest_category`) VALUES ('2723', 'Francis', 'Goodwin', 'jany31@example.com', 79, 'bronze');
INSERT INTO `guest_info` (`id`, `firstname`, `lastname`, `email`, `phone`, `guest_category`) VALUES ('2724', 'Zackery', 'Murazik', 'harvey.roger@example.com', 142098, 'platinum');
INSERT INTO `guest_info` (`id`, `firstname`, `lastname`, `email`, `phone`, `guest_category`) VALUES ('2725', 'Erin', 'Pacocha', 'marvin.jaqueline@example.net', 690014, 'bronze');
INSERT INTO `guest_info` (`id`, `firstname`, `lastname`, `email`, `phone`, `guest_category`) VALUES ('2728', 'Winston', 'Pagac', 'alicia.rippin@example.net', 272, 'gold');
INSERT INTO `guest_info` (`id`, `firstname`, `lastname`, `email`, `phone`, `guest_category`) VALUES ('2729', 'Ephraim', 'Gleichner', 'gottlieb.daryl@example.net', 117385, 'gold');
INSERT INTO `guest_info` (`id`, `firstname`, `lastname`, `email`, `phone`, `guest_category`) VALUES ('2730', 'Lonzo', 'Heidenreich', 'koelpin.destiny@example.net', 826, 'silver');
INSERT INTO `guest_info` (`id`, `firstname`, `lastname`, `email`, `phone`, `guest_category`) VALUES ('2731', 'Maxine', 'Upton', 'sanford.marina@example.org', 336, 'silver');
INSERT INTO `guest_info` (`id`, `firstname`, `lastname`, `email`, `phone`, `guest_category`) VALUES ('2732', 'Doyle', 'Mayert', 'leonie73@example.com', 689441118, 'platinum');
INSERT INTO `guest_info` (`id`, `firstname`, `lastname`, `email`, `phone`, `guest_category`) VALUES ('2733', 'Jacques', 'Runolfsson', 'bosco.gaston@example.net', 56, 'gold');
INSERT INTO `guest_info` (`id`, `firstname`, `lastname`, `email`, `phone`, `guest_category`) VALUES ('2734', 'Esteban', 'Wolf', 'freida.monahan@example.com', 158, 'bronze');
INSERT INTO `guest_info` (`id`, `firstname`, `lastname`, `email`, `phone`, `guest_category`) VALUES ('2739', 'Stephanie', 'Schiller', 'lempi23@example.com', 66423, 'bronze');
INSERT INTO `guest_info` (`id`, `firstname`, `lastname`, `email`, `phone`, `guest_category`) VALUES ('2742', 'Stephan', 'Lind', 'ezequiel.kreiger@example.com', 524, 'gold');
INSERT INTO `guest_info` (`id`, `firstname`, `lastname`, `email`, `phone`, `guest_category`) VALUES ('2747', 'Daniela', 'Cartwright', 'carissa50@example.com', 822, 'gold');
INSERT INTO `guest_info` (`id`, `firstname`, `lastname`, `email`, `phone`, `guest_category`) VALUES ('2751', 'Sophia', 'Krajcik', 'zemlak.estelle@example.net', 243, 'gold');
INSERT INTO `guest_info` (`id`, `firstname`, `lastname`, `email`, `phone`, `guest_category`) VALUES ('2752', 'Adrian', 'Hettinger', 'madelyn.williamson@example.com', 775, 'bronze');
INSERT INTO `guest_info` (`id`, `firstname`, `lastname`, `email`, `phone`, `guest_category`) VALUES ('2755', 'Ocie', 'Okuneva', 'xraynor@example.com', 648913, 'platinum');
INSERT INTO `guest_info` (`id`, `firstname`, `lastname`, `email`, `phone`, `guest_category`) VALUES ('2756', 'Kianna', 'Rath', 'alegros@example.com', 877, 'gold');
INSERT INTO `guest_info` (`id`, `firstname`, `lastname`, `email`, `phone`, `guest_category`) VALUES ('2757', 'Cathryn', 'Baumbach', 'bergstrom.ava@example.net', 300, 'silver');
INSERT INTO `guest_info` (`id`, `firstname`, `lastname`, `email`, `phone`, `guest_category`) VALUES ('2758', 'Franz', 'Hodkiewicz', 'feeney.jaylon@example.org', 668702, 'bronze');
INSERT INTO `guest_info` (`id`, `firstname`, `lastname`, `email`, `phone`, `guest_category`) VALUES ('2759', 'Evert', 'Hills', 'karli65@example.com', 316, 'gold');
INSERT INTO `guest_info` (`id`, `firstname`, `lastname`, `email`, `phone`, `guest_category`) VALUES ('2760', 'Elizabeth', 'Rogahn', 'breanna.rempel@example.com', 30, 'silver');
INSERT INTO `guest_info` (`id`, `firstname`, `lastname`, `email`, `phone`, `guest_category`) VALUES ('2761', 'Abigayle', 'Deckow', 'darwin84@example.net', 133413, 'platinum');
INSERT INTO `guest_info` (`id`, `firstname`, `lastname`, `email`, `phone`, `guest_category`) VALUES ('2765', 'Hadley', 'Bosco', 'queen53@example.com', 965, 'gold');
INSERT INTO `guest_info` (`id`, `firstname`, `lastname`, `email`, `phone`, `guest_category`) VALUES ('2766', 'Monserrate', 'Champlin', 'keeling.dudley@example.com', 110466, 'gold');
INSERT INTO `guest_info` (`id`, `firstname`, `lastname`, `email`, `phone`, `guest_category`) VALUES ('2768', 'Earl', 'Beahan', 'bcormier@example.org', 803, 'silver');
INSERT INTO `guest_info` (`id`, `firstname`, `lastname`, `email`, `phone`, `guest_category`) VALUES ('2769', 'Hardy', 'Price', 'ldouglas@example.org', 752803, 'bronze');
INSERT INTO `guest_info` (`id`, `firstname`, `lastname`, `email`, `phone`, `guest_category`) VALUES ('2772', 'Rosamond', 'Champlin', 'kennedi91@example.com', 480, 'silver');
INSERT INTO `guest_info` (`id`, `firstname`, `lastname`, `email`, `phone`, `guest_category`) VALUES ('2773', 'Lea', 'Lesch', 'howell.nienow@example.org', 3526004304, 'bronze');
INSERT INTO `guest_info` (`id`, `firstname`, `lastname`, `email`, `phone`, `guest_category`) VALUES ('2774', 'Ottilie', 'Lind', 'izabella56@example.org', 4, 'silver');
INSERT INTO `guest_info` (`id`, `firstname`, `lastname`, `email`, `phone`, `guest_category`) VALUES ('2775', 'Jada', 'Walker', 'milan17@example.net', 611460, 'platinum');
INSERT INTO `guest_info` (`id`, `firstname`, `lastname`, `email`, `phone`, `guest_category`) VALUES ('2776', 'Dorris', 'Rohan', 'nikolaus.shawna@example.org', 54, 'silver');
INSERT INTO `guest_info` (`id`, `firstname`, `lastname`, `email`, `phone`, `guest_category`) VALUES ('2779', 'Rey', 'Feil', 'dillon.padberg@example.org', 2394997626, 'gold');
INSERT INTO `guest_info` (`id`, `firstname`, `lastname`, `email`, `phone`, `guest_category`) VALUES ('2780', 'Sim', 'White', 'pierre.wolf@example.net', 925, 'silver');
INSERT INTO `guest_info` (`id`, `firstname`, `lastname`, `email`, `phone`, `guest_category`) VALUES ('2781', 'Alena', 'Herman', 'abelardo44@example.net', 48, 'gold');
INSERT INTO `guest_info` (`id`, `firstname`, `lastname`, `email`, `phone`, `guest_category`) VALUES ('2786', 'Shyanne', 'Gulgowski', 'donnelly.raven@example.net', 973152, 'platinum');
INSERT INTO `guest_info` (`id`, `firstname`, `lastname`, `email`, `phone`, `guest_category`) VALUES ('2787', 'Nelda', 'Douglas', 'colten.herman@example.net', 640050, 'platinum');
INSERT INTO `guest_info` (`id`, `firstname`, `lastname`, `email`, `phone`, `guest_category`) VALUES ('2793', 'Aurelie', 'Moen', 'khalvorson@example.org', 952, 'silver');
INSERT INTO `guest_info` (`id`, `firstname`, `lastname`, `email`, `phone`, `guest_category`) VALUES ('2795', 'Krystel', 'Monahan', 'schneider.bernie@example.org', 73, 'gold');
INSERT INTO `guest_info` (`id`, `firstname`, `lastname`, `email`, `phone`, `guest_category`) VALUES ('2798', 'Abdullah', 'Schmidt', 'kameron05@example.com', 827, 'platinum');
INSERT INTO `guest_info` (`id`, `firstname`, `lastname`, `email`, `phone`, `guest_category`) VALUES ('2799', 'Bessie', 'Feil', 'amelia33@example.net', 716740, 'gold');
INSERT INTO `guest_info` (`id`, `firstname`, `lastname`, `email`, `phone`, `guest_category`) VALUES ('2800', 'Helene', 'Parisian', 'clifton.fahey@example.net', 169737, 'silver');


#
# TABLE STRUCTURE FOR: hotel_info
#

DROP TABLE IF EXISTS `hotel_info`;

CREATE TABLE `hotel_info` (
  `id` bigint(20) unsigned NOT NULL AUTO_INCREMENT,
  `city_id` bigint(20) unsigned NOT NULL,
  `title` varchar(128) COLLATE utf8mb4_unicode_ci DEFAULT NULL,
  `description` text COLLATE utf8mb4_unicode_ci DEFAULT NULL,
  `hotel_type` enum('guest house','hotel','hostel') COLLATE utf8mb4_unicode_ci DEFAULT NULL,
  `hotel_class` enum('econom','comfort','premium') COLLATE utf8mb4_unicode_ci DEFAULT NULL,
  `distance_from_city_centre` float DEFAULT NULL CHECK (`distance_from_city_centre` > 0 and `distance_from_city_centre` < 999),
  `rating` float unsigned DEFAULT NULL CHECK (`rating` < 10),
  `location_rating` float unsigned DEFAULT NULL CHECK (`location_rating` < 10),
  `address_line` varchar(255) COLLATE utf8mb4_unicode_ci DEFAULT NULL,
  `phone_no` bigint(20) unsigned DEFAULT NULL,
  `email` varchar(128) COLLATE utf8mb4_unicode_ci DEFAULT NULL,
  PRIMARY KEY (`id`),
  UNIQUE KEY `phone_no` (`phone_no`),
  UNIQUE KEY `email` (`email`),
  KEY `hotel_city_rating_ndx` (`city_id`,`rating`),
  CONSTRAINT `hotel_info_ibfk_1` FOREIGN KEY (`city_id`) REFERENCES `city` (`id`)
) ENGINE=InnoDB AUTO_INCREMENT=101 DEFAULT CHARSET=utf8mb4 COLLATE=utf8mb4_unicode_ci;

INSERT INTO `hotel_info` (`id`, `city_id`, `title`, `description`, `hotel_type`, `hotel_class`, `distance_from_city_centre`, `rating`, `location_rating`, `address_line`, `phone_no`, `email`) VALUES ('51', '1', 'Dolores sequi dolores inventore laboriosam.', 'Illum repudiandae in et iusto. Vel ut reiciendis vitae aliquid. Eum nostrum laudantium in non officia id a nobis. Magnam sunt et nisi pariatur.', 'guest house', 'premium', '7.73', '0.45', '7', '203 Mia Dale', '1', 'wiegand.claire@example.org');
INSERT INTO `hotel_info` (`id`, `city_id`, `title`, `description`, `hotel_type`, `hotel_class`, `distance_from_city_centre`, `rating`, `location_rating`, `address_line`, `phone_no`, `email`) VALUES ('52', '9', 'Ipsa eveniet aut similique.', 'Sint nulla nam assumenda fuga. Sunt est incidunt deleniti et est atque eaque. Doloribus eaque voluptatibus iste. Id dolore asperiores repellat non quos beatae sint.', 'guest house', 'comfort', '5.56', '3.19', '7.45', '119 Nathen Stravenue', '332', 'okoelpin@example.com');
INSERT INTO `hotel_info` (`id`, `city_id`, `title`, `description`, `hotel_type`, `hotel_class`, `distance_from_city_centre`, `rating`, `location_rating`, `address_line`, `phone_no`, `email`) VALUES ('53', '3', 'Hic et voluptatem porro earum ipsam similique officiis similique.', 'Laudantium eos est repellendus molestiae hic praesentium sed dolorem. Quidem quae maiores assumenda nemo. Excepturi ut iste iste in reiciendis modi nemo.', 'hostel', 'econom', '5.19', '0.82', '7.8', '11485 Spinka Trafficway', '9299391180', 'jakob.weber@example.org');
INSERT INTO `hotel_info` (`id`, `city_id`, `title`, `description`, `hotel_type`, `hotel_class`, `distance_from_city_centre`, `rating`, `location_rating`, `address_line`, `phone_no`, `email`) VALUES ('54', '8', 'Repudiandae repudiandae quis in est error sit voluptates.', 'Aut doloremque sed qui aliquid. Rerum incidunt delectus deserunt voluptatem quasi. Facilis ut adipisci porro nisi.', 'hotel', 'comfort', '3.02', '3.14', '8.82', '9138 Fadel Curve Suite 322', '113532516', 'gbogan@example.net');
INSERT INTO `hotel_info` (`id`, `city_id`, `title`, `description`, `hotel_type`, `hotel_class`, `distance_from_city_centre`, `rating`, `location_rating`, `address_line`, `phone_no`, `email`) VALUES ('55', '4', 'Velit explicabo a reprehenderit quidem.', 'Sapiente in nihil dolor harum earum. Veniam omnis pariatur dolorum voluptatem rem aliquam est. Laborum doloremque excepturi natus ullam officiis qui non explicabo. Laudantium libero qui facilis natus ex eius. Voluptate vitae aut cupiditate et quod dicta officia fugit.', 'guest house', 'econom', '2.7', '0.05', '9.98', '939 Gleason Dale', '0', 'brant62@example.net');
INSERT INTO `hotel_info` (`id`, `city_id`, `title`, `description`, `hotel_type`, `hotel_class`, `distance_from_city_centre`, `rating`, `location_rating`, `address_line`, `phone_no`, `email`) VALUES ('56', '2', 'Libero vero et nihil adipisci ab.', 'Dolorum reiciendis quam commodi est non expedita vel. Dolore officiis est est dolor quia ut nihil. Enim tenetur ut suscipit quia totam nihil. Est veritatis sequi est occaecati sit.', 'hotel', 'premium', '5.16', '5.05', '4.18', '488 Daija Unions Apt. 867', '577', 'herzog.vladimir@example.net');
INSERT INTO `hotel_info` (`id`, `city_id`, `title`, `description`, `hotel_type`, `hotel_class`, `distance_from_city_centre`, `rating`, `location_rating`, `address_line`, `phone_no`, `email`) VALUES ('57', '8', 'A quaerat fugit accusamus possimus ab ratione excepturi.', 'Totam accusantium nam nostrum ipsam. Repudiandae eligendi corporis et totam aspernatur rem facilis. Maxime fugit molestias dolores ea. Similique quam sed doloribus nihil accusantium exercitationem.', 'guest house', 'premium', '1.01', '7.98', '1.12', '724 Orn Trace Suite 255', '8459544805', 'yrunolfsdottir@example.net');
INSERT INTO `hotel_info` (`id`, `city_id`, `title`, `description`, `hotel_type`, `hotel_class`, `distance_from_city_centre`, `rating`, `location_rating`, `address_line`, `phone_no`, `email`) VALUES ('58', '1', 'Non rerum aut doloribus magnam ut necessitatibus.', 'Cum at neque reiciendis est rerum maiores aut sunt. Mollitia ut voluptas ea voluptates. Omnis natus autem quisquam optio totam necessitatibus odio. Distinctio rerum sunt ut quis architecto modi repudiandae.', 'hotel', 'premium', '3.43', '1.14', '0.57', '2877 Rodriguez Estate', '58', 'cschmeler@example.org');
INSERT INTO `hotel_info` (`id`, `city_id`, `title`, `description`, `hotel_type`, `hotel_class`, `distance_from_city_centre`, `rating`, `location_rating`, `address_line`, `phone_no`, `email`) VALUES ('59', '8', 'Non maiores eligendi beatae aliquid nisi.', 'Maxime et natus aliquid et. Nisi architecto voluptas sed quibusdam eius maxime. Facilis nisi illum voluptas. Itaque dolorem sapiente qui dignissimos omnis debitis.', 'hotel', 'premium', '6.09', '0.25', '4.35', '705 Erica Mews', '108110', 'myra.russel@example.net');
INSERT INTO `hotel_info` (`id`, `city_id`, `title`, `description`, `hotel_type`, `hotel_class`, `distance_from_city_centre`, `rating`, `location_rating`, `address_line`, `phone_no`, `email`) VALUES ('60', '4', 'Debitis corporis laboriosam maiores quia dicta praesentium.', 'Facere sunt quasi facere aut dolor. Eaque sunt nulla dolores saepe quia rem qui corporis. Animi deserunt sequi molestiae nihil earum ea.', 'hotel', 'econom', '0.79', '8.65', '5.68', '27498 Elsie Inlet Suite 664', '147', 'lizeth.jacobs@example.net');
INSERT INTO `hotel_info` (`id`, `city_id`, `title`, `description`, `hotel_type`, `hotel_class`, `distance_from_city_centre`, `rating`, `location_rating`, `address_line`, `phone_no`, `email`) VALUES ('61', '10', 'Et aspernatur modi ea dolor eum.', 'Et cum ratione repudiandae autem ut. Possimus laborum eaque qui accusantium.', 'guest house', 'premium', '5.71', '3.14', '3.35', '201 Jean Curve', '98', 'fsimonis@example.org');
INSERT INTO `hotel_info` (`id`, `city_id`, `title`, `description`, `hotel_type`, `hotel_class`, `distance_from_city_centre`, `rating`, `location_rating`, `address_line`, `phone_no`, `email`) VALUES ('65', '8', 'Minima laudantium laudantium ut nemo.', 'Eius molestiae doloremque beatae voluptas ut ea repudiandae. Voluptas molestias ut tempora doloremque voluptatibus itaque. Et sint et eligendi voluptatem consequatur. Nam autem minima dicta et unde.', 'hotel', 'econom', '0.21', '4.34', '2.11', '57891 Bianka Burgs Suite 338', '762647', 'hansen.marquis@example.com');
INSERT INTO `hotel_info` (`id`, `city_id`, `title`, `description`, `hotel_type`, `hotel_class`, `distance_from_city_centre`, `rating`, `location_rating`, `address_line`, `phone_no`, `email`) VALUES ('66', '2', 'Dolores et qui sunt ut ex illum quisquam.', 'Eius eum sed culpa iure ratione voluptas. Error esse expedita deleniti ducimus. Vitae omnis repudiandae officia ea. Aut aut dolorem unde harum non illo.', 'hotel', 'comfort', '1.94', '2.89', '5.28', '9770 Gottlieb Shore Suite 371', '61', 'sjohnson@example.net');
INSERT INTO `hotel_info` (`id`, `city_id`, `title`, `description`, `hotel_type`, `hotel_class`, `distance_from_city_centre`, `rating`, `location_rating`, `address_line`, `phone_no`, `email`) VALUES ('68', '1', 'Quam consequuntur occaecati iusto saepe qui neque nemo.', 'Eum sint maxime eaque fugit sed distinctio est. Sed voluptatem aut et ipsam et nisi. Vel adipisci vitae tempora deleniti.', 'hotel', 'econom', '9.41', '8.2', '3.49', '523 Audie Plains Suite 251', '266295', 'greenholt.domenick@example.org');
INSERT INTO `hotel_info` (`id`, `city_id`, `title`, `description`, `hotel_type`, `hotel_class`, `distance_from_city_centre`, `rating`, `location_rating`, `address_line`, `phone_no`, `email`) VALUES ('69', '2', 'Consequuntur sit a unde optio nihil aliquid doloremque.', 'Nihil et aut explicabo autem voluptatem vero minus qui. Sapiente quis voluptatibus ad odio. Distinctio qui dolores dolorem. Voluptas odit ipsam aut omnis nobis culpa adipisci nam.', 'hotel', 'econom', '2.38', '8.3', '3.64', '330 Billy Parkway', '360701', 'cferry@example.net');
INSERT INTO `hotel_info` (`id`, `city_id`, `title`, `description`, `hotel_type`, `hotel_class`, `distance_from_city_centre`, `rating`, `location_rating`, `address_line`, `phone_no`, `email`) VALUES ('70', '3', 'Esse aut non explicabo molestiae.', 'Maiores sunt non eligendi velit perspiciatis aut. Tempora harum enim minus quos laborum. Tempore iusto officiis nisi quam consectetur sit accusamus.', 'hotel', 'comfort', '9.53', '8.04', '8.86', '44945 Huels Falls', '4813583216', 'kulas.rod@example.net');
INSERT INTO `hotel_info` (`id`, `city_id`, `title`, `description`, `hotel_type`, `hotel_class`, `distance_from_city_centre`, `rating`, `location_rating`, `address_line`, `phone_no`, `email`) VALUES ('71', '5', 'Molestiae animi quis a totam dolore.', 'Exercitationem suscipit voluptas blanditiis tempore. Repudiandae ea natus vel assumenda.', 'hostel', 'comfort', '5.09', '7.69', '1.27', '052 Gottlieb Parkways Suite 145', '17', 'michale.ondricka@example.net');
INSERT INTO `hotel_info` (`id`, `city_id`, `title`, `description`, `hotel_type`, `hotel_class`, `distance_from_city_centre`, `rating`, `location_rating`, `address_line`, `phone_no`, `email`) VALUES ('72', '3', 'Voluptate architecto libero placeat aut debitis.', 'Sed iure maxime consequuntur suscipit. Consequatur eos sunt dolor aut. Nisi maiores est sit sapiente.', 'guest house', 'econom', '5.25', '9.33', '4.75', '00866 Bernhard Manors Suite 673', '224349', 'ycole@example.org');
INSERT INTO `hotel_info` (`id`, `city_id`, `title`, `description`, `hotel_type`, `hotel_class`, `distance_from_city_centre`, `rating`, `location_rating`, `address_line`, `phone_no`, `email`) VALUES ('75', '10', 'Cum ut consequatur aspernatur accusamus officiis quia.', 'Repellendus earum iusto et aut excepturi sit. Qui dicta architecto ut dignissimos corporis consequatur vel fugiat. Est culpa id et quibusdam nam eius id. A quae dolorem veritatis ut voluptatum perspiciatis repudiandae.', 'guest house', 'premium', '2.45', '3.85', '8.71', '337 Gusikowski Extension Suite 866', '584', 'prosacco.simeon@example.org');
INSERT INTO `hotel_info` (`id`, `city_id`, `title`, `description`, `hotel_type`, `hotel_class`, `distance_from_city_centre`, `rating`, `location_rating`, `address_line`, `phone_no`, `email`) VALUES ('77', '10', 'Alias distinctio commodi esse aperiam omnis cumque deserunt omnis.', 'Illo odio officiis delectus ut doloribus alias est. Et esse incidunt voluptas magni. Dolorem iusto ut aut sed. Nisi vitae fugit eius iure.', 'hostel', 'premium', '1.52', '4.53', '5.7', '373 Marianna Plains', '9549725695', 'yasmin75@example.net');
INSERT INTO `hotel_info` (`id`, `city_id`, `title`, `description`, `hotel_type`, `hotel_class`, `distance_from_city_centre`, `rating`, `location_rating`, `address_line`, `phone_no`, `email`) VALUES ('80', '10', 'Beatae impedit repellat sed itaque dolorum commodi.', 'Sunt et rerum molestiae amet at optio. Ducimus eveniet possimus mollitia laboriosam aperiam accusamus.', 'hotel', 'econom', '2.38', '7.6', '9.45', '5756 Cummerata Inlet Suite 067', '867', 'ukovacek@example.com');
INSERT INTO `hotel_info` (`id`, `city_id`, `title`, `description`, `hotel_type`, `hotel_class`, `distance_from_city_centre`, `rating`, `location_rating`, `address_line`, `phone_no`, `email`) VALUES ('81', '7', 'Cum labore dicta sed nihil et dolorum.', 'Sed officiis dolores libero exercitationem modi neque. Nisi ullam assumenda iste impedit voluptatem. Occaecati qui quaerat harum minus suscipit voluptatum in. Provident delectus ea eos natus.', 'guest house', 'comfort', '5.88', '2.12', '0.56', '669 Olga Hills Apt. 812', '7224971258', 'deckow.craig@example.org');
INSERT INTO `hotel_info` (`id`, `city_id`, `title`, `description`, `hotel_type`, `hotel_class`, `distance_from_city_centre`, `rating`, `location_rating`, `address_line`, `phone_no`, `email`) VALUES ('82', '5', 'Iusto dolores commodi error labore minus.', 'Impedit facilis nulla recusandae praesentium voluptatibus facere. Officiis quia et ad unde. Ea magni eius omnis a et est.', 'hostel', 'econom', '4.59', '0.67', '5.64', '098 Vernie Circles Suite 409', '479432', 'jaqueline.ortiz@example.net');
INSERT INTO `hotel_info` (`id`, `city_id`, `title`, `description`, `hotel_type`, `hotel_class`, `distance_from_city_centre`, `rating`, `location_rating`, `address_line`, `phone_no`, `email`) VALUES ('83', '8', 'Alias non eius quae blanditiis facere magni.', 'Et suscipit voluptas provident quasi. Natus sunt consequatur explicabo.', 'guest house', 'econom', '4.37', '8.2', '0.26', '28578 Verdie Orchard Apt. 022', '347237', 'myrtis.tillman@example.org');
INSERT INTO `hotel_info` (`id`, `city_id`, `title`, `description`, `hotel_type`, `hotel_class`, `distance_from_city_centre`, `rating`, `location_rating`, `address_line`, `phone_no`, `email`) VALUES ('84', '9', 'Ut veritatis assumenda unde voluptatem omnis sit.', 'Eveniet temporibus esse ea aut aliquid modi ducimus. Eligendi omnis expedita quis quaerat architecto perferendis tenetur. Animi illum doloribus officiis enim est a rerum. Est veniam enim itaque aliquid.', 'guest house', 'comfort', '6.26', '0.27', '6', '167 Vilma Cape Suite 735', '425', 'agutmann@example.com');
INSERT INTO `hotel_info` (`id`, `city_id`, `title`, `description`, `hotel_type`, `hotel_class`, `distance_from_city_centre`, `rating`, `location_rating`, `address_line`, `phone_no`, `email`) VALUES ('85', '3', 'Atque tenetur voluptas voluptas sequi labore.', 'Expedita nihil nam dolorem unde ut. Eveniet reiciendis enim facere dolorem sint repellat omnis.', 'guest house', 'premium', '1.93', '4.93', '4.91', '7434 Cali Row Apt. 003', '103', 'eino.johnson@example.net');
INSERT INTO `hotel_info` (`id`, `city_id`, `title`, `description`, `hotel_type`, `hotel_class`, `distance_from_city_centre`, `rating`, `location_rating`, `address_line`, `phone_no`, `email`) VALUES ('86', '2', 'Aut possimus consectetur qui qui.', 'Perspiciatis enim mollitia et possimus quod quas. Est vitae saepe sunt rem dolorem. Aspernatur eius iusto nulla facilis et nesciunt. Minus temporibus omnis dicta earum atque.', 'hotel', 'premium', '2.8', '9.07', '9.94', '75036 Consuelo Lights', '9546194296', 'westley29@example.com');
INSERT INTO `hotel_info` (`id`, `city_id`, `title`, `description`, `hotel_type`, `hotel_class`, `distance_from_city_centre`, `rating`, `location_rating`, `address_line`, `phone_no`, `email`) VALUES ('88', '10', 'Et corporis praesentium reiciendis reprehenderit temporibus temporibus.', 'Tempora dolorem natus expedita vel provident natus nihil. Iusto similique enim labore tempora sequi vel odio. Ut modi deserunt ad sint. Ducimus eum et inventore eos.', 'guest house', 'econom', '9.5', '9.41', '9.35', '3663 Kulas Trace Apt. 067', '899559', 'mike.marks@example.com');
INSERT INTO `hotel_info` (`id`, `city_id`, `title`, `description`, `hotel_type`, `hotel_class`, `distance_from_city_centre`, `rating`, `location_rating`, `address_line`, `phone_no`, `email`) VALUES ('89', '2', 'Cum praesentium quas et natus vitae saepe natus.', 'Perspiciatis consequatur perspiciatis odio consequatur. Aut quod pariatur tempora id in voluptatem. Voluptas officia aut voluptatum nobis asperiores voluptate.', 'hostel', 'premium', '3.16', '2.8', '9.2', '4998 Luther Cliffs', '56', 'ugleason@example.org');
INSERT INTO `hotel_info` (`id`, `city_id`, `title`, `description`, `hotel_type`, `hotel_class`, `distance_from_city_centre`, `rating`, `location_rating`, `address_line`, `phone_no`, `email`) VALUES ('92', '2', 'Consequatur qui repudiandae ut odio hic et dignissimos dignissimos.', 'Voluptas quisquam velit nesciunt facilis explicabo explicabo aut fugiat. Ullam eveniet dolorum dolorem quia. Vitae est doloremque facere natus excepturi animi. Corrupti quo aut eligendi nobis eos blanditiis enim.', 'guest house', 'econom', '8.84', '7.76', '2.7', '22933 Ortiz Ways', '524', 'vandervort.giovanna@example.net');
INSERT INTO `hotel_info` (`id`, `city_id`, `title`, `description`, `hotel_type`, `hotel_class`, `distance_from_city_centre`, `rating`, `location_rating`, `address_line`, `phone_no`, `email`) VALUES ('95', '9', 'Sit id aut cupiditate quae.', 'Adipisci asperiores sed recusandae. Sint placeat veritatis magni numquam. Omnis numquam doloremque quis ratione.', 'guest house', 'comfort', '4.2', '3.95', '1.45', '07173 Elisha Manors Apt. 464', '500294', 'qblanda@example.com');
INSERT INTO `hotel_info` (`id`, `city_id`, `title`, `description`, `hotel_type`, `hotel_class`, `distance_from_city_centre`, `rating`, `location_rating`, `address_line`, `phone_no`, `email`) VALUES ('98', '7', 'Velit non quaerat est ad consequatur.', 'Suscipit in facere necessitatibus sunt minus dolor iste. Dolorem natus dolorem tenetur autem nam. Commodi atque tempora vel iure quia tempore dolores. Sunt nesciunt sunt voluptas debitis.', 'guest house', 'comfort', '6.13', '5.28', '7.82', '721 Pfannerstill Parks', '303209239', 'scrooks@example.com');
INSERT INTO `hotel_info` (`id`, `city_id`, `title`, `description`, `hotel_type`, `hotel_class`, `distance_from_city_centre`, `rating`, `location_rating`, `address_line`, `phone_no`, `email`) VALUES ('99', '2', 'Est ut voluptas est nihil.', 'Officia beatae distinctio rerum est. Non rerum suscipit laudantium illo voluptates cupiditate harum. Asperiores perspiciatis libero esse distinctio.', 'guest house', 'premium', '0.23', '3.52', '0.06', '80896 Yundt Cliffs', '333048', 'o\'reilly.jeramie@example.com');


#
# TABLE STRUCTURE FOR: hotel_pictures
#

DROP TABLE IF EXISTS `hotel_pictures`;

CREATE TABLE `hotel_pictures` (
  `id` bigint(20) unsigned NOT NULL AUTO_INCREMENT,
  `hotel_id` bigint(20) unsigned NOT NULL,
  `room_id` bigint(20) unsigned DEFAULT NULL,
  `image_url` varchar(255) COLLATE utf8mb4_unicode_ci DEFAULT NULL,
  UNIQUE KEY `id` (`id`),
  KEY `picture_ndx` (`id`,`hotel_id`,`room_id`),
  KEY `hotel_id` (`hotel_id`),
  KEY `room_id` (`room_id`),
  CONSTRAINT `hotel_pictures_ibfk_1` FOREIGN KEY (`hotel_id`) REFERENCES `hotel_info` (`id`),
  CONSTRAINT `hotel_pictures_ibfk_2` FOREIGN KEY (`room_id`) REFERENCES `room_info` (`id`)
) ENGINE=InnoDB AUTO_INCREMENT=201 DEFAULT CHARSET=utf8mb4 COLLATE=utf8mb4_unicode_ci;

INSERT INTO `hotel_pictures` (`id`, `hotel_id`, `room_id`, `image_url`) VALUES ('1', '53', '15', '200/f1d73b32a6e51bc1c57f38e8a6a73ddb.jpg');
INSERT INTO `hotel_pictures` (`id`, `hotel_id`, `room_id`, `image_url`) VALUES ('2', '61', '407', '200/d99703892563fb75c20e2344af931856.jpg');
INSERT INTO `hotel_pictures` (`id`, `hotel_id`, `room_id`, `image_url`) VALUES ('3', '59', '460', '200/15575adb03281387eb1dcc213059508c.jpg');
INSERT INTO `hotel_pictures` (`id`, `hotel_id`, `room_id`, `image_url`) VALUES ('4', '57', '490', '200/1021d1f46b7b623910f3d59a16ba15bb.jpg');
INSERT INTO `hotel_pictures` (`id`, `hotel_id`, `room_id`, `image_url`) VALUES ('5', '68', '55', '200/cbc77b0aa860304981be05ea8fb17054.jpg');
INSERT INTO `hotel_pictures` (`id`, `hotel_id`, `room_id`, `image_url`) VALUES ('6', '77', '295', '200/d2c4cdef178584386f5ba751657ce561.jpg');
INSERT INTO `hotel_pictures` (`id`, `hotel_id`, `room_id`, `image_url`) VALUES ('7', '58', '238', '200/ed351324af3b206aaa2fc4928c6401a3.jpg');
INSERT INTO `hotel_pictures` (`id`, `hotel_id`, `room_id`, `image_url`) VALUES ('8', '95', '411', '200/80ba93b0f827a6633672f2d2f8db3874.jpg');
INSERT INTO `hotel_pictures` (`id`, `hotel_id`, `room_id`, `image_url`) VALUES ('9', '75', '458', '200/9b8f0b6bf73e63df47b11bb50608b3a1.jpg');
INSERT INTO `hotel_pictures` (`id`, `hotel_id`, `room_id`, `image_url`) VALUES ('10', '69', '127', '200/7e20133e8bed30af2717bb00f5df0fff.jpg');
INSERT INTO `hotel_pictures` (`id`, `hotel_id`, `room_id`, `image_url`) VALUES ('11', '98', '67', '200/9b9cec4bb4ac84f39fdb1727abadf48c.jpg');
INSERT INTO `hotel_pictures` (`id`, `hotel_id`, `room_id`, `image_url`) VALUES ('12', '69', '261', '200/93a35d6a03bd2d0d1be7c222824673d1.jpg');
INSERT INTO `hotel_pictures` (`id`, `hotel_id`, `room_id`, `image_url`) VALUES ('13', '77', '470', '200/ee274b275e4f79a5340a26dc38508a95.jpg');
INSERT INTO `hotel_pictures` (`id`, `hotel_id`, `room_id`, `image_url`) VALUES ('14', '56', '107', '200/ce7cfe5eaccba20f347512af6e19ecf8.jpg');
INSERT INTO `hotel_pictures` (`id`, `hotel_id`, `room_id`, `image_url`) VALUES ('15', '86', '68', '200/40adfa2d6b3b59d15938f026ab46a389.jpg');
INSERT INTO `hotel_pictures` (`id`, `hotel_id`, `room_id`, `image_url`) VALUES ('16', '98', '434', '200/987b245fead8610a66431ed893fea790.jpg');
INSERT INTO `hotel_pictures` (`id`, `hotel_id`, `room_id`, `image_url`) VALUES ('17', '56', '128', '200/4e0bd7b1f4e3ffd765472430ad98d661.jpg');
INSERT INTO `hotel_pictures` (`id`, `hotel_id`, `room_id`, `image_url`) VALUES ('18', '82', '212', '200/2583f426ad49ef34e1756a2c5c0bfcb8.jpg');
INSERT INTO `hotel_pictures` (`id`, `hotel_id`, `room_id`, `image_url`) VALUES ('19', '56', '439', '200/bdc8e90c895babaf08273acd30ad3049.jpg');
INSERT INTO `hotel_pictures` (`id`, `hotel_id`, `room_id`, `image_url`) VALUES ('20', '68', '287', '200/bff79673e64425a3a704eab15cff0efa.jpg');
INSERT INTO `hotel_pictures` (`id`, `hotel_id`, `room_id`, `image_url`) VALUES ('21', '99', '499', '200/382376a1fec01a411846dc99fab740f7.jpg');
INSERT INTO `hotel_pictures` (`id`, `hotel_id`, `room_id`, `image_url`) VALUES ('22', '56', '106', '200/1e53a52427bfefd5bbdd0eb4df93d4c5.jpg');
INSERT INTO `hotel_pictures` (`id`, `hotel_id`, `room_id`, `image_url`) VALUES ('23', '70', '42', '200/5b3544e00a2a29a6351f328f4711ffb7.jpg');
INSERT INTO `hotel_pictures` (`id`, `hotel_id`, `room_id`, `image_url`) VALUES ('24', '52', '14', '200/2cddb7113d547ac344bb2e785aae4c22.jpg');
INSERT INTO `hotel_pictures` (`id`, `hotel_id`, `room_id`, `image_url`) VALUES ('25', '99', '234', '200/477dc502b8c1e3ccf2ccd20dd7073f57.jpg');
INSERT INTO `hotel_pictures` (`id`, `hotel_id`, `room_id`, `image_url`) VALUES ('26', '60', '477', '200/75f7d4af443d458f943e19a4c24d9af1.jpg');
INSERT INTO `hotel_pictures` (`id`, `hotel_id`, `room_id`, `image_url`) VALUES ('27', '77', '361', '200/7c3b82a6cc07e7fc202008ee2dee42ea.jpg');
INSERT INTO `hotel_pictures` (`id`, `hotel_id`, `room_id`, `image_url`) VALUES ('28', '70', '101', '200/19f9de5582bce9ae15828392d440fa31.jpg');
INSERT INTO `hotel_pictures` (`id`, `hotel_id`, `room_id`, `image_url`) VALUES ('29', '81', '315', '200/0c76aefdb9d5dd2723f392adc1798d51.jpg');
INSERT INTO `hotel_pictures` (`id`, `hotel_id`, `room_id`, `image_url`) VALUES ('30', '68', '232', '200/2da2fe5e905e8360a268b3ec6c9ceaae.jpg');
INSERT INTO `hotel_pictures` (`id`, `hotel_id`, `room_id`, `image_url`) VALUES ('31', '85', '178', '200/8a23b39e9005e3fc72be2bcc64e90470.jpg');
INSERT INTO `hotel_pictures` (`id`, `hotel_id`, `room_id`, `image_url`) VALUES ('32', '61', '463', '200/37321197e775d753ff9c863325c63c8a.jpg');
INSERT INTO `hotel_pictures` (`id`, `hotel_id`, `room_id`, `image_url`) VALUES ('33', '80', '5', '200/fe6e01158da5e001b2a4c7a5c1fae09e.jpg');
INSERT INTO `hotel_pictures` (`id`, `hotel_id`, `room_id`, `image_url`) VALUES ('34', '65', '393', '200/5eed70de0f6e88a41e337ac0745747e0.jpg');
INSERT INTO `hotel_pictures` (`id`, `hotel_id`, `room_id`, `image_url`) VALUES ('35', '92', '377', '200/19d4772ad817c9547c6f6c86d49f7a28.jpg');
INSERT INTO `hotel_pictures` (`id`, `hotel_id`, `room_id`, `image_url`) VALUES ('36', '65', '436', '200/44c7e98f556828f045305e3e7bcfe202.jpg');
INSERT INTO `hotel_pictures` (`id`, `hotel_id`, `room_id`, `image_url`) VALUES ('37', '84', '260', '200/d50bab8eb062c87ba6784b1d2ee25d27.jpg');
INSERT INTO `hotel_pictures` (`id`, `hotel_id`, `room_id`, `image_url`) VALUES ('38', '53', '111', '200/f42082bfca4f71381b52c7ebe1b552a6.jpg');
INSERT INTO `hotel_pictures` (`id`, `hotel_id`, `room_id`, `image_url`) VALUES ('39', '77', '57', '200/debe37fc738bf9f11eb06a0b50ec412c.jpg');
INSERT INTO `hotel_pictures` (`id`, `hotel_id`, `room_id`, `image_url`) VALUES ('40', '59', '301', '200/3cf21767e2df16db2891df79d8a58685.jpg');
INSERT INTO `hotel_pictures` (`id`, `hotel_id`, `room_id`, `image_url`) VALUES ('41', '77', '264', '200/a556022036e5ff15cd365baae875c1c8.jpg');
INSERT INTO `hotel_pictures` (`id`, `hotel_id`, `room_id`, `image_url`) VALUES ('42', '75', '90', '200/e614b6220e4336e189eb80a07d28ecf0.jpg');
INSERT INTO `hotel_pictures` (`id`, `hotel_id`, `room_id`, `image_url`) VALUES ('43', '59', '14', '200/8d3266d63c913283ed0f9a3651e26af3.jpg');
INSERT INTO `hotel_pictures` (`id`, `hotel_id`, `room_id`, `image_url`) VALUES ('44', '66', '455', '200/9cce7af8ef26a40e1423e077f0e99e6f.jpg');
INSERT INTO `hotel_pictures` (`id`, `hotel_id`, `room_id`, `image_url`) VALUES ('45', '81', '397', '200/a90712a343cc2b69eeff09b090aa762f.jpg');
INSERT INTO `hotel_pictures` (`id`, `hotel_id`, `room_id`, `image_url`) VALUES ('46', '66', '209', '200/b9413316c79af48c8d565488577b2fbc.jpg');
INSERT INTO `hotel_pictures` (`id`, `hotel_id`, `room_id`, `image_url`) VALUES ('47', '55', '351', '200/5cffaad0a37713eccf15428a1d7a6645.jpg');
INSERT INTO `hotel_pictures` (`id`, `hotel_id`, `room_id`, `image_url`) VALUES ('48', '65', '379', '200/6afc32f90d20b7352457d985f76d3177.jpg');
INSERT INTO `hotel_pictures` (`id`, `hotel_id`, `room_id`, `image_url`) VALUES ('49', '83', '347', '200/b285ac76f2a0c043e19a32eb9d653269.jpg');
INSERT INTO `hotel_pictures` (`id`, `hotel_id`, `room_id`, `image_url`) VALUES ('50', '72', '297', '200/94edf3d4bf426502bff21dfc6d25e588.jpg');
INSERT INTO `hotel_pictures` (`id`, `hotel_id`, `room_id`, `image_url`) VALUES ('51', '69', '451', '200/7789ca12f991520db30474be25f16065.jpg');
INSERT INTO `hotel_pictures` (`id`, `hotel_id`, `room_id`, `image_url`) VALUES ('52', '70', '99', '200/5db21d5e5069a1bd7fc44d62e01ca9de.jpg');
INSERT INTO `hotel_pictures` (`id`, `hotel_id`, `room_id`, `image_url`) VALUES ('53', '68', '273', '200/71be2bf0ba5a2d37eac2aba8055ac93a.jpg');
INSERT INTO `hotel_pictures` (`id`, `hotel_id`, `room_id`, `image_url`) VALUES ('54', '68', '12', '200/74542b9967085927cd9b3fd700d9351b.jpg');
INSERT INTO `hotel_pictures` (`id`, `hotel_id`, `room_id`, `image_url`) VALUES ('55', '81', '333', '200/31fbf3e3799aa3fdb6c72cdf304d8b51.jpg');
INSERT INTO `hotel_pictures` (`id`, `hotel_id`, `room_id`, `image_url`) VALUES ('56', '80', '119', '200/e7ca39f313d84746bad1d9c5ea479e1d.jpg');
INSERT INTO `hotel_pictures` (`id`, `hotel_id`, `room_id`, `image_url`) VALUES ('57', '57', '90', '200/92720d4baca4533941ab24e963dfc757.jpg');
INSERT INTO `hotel_pictures` (`id`, `hotel_id`, `room_id`, `image_url`) VALUES ('58', '68', '222', '200/8882e64ea8a90ee2f23e1f4b93ba194d.jpg');
INSERT INTO `hotel_pictures` (`id`, `hotel_id`, `room_id`, `image_url`) VALUES ('59', '57', '398', '200/2c7ae485df1c604cc54f941976df2e10.jpg');
INSERT INTO `hotel_pictures` (`id`, `hotel_id`, `room_id`, `image_url`) VALUES ('60', '65', '432', '200/0d4593711f397d36392e5402bc1b0735.jpg');
INSERT INTO `hotel_pictures` (`id`, `hotel_id`, `room_id`, `image_url`) VALUES ('61', '77', '363', '200/a2b76064336e1f5c24017078dac6dd3b.jpg');
INSERT INTO `hotel_pictures` (`id`, `hotel_id`, `room_id`, `image_url`) VALUES ('62', '60', '368', '200/983880dbc473b6dc8abb8f6f7c27420d.jpg');
INSERT INTO `hotel_pictures` (`id`, `hotel_id`, `room_id`, `image_url`) VALUES ('63', '69', '312', '200/22f4128b4615775ecb6fb4b2629238d2.jpg');
INSERT INTO `hotel_pictures` (`id`, `hotel_id`, `room_id`, `image_url`) VALUES ('64', '71', '68', '200/7237c41dfa4f610dc699a18deb945e86.jpg');
INSERT INTO `hotel_pictures` (`id`, `hotel_id`, `room_id`, `image_url`) VALUES ('65', '61', '18', '200/e31f0f12e89d8ec7347cb62a720d891e.jpg');
INSERT INTO `hotel_pictures` (`id`, `hotel_id`, `room_id`, `image_url`) VALUES ('66', '84', '382', '200/29a604d2c02df993bc3437714ec3d831.jpg');
INSERT INTO `hotel_pictures` (`id`, `hotel_id`, `room_id`, `image_url`) VALUES ('67', '95', '97', '200/116f247b3f5ba729a611ec0b64bd3716.jpg');
INSERT INTO `hotel_pictures` (`id`, `hotel_id`, `room_id`, `image_url`) VALUES ('68', '98', '178', '200/f0943378bdc1611cda9089385f2fe652.jpg');
INSERT INTO `hotel_pictures` (`id`, `hotel_id`, `room_id`, `image_url`) VALUES ('69', '84', '189', '200/b11e8ab7789337f6e87462f6d0dac446.jpg');
INSERT INTO `hotel_pictures` (`id`, `hotel_id`, `room_id`, `image_url`) VALUES ('70', '66', '199', '200/eb980775447ebb0d4b4083f0a6c6a2f5.jpg');
INSERT INTO `hotel_pictures` (`id`, `hotel_id`, `room_id`, `image_url`) VALUES ('71', '52', '3', '200/347108df452b7bbaf4ef881f99aa07a1.jpg');
INSERT INTO `hotel_pictures` (`id`, `hotel_id`, `room_id`, `image_url`) VALUES ('72', '80', '118', '200/bf5f82d7870322ef7038dabd11fa1321.jpg');
INSERT INTO `hotel_pictures` (`id`, `hotel_id`, `room_id`, `image_url`) VALUES ('73', '57', '26', '200/ba1fa6cb473f942a4ea50790403fd94a.jpg');
INSERT INTO `hotel_pictures` (`id`, `hotel_id`, `room_id`, `image_url`) VALUES ('74', '82', '196', '200/92924e8ecde2c027e28b6ed3cd1fd4e9.jpg');
INSERT INTO `hotel_pictures` (`id`, `hotel_id`, `room_id`, `image_url`) VALUES ('75', '88', '16', '200/7f1ea2a804185827dd27fcf87c945ba2.jpg');
INSERT INTO `hotel_pictures` (`id`, `hotel_id`, `room_id`, `image_url`) VALUES ('76', '59', '218', '200/788b3a25c5bc961d9f4bf2a269165202.jpg');
INSERT INTO `hotel_pictures` (`id`, `hotel_id`, `room_id`, `image_url`) VALUES ('77', '84', '267', '200/95da32fd23b70b5d5b2d3330d5fdf33f.jpg');
INSERT INTO `hotel_pictures` (`id`, `hotel_id`, `room_id`, `image_url`) VALUES ('78', '56', '90', '200/1da5b577eac9e1f87f0ace3b7d1b3dd2.jpg');
INSERT INTO `hotel_pictures` (`id`, `hotel_id`, `room_id`, `image_url`) VALUES ('79', '56', '331', '200/7de37bbfe2b0e2a2cf926bd1de543d81.jpg');
INSERT INTO `hotel_pictures` (`id`, `hotel_id`, `room_id`, `image_url`) VALUES ('80', '61', '238', '200/de5b259378b80554dda388b2510cc170.jpg');
INSERT INTO `hotel_pictures` (`id`, `hotel_id`, `room_id`, `image_url`) VALUES ('81', '82', '21', '200/b70a8cb94a8dd3ab6f11e93058167392.jpg');
INSERT INTO `hotel_pictures` (`id`, `hotel_id`, `room_id`, `image_url`) VALUES ('82', '58', '315', '200/d60d0ef2d54561b4105135a71e2ebcd5.jpg');
INSERT INTO `hotel_pictures` (`id`, `hotel_id`, `room_id`, `image_url`) VALUES ('83', '58', '99', '200/0ff88df724084dea99d04dfd641e1e2c.jpg');
INSERT INTO `hotel_pictures` (`id`, `hotel_id`, `room_id`, `image_url`) VALUES ('84', '99', '487', '200/eee1778fc1b7943484fabc1a56d604ef.jpg');
INSERT INTO `hotel_pictures` (`id`, `hotel_id`, `room_id`, `image_url`) VALUES ('85', '75', '183', '200/43d9ca9d0fae2cbb8232c9b512fb01c6.jpg');
INSERT INTO `hotel_pictures` (`id`, `hotel_id`, `room_id`, `image_url`) VALUES ('86', '66', '309', '200/5ce9281f92f4dceecca1008fd9baf0e3.jpg');
INSERT INTO `hotel_pictures` (`id`, `hotel_id`, `room_id`, `image_url`) VALUES ('87', '66', '2', '200/0bafb79ff72654698a76330a75d533aa.jpg');
INSERT INTO `hotel_pictures` (`id`, `hotel_id`, `room_id`, `image_url`) VALUES ('88', '89', '278', '200/19b1b2b8790c7f8f4432cd307ace167e.jpg');
INSERT INTO `hotel_pictures` (`id`, `hotel_id`, `room_id`, `image_url`) VALUES ('89', '52', '266', '200/6361dea7c59ac3d65b9f0fc55d805398.jpg');
INSERT INTO `hotel_pictures` (`id`, `hotel_id`, `room_id`, `image_url`) VALUES ('90', '98', '450', '200/1037bf95a1945273d682d4c31eda8c41.jpg');
INSERT INTO `hotel_pictures` (`id`, `hotel_id`, `room_id`, `image_url`) VALUES ('91', '75', '101', '200/596825a4253e586bcb8c7a88689351ea.jpg');
INSERT INTO `hotel_pictures` (`id`, `hotel_id`, `room_id`, `image_url`) VALUES ('92', '65', '158', '200/68312ad54ce3694876ead39e114cae01.jpg');
INSERT INTO `hotel_pictures` (`id`, `hotel_id`, `room_id`, `image_url`) VALUES ('93', '84', '252', '200/8d344022b5a6fbafb007d878d83f173a.jpg');
INSERT INTO `hotel_pictures` (`id`, `hotel_id`, `room_id`, `image_url`) VALUES ('94', '71', '446', '200/d1c235205479ab2069e1e963ff8d21e4.jpg');
INSERT INTO `hotel_pictures` (`id`, `hotel_id`, `room_id`, `image_url`) VALUES ('95', '56', '405', '200/bc0acb38d3e2e38a9d7fd4d4c4fbc660.jpg');
INSERT INTO `hotel_pictures` (`id`, `hotel_id`, `room_id`, `image_url`) VALUES ('96', '66', '429', '200/cea4f897369221cad0fda0924c403e1a.jpg');
INSERT INTO `hotel_pictures` (`id`, `hotel_id`, `room_id`, `image_url`) VALUES ('97', '89', '303', '200/3d27e2092ecf04657e6b665d9ccec7a7.jpg');
INSERT INTO `hotel_pictures` (`id`, `hotel_id`, `room_id`, `image_url`) VALUES ('98', '71', '43', '200/44a5651687d50c359278917113c37e4c.jpg');
INSERT INTO `hotel_pictures` (`id`, `hotel_id`, `room_id`, `image_url`) VALUES ('99', '86', '237', '200/2acf1a9f783e364b0e6612e807b9f23a.jpg');
INSERT INTO `hotel_pictures` (`id`, `hotel_id`, `room_id`, `image_url`) VALUES ('100', '52', '189', '200/d37ca3cb4a6d7958f8e2dca1cc89a88b.jpg');
INSERT INTO `hotel_pictures` (`id`, `hotel_id`, `room_id`, `image_url`) VALUES ('101', '88', '214', '200/391b9c1609b78e2de76150de4168bd80.jpg');
INSERT INTO `hotel_pictures` (`id`, `hotel_id`, `room_id`, `image_url`) VALUES ('102', '99', '105', '200/99c5eeccbac9105fc19a654297c75f9c.jpg');
INSERT INTO `hotel_pictures` (`id`, `hotel_id`, `room_id`, `image_url`) VALUES ('103', '69', '424', '200/c9daffd0b2ba338faf9dc618d49a4e0e.jpg');
INSERT INTO `hotel_pictures` (`id`, `hotel_id`, `room_id`, `image_url`) VALUES ('104', '85', '242', '200/727ac1d9ebd953e9bc6f7b8ba81bce6b.jpg');
INSERT INTO `hotel_pictures` (`id`, `hotel_id`, `room_id`, `image_url`) VALUES ('105', '66', '356', '200/8632ba5f026ffa318be1ba2050a98531.jpg');
INSERT INTO `hotel_pictures` (`id`, `hotel_id`, `room_id`, `image_url`) VALUES ('106', '66', '470', '200/6cb6cf866dbe2d4f7aa25b0341279810.jpg');
INSERT INTO `hotel_pictures` (`id`, `hotel_id`, `room_id`, `image_url`) VALUES ('107', '95', '358', '200/d253e9550c410ae6ca7daad951448111.jpg');
INSERT INTO `hotel_pictures` (`id`, `hotel_id`, `room_id`, `image_url`) VALUES ('108', '59', '324', '200/bedede9c6a84a10165d12a1736bc2014.jpg');
INSERT INTO `hotel_pictures` (`id`, `hotel_id`, `room_id`, `image_url`) VALUES ('109', '58', '376', '200/aca54b34382cdfbac629d2d173b72052.jpg');
INSERT INTO `hotel_pictures` (`id`, `hotel_id`, `room_id`, `image_url`) VALUES ('110', '72', '191', '200/0eabfc40f6eb96986ba2e2d562d6e1a6.jpg');
INSERT INTO `hotel_pictures` (`id`, `hotel_id`, `room_id`, `image_url`) VALUES ('111', '75', '453', '200/4e63bc8b9cc913e167d046d0521baf89.jpg');
INSERT INTO `hotel_pictures` (`id`, `hotel_id`, `room_id`, `image_url`) VALUES ('112', '58', '206', '200/91767ca4205795df91e877266add523d.jpg');
INSERT INTO `hotel_pictures` (`id`, `hotel_id`, `room_id`, `image_url`) VALUES ('113', '71', '363', '200/7402303751538ff602ad4caa2570c4a3.jpg');
INSERT INTO `hotel_pictures` (`id`, `hotel_id`, `room_id`, `image_url`) VALUES ('114', '71', '156', '200/30c9797cec8e3d046f089a7e6fd3c05d.jpg');
INSERT INTO `hotel_pictures` (`id`, `hotel_id`, `room_id`, `image_url`) VALUES ('115', '57', '277', '200/17b11fc02381cd75ab48369b395dba50.jpg');
INSERT INTO `hotel_pictures` (`id`, `hotel_id`, `room_id`, `image_url`) VALUES ('116', '82', '19', '200/acff2c25e7ebb50659bde43735bdc975.jpg');
INSERT INTO `hotel_pictures` (`id`, `hotel_id`, `room_id`, `image_url`) VALUES ('117', '99', '341', '200/42eafc8526034c2d4f6d244ff7d3fae2.jpg');
INSERT INTO `hotel_pictures` (`id`, `hotel_id`, `room_id`, `image_url`) VALUES ('118', '59', '204', '200/85d053577675fb0e4b1a5a3b4db78a61.jpg');
INSERT INTO `hotel_pictures` (`id`, `hotel_id`, `room_id`, `image_url`) VALUES ('119', '72', '6', '200/13ae81c64aa5ebb115351a7d9fd16d12.jpg');
INSERT INTO `hotel_pictures` (`id`, `hotel_id`, `room_id`, `image_url`) VALUES ('120', '92', '454', '200/d78cdb527ed4f26c5cefc28b62eb537d.jpg');
INSERT INTO `hotel_pictures` (`id`, `hotel_id`, `room_id`, `image_url`) VALUES ('121', '83', '137', '200/1001820654477a1a941e928ec33b0e67.jpg');
INSERT INTO `hotel_pictures` (`id`, `hotel_id`, `room_id`, `image_url`) VALUES ('122', '88', '318', '200/40fc5afcea340aea05bd6a8c046fbfc6.jpg');
INSERT INTO `hotel_pictures` (`id`, `hotel_id`, `room_id`, `image_url`) VALUES ('123', '99', '51', '200/95cbc67278c9512d8ed3f9d06380a2e1.jpg');
INSERT INTO `hotel_pictures` (`id`, `hotel_id`, `room_id`, `image_url`) VALUES ('124', '60', '103', '200/d56a6dd0167c6cccd30a666c872eaf03.jpg');
INSERT INTO `hotel_pictures` (`id`, `hotel_id`, `room_id`, `image_url`) VALUES ('125', '89', '411', '200/6c2ddbfd19010ac83b3ed9da1fdb5953.jpg');
INSERT INTO `hotel_pictures` (`id`, `hotel_id`, `room_id`, `image_url`) VALUES ('126', '77', '207', '200/2e29ee114f96502ff8b82d43721855bc.jpg');
INSERT INTO `hotel_pictures` (`id`, `hotel_id`, `room_id`, `image_url`) VALUES ('127', '83', '412', '200/40b07d46e0965de45d3991df6f0d2a9f.jpg');
INSERT INTO `hotel_pictures` (`id`, `hotel_id`, `room_id`, `image_url`) VALUES ('128', '88', '117', '200/d35cacf26c29ea1f5e5a674da8250c66.jpg');
INSERT INTO `hotel_pictures` (`id`, `hotel_id`, `room_id`, `image_url`) VALUES ('129', '75', '159', '200/f4971a06732e0dbd426509974250ac01.jpg');
INSERT INTO `hotel_pictures` (`id`, `hotel_id`, `room_id`, `image_url`) VALUES ('130', '72', '374', '200/f26afd0d86b221a55e104be766d44d55.jpg');
INSERT INTO `hotel_pictures` (`id`, `hotel_id`, `room_id`, `image_url`) VALUES ('131', '89', '115', '200/0ab10595b2d6849a4f3fb119a60bb8d3.jpg');
INSERT INTO `hotel_pictures` (`id`, `hotel_id`, `room_id`, `image_url`) VALUES ('132', '85', '425', '200/47d8e91c6236c492dcfc8339bbe64da0.jpg');
INSERT INTO `hotel_pictures` (`id`, `hotel_id`, `room_id`, `image_url`) VALUES ('133', '95', '15', '200/e01a232ad8de3605adcb3022df09dcd5.jpg');
INSERT INTO `hotel_pictures` (`id`, `hotel_id`, `room_id`, `image_url`) VALUES ('134', '59', '220', '200/b655b1e2c8b8751be13c6af46f571c3b.jpg');
INSERT INTO `hotel_pictures` (`id`, `hotel_id`, `room_id`, `image_url`) VALUES ('135', '52', '74', '200/c24f283ef641f3457ea2c5f2681f3b94.jpg');
INSERT INTO `hotel_pictures` (`id`, `hotel_id`, `room_id`, `image_url`) VALUES ('136', '65', '382', '200/89dabf1353ca40d8f7f80a8a2d450bd9.jpg');
INSERT INTO `hotel_pictures` (`id`, `hotel_id`, `room_id`, `image_url`) VALUES ('137', '68', '97', '200/cf8d98addb36b2b9a5710b599b7decd5.jpg');
INSERT INTO `hotel_pictures` (`id`, `hotel_id`, `room_id`, `image_url`) VALUES ('138', '68', '204', '200/5fa4bbb05f12672fcfae65577dadb27e.jpg');
INSERT INTO `hotel_pictures` (`id`, `hotel_id`, `room_id`, `image_url`) VALUES ('139', '60', '341', '200/313f82328191b9b7a295d538828542cc.jpg');
INSERT INTO `hotel_pictures` (`id`, `hotel_id`, `room_id`, `image_url`) VALUES ('140', '80', '75', '200/f6a158ed3ecdb07b6a836d8e1538f391.jpg');
INSERT INTO `hotel_pictures` (`id`, `hotel_id`, `room_id`, `image_url`) VALUES ('141', '71', '100', '200/c9c0b7e1aa413b8cafdd635e0db831ff.jpg');
INSERT INTO `hotel_pictures` (`id`, `hotel_id`, `room_id`, `image_url`) VALUES ('142', '75', '113', '200/93d2b6a5475db0a14e5c4f3ee5676c42.jpg');
INSERT INTO `hotel_pictures` (`id`, `hotel_id`, `room_id`, `image_url`) VALUES ('143', '51', '192', '200/e3d31451b9f4baf572f7faf6db07ea24.jpg');
INSERT INTO `hotel_pictures` (`id`, `hotel_id`, `room_id`, `image_url`) VALUES ('144', '70', '286', '200/06160bb93bb84a8c25605f224713b19e.jpg');
INSERT INTO `hotel_pictures` (`id`, `hotel_id`, `room_id`, `image_url`) VALUES ('145', '83', '1', '200/4ecf06669329c937d7308131fc2da667.jpg');
INSERT INTO `hotel_pictures` (`id`, `hotel_id`, `room_id`, `image_url`) VALUES ('146', '61', '286', '200/ee106e75ceb5d05afda02f4ded664195.jpg');
INSERT INTO `hotel_pictures` (`id`, `hotel_id`, `room_id`, `image_url`) VALUES ('147', '58', '51', '200/cf6db7b384e9d8087fdada79e8b275bb.jpg');
INSERT INTO `hotel_pictures` (`id`, `hotel_id`, `room_id`, `image_url`) VALUES ('148', '68', '71', '200/2c8d4f672f947ab66c7cbbd26571a1b3.jpg');
INSERT INTO `hotel_pictures` (`id`, `hotel_id`, `room_id`, `image_url`) VALUES ('149', '55', '339', '200/b3c7fb624d9d0d4f0a864ff5660c2da4.jpg');
INSERT INTO `hotel_pictures` (`id`, `hotel_id`, `room_id`, `image_url`) VALUES ('150', '77', '86', '200/02b147d47cbe8674d8eed1cdb6e18cf0.jpg');
INSERT INTO `hotel_pictures` (`id`, `hotel_id`, `room_id`, `image_url`) VALUES ('151', '88', '465', '200/5cf2c991b288574c03a82213502022e4.jpg');
INSERT INTO `hotel_pictures` (`id`, `hotel_id`, `room_id`, `image_url`) VALUES ('152', '95', '122', '200/3b1b2a9656a9514ad311435785cba065.jpg');
INSERT INTO `hotel_pictures` (`id`, `hotel_id`, `room_id`, `image_url`) VALUES ('153', '55', '167', '200/57207d6f4ba91ccc1e7ff3bb0c57acc4.jpg');
INSERT INTO `hotel_pictures` (`id`, `hotel_id`, `room_id`, `image_url`) VALUES ('154', '81', '209', '200/f150706b06739a695b77becddd0a7721.jpg');
INSERT INTO `hotel_pictures` (`id`, `hotel_id`, `room_id`, `image_url`) VALUES ('155', '51', '132', '200/8962b6bf2431f94b46ed69bd0c65255b.jpg');
INSERT INTO `hotel_pictures` (`id`, `hotel_id`, `room_id`, `image_url`) VALUES ('156', '75', '258', '200/62f3baee64e6a64cc854c9a5ed551db0.jpg');
INSERT INTO `hotel_pictures` (`id`, `hotel_id`, `room_id`, `image_url`) VALUES ('157', '70', '63', '200/b6273619bcf3f1cc568ebc04251e10c2.jpg');
INSERT INTO `hotel_pictures` (`id`, `hotel_id`, `room_id`, `image_url`) VALUES ('158', '84', '242', '200/f9bb2d21373b2bb876ffecf6a879d6f9.jpg');
INSERT INTO `hotel_pictures` (`id`, `hotel_id`, `room_id`, `image_url`) VALUES ('159', '71', '100', '200/a6e7890806660242968af99b2a0e3787.jpg');
INSERT INTO `hotel_pictures` (`id`, `hotel_id`, `room_id`, `image_url`) VALUES ('160', '52', '105', '200/7226b8bac0c6a66f728e44a547c5296b.jpg');
INSERT INTO `hotel_pictures` (`id`, `hotel_id`, `room_id`, `image_url`) VALUES ('161', '57', '187', '200/2bdfe63a5a0ebd90172e668d62cd224d.jpg');
INSERT INTO `hotel_pictures` (`id`, `hotel_id`, `room_id`, `image_url`) VALUES ('162', '85', '215', '200/7c039647278b976ae1392eb20b78a4dc.jpg');
INSERT INTO `hotel_pictures` (`id`, `hotel_id`, `room_id`, `image_url`) VALUES ('163', '70', '100', '200/252a4ed5522e0cdb50f2b5e667ba6b84.jpg');
INSERT INTO `hotel_pictures` (`id`, `hotel_id`, `room_id`, `image_url`) VALUES ('164', '75', '303', '200/a7b169a02140cf8cc24bdeb06af3f5cf.jpg');
INSERT INTO `hotel_pictures` (`id`, `hotel_id`, `room_id`, `image_url`) VALUES ('165', '89', '77', '200/a5cb693b8b10b93f4563e7a1d567ca81.jpg');
INSERT INTO `hotel_pictures` (`id`, `hotel_id`, `room_id`, `image_url`) VALUES ('166', '85', '350', '200/a1615df99851c0b1942e409a61fc4540.jpg');
INSERT INTO `hotel_pictures` (`id`, `hotel_id`, `room_id`, `image_url`) VALUES ('167', '53', '356', '200/fe1f51754d95fa8b33756e76a58a559b.jpg');
INSERT INTO `hotel_pictures` (`id`, `hotel_id`, `room_id`, `image_url`) VALUES ('168', '98', '102', '200/d66b63db7e4bad13733145cbb8ba2add.jpg');
INSERT INTO `hotel_pictures` (`id`, `hotel_id`, `room_id`, `image_url`) VALUES ('169', '52', '296', '200/7ef18a46d7a6c9b5adc7d15128ef5694.jpg');
INSERT INTO `hotel_pictures` (`id`, `hotel_id`, `room_id`, `image_url`) VALUES ('170', '80', '30', '200/a67d8feb3f69e128131d2754ccae4487.jpg');
INSERT INTO `hotel_pictures` (`id`, `hotel_id`, `room_id`, `image_url`) VALUES ('171', '89', '94', '200/fd5bec425edeebc60c16b31e44608319.jpg');
INSERT INTO `hotel_pictures` (`id`, `hotel_id`, `room_id`, `image_url`) VALUES ('172', '75', '158', '200/a01d1ce0023b043838f7ad40a0b1a008.jpg');
INSERT INTO `hotel_pictures` (`id`, `hotel_id`, `room_id`, `image_url`) VALUES ('173', '61', '158', '200/e2de1c67fc974d84b049252d76cabe6f.jpg');
INSERT INTO `hotel_pictures` (`id`, `hotel_id`, `room_id`, `image_url`) VALUES ('174', '86', '411', '200/485596af1977b02f16983402dc7e20d1.jpg');
INSERT INTO `hotel_pictures` (`id`, `hotel_id`, `room_id`, `image_url`) VALUES ('175', '71', '428', '200/3d218165040ad1948667ac56eea5cf3d.jpg');
INSERT INTO `hotel_pictures` (`id`, `hotel_id`, `room_id`, `image_url`) VALUES ('176', '51', '356', '200/3c377ecb2fb01a73d020fd24a742ec84.jpg');
INSERT INTO `hotel_pictures` (`id`, `hotel_id`, `room_id`, `image_url`) VALUES ('177', '58', '405', '200/b50533d4103c20af53147935b8af5d16.jpg');
INSERT INTO `hotel_pictures` (`id`, `hotel_id`, `room_id`, `image_url`) VALUES ('178', '55', '351', '200/d59d30132e585200bf42445db0b587e7.jpg');
INSERT INTO `hotel_pictures` (`id`, `hotel_id`, `room_id`, `image_url`) VALUES ('179', '51', '357', '200/d0e2ab5af619fe170467cd3d8a61f8f3.jpg');
INSERT INTO `hotel_pictures` (`id`, `hotel_id`, `room_id`, `image_url`) VALUES ('180', '61', '441', '200/c182ad9c3d0b0a147fe4dc696c1ec6fa.jpg');
INSERT INTO `hotel_pictures` (`id`, `hotel_id`, `room_id`, `image_url`) VALUES ('181', '89', '42', '200/42432259fdfd74a408ba9ffb77b2daa8.jpg');
INSERT INTO `hotel_pictures` (`id`, `hotel_id`, `room_id`, `image_url`) VALUES ('182', '77', '475', '200/e6912e258647ad04a9e94893f321796c.jpg');
INSERT INTO `hotel_pictures` (`id`, `hotel_id`, `room_id`, `image_url`) VALUES ('183', '86', '261', '200/f872059f927e515b4a99c5d1ee78c6cb.jpg');
INSERT INTO `hotel_pictures` (`id`, `hotel_id`, `room_id`, `image_url`) VALUES ('184', '56', '419', '200/de555226a757d2ca04112f62e4cdbc18.jpg');
INSERT INTO `hotel_pictures` (`id`, `hotel_id`, `room_id`, `image_url`) VALUES ('185', '54', '387', '200/06b748768408c81f6770dcbd46e60648.jpg');
INSERT INTO `hotel_pictures` (`id`, `hotel_id`, `room_id`, `image_url`) VALUES ('186', '92', '484', '200/3403e5b14c28d0b27272305086e6ddb1.jpg');
INSERT INTO `hotel_pictures` (`id`, `hotel_id`, `room_id`, `image_url`) VALUES ('187', '98', '235', '200/e4e502b0279ee1043db931fea9a28f58.jpg');
INSERT INTO `hotel_pictures` (`id`, `hotel_id`, `room_id`, `image_url`) VALUES ('188', '60', '137', '200/6c9d99a82b9022ee16c069a607316552.jpg');
INSERT INTO `hotel_pictures` (`id`, `hotel_id`, `room_id`, `image_url`) VALUES ('189', '85', '41', '200/78b79d1e2934c22ceeb8df793f5207e7.jpg');
INSERT INTO `hotel_pictures` (`id`, `hotel_id`, `room_id`, `image_url`) VALUES ('190', '54', '148', '200/3471e9f5b5960c4a6c1086b18ecff650.jpg');
INSERT INTO `hotel_pictures` (`id`, `hotel_id`, `room_id`, `image_url`) VALUES ('191', '95', '62', '200/757146197287dde2932f926d5bb0d2ff.jpg');
INSERT INTO `hotel_pictures` (`id`, `hotel_id`, `room_id`, `image_url`) VALUES ('192', '51', '81', '200/345d52eda4f942e813bfeff2772da57f.jpg');
INSERT INTO `hotel_pictures` (`id`, `hotel_id`, `room_id`, `image_url`) VALUES ('193', '95', '75', '200/3e4e07abb046d8b31aa5bb9a210349fe.jpg');
INSERT INTO `hotel_pictures` (`id`, `hotel_id`, `room_id`, `image_url`) VALUES ('194', '89', '469', '200/6e78856062d7dfc48483d393a4ddb733.jpg');
INSERT INTO `hotel_pictures` (`id`, `hotel_id`, `room_id`, `image_url`) VALUES ('195', '89', '85', '200/f43a5b9a73fc1213f57185bab69bdacb.jpg');
INSERT INTO `hotel_pictures` (`id`, `hotel_id`, `room_id`, `image_url`) VALUES ('196', '88', '365', '200/b5060cd7f8cfdf99df507a0f596e03b4.jpg');
INSERT INTO `hotel_pictures` (`id`, `hotel_id`, `room_id`, `image_url`) VALUES ('197', '59', '201', '200/43333c39c347e6ab09cb053dbe55367e.jpg');
INSERT INTO `hotel_pictures` (`id`, `hotel_id`, `room_id`, `image_url`) VALUES ('198', '82', '23', '200/ac0282a2df81d21232eb7dba86a3dbc8.jpg');
INSERT INTO `hotel_pictures` (`id`, `hotel_id`, `room_id`, `image_url`) VALUES ('199', '95', '416', '200/40bdd75dbe42623d793dff53682740bf.jpg');
INSERT INTO `hotel_pictures` (`id`, `hotel_id`, `room_id`, `image_url`) VALUES ('200', '92', '18', '200/724750b792f4d8c5f6efb8b9a0b5bf57.jpg');


#
# TABLE STRUCTURE FOR: room_info
#

DROP TABLE IF EXISTS `room_info`;

CREATE TABLE `room_info` (
  `id` bigint(20) unsigned NOT NULL AUTO_INCREMENT,
  `hotel_id` bigint(20) unsigned NOT NULL,
  `bed_variation` enum('1 single','2 single','3 single','1 twin') COLLATE utf8mb4_unicode_ci DEFAULT NULL,
  `breakfast_included` tinyint(1) DEFAULT 0,
  `own_kitchen` tinyint(1) DEFAULT 0,
  `free_cancelation` tinyint(1) DEFAULT 0,
  `base_price` float unsigned DEFAULT NULL,
  PRIMARY KEY (`id`),
  KEY `hotel_room_ndx` (`hotel_id`,`id`),
  CONSTRAINT `fk_hotel_id` FOREIGN KEY (`hotel_id`) REFERENCES `hotel_info` (`id`) ON DELETE NO ACTION ON UPDATE CASCADE,
  CONSTRAINT `room_info_ibfk_1` FOREIGN KEY (`hotel_id`) REFERENCES `hotel_info` (`id`)
) ENGINE=InnoDB AUTO_INCREMENT=501 DEFAULT CHARSET=utf8mb4 COLLATE=utf8mb4_unicode_ci;

INSERT INTO `room_info` (`id`, `hotel_id`, `bed_variation`, `breakfast_included`, `own_kitchen`, `free_cancelation`, `base_price`) VALUES ('1', '51', '1 single', 1, 1, 0, '219.02');
INSERT INTO `room_info` (`id`, `hotel_id`, `bed_variation`, `breakfast_included`, `own_kitchen`, `free_cancelation`, `base_price`) VALUES ('2', '51', '2 single', 1, 1, 0, '801.15');
INSERT INTO `room_info` (`id`, `hotel_id`, `bed_variation`, `breakfast_included`, `own_kitchen`, `free_cancelation`, `base_price`) VALUES ('3', '99', '2 single', 1, 0, 0, '700.88');
INSERT INTO `room_info` (`id`, `hotel_id`, `bed_variation`, `breakfast_included`, `own_kitchen`, `free_cancelation`, `base_price`) VALUES ('4', '71', '1 single', 1, 1, 0, '149.99');
INSERT INTO `room_info` (`id`, `hotel_id`, `bed_variation`, `breakfast_included`, `own_kitchen`, `free_cancelation`, `base_price`) VALUES ('5', '51', '1 twin', 1, 1, 1, '129.98');
INSERT INTO `room_info` (`id`, `hotel_id`, `bed_variation`, `breakfast_included`, `own_kitchen`, `free_cancelation`, `base_price`) VALUES ('6', '84', '1 single', 0, 1, 0, '755.27');
INSERT INTO `room_info` (`id`, `hotel_id`, `bed_variation`, `breakfast_included`, `own_kitchen`, `free_cancelation`, `base_price`) VALUES ('7', '61', '2 single', 1, 0, 0, '95.37');
INSERT INTO `room_info` (`id`, `hotel_id`, `bed_variation`, `breakfast_included`, `own_kitchen`, `free_cancelation`, `base_price`) VALUES ('8', '81', '3 single', 0, 1, 0, '359.65');
INSERT INTO `room_info` (`id`, `hotel_id`, `bed_variation`, `breakfast_included`, `own_kitchen`, `free_cancelation`, `base_price`) VALUES ('9', '99', '1 single', 1, 0, 1, '214.76');
INSERT INTO `room_info` (`id`, `hotel_id`, `bed_variation`, `breakfast_included`, `own_kitchen`, `free_cancelation`, `base_price`) VALUES ('10', '80', '1 single', 0, 0, 1, '43.72');
INSERT INTO `room_info` (`id`, `hotel_id`, `bed_variation`, `breakfast_included`, `own_kitchen`, `free_cancelation`, `base_price`) VALUES ('11', '98', '2 single', 1, 1, 0, '138.41');
INSERT INTO `room_info` (`id`, `hotel_id`, `bed_variation`, `breakfast_included`, `own_kitchen`, `free_cancelation`, `base_price`) VALUES ('12', '75', '1 twin', 1, 0, 0, '772.35');
INSERT INTO `room_info` (`id`, `hotel_id`, `bed_variation`, `breakfast_included`, `own_kitchen`, `free_cancelation`, `base_price`) VALUES ('13', '84', '1 twin', 1, 0, 0, '75.06');
INSERT INTO `room_info` (`id`, `hotel_id`, `bed_variation`, `breakfast_included`, `own_kitchen`, `free_cancelation`, `base_price`) VALUES ('14', '54', '1 single', 1, 1, 0, '62.36');
INSERT INTO `room_info` (`id`, `hotel_id`, `bed_variation`, `breakfast_included`, `own_kitchen`, `free_cancelation`, `base_price`) VALUES ('15', '57', '3 single', 0, 1, 0, '206.64');
INSERT INTO `room_info` (`id`, `hotel_id`, `bed_variation`, `breakfast_included`, `own_kitchen`, `free_cancelation`, `base_price`) VALUES ('16', '52', '1 twin', 0, 0, 1, '255.5');
INSERT INTO `room_info` (`id`, `hotel_id`, `bed_variation`, `breakfast_included`, `own_kitchen`, `free_cancelation`, `base_price`) VALUES ('17', '58', '1 twin', 1, 0, 1, '659.75');
INSERT INTO `room_info` (`id`, `hotel_id`, `bed_variation`, `breakfast_included`, `own_kitchen`, `free_cancelation`, `base_price`) VALUES ('18', '75', '1 single', 0, 0, 0, '457.37');
INSERT INTO `room_info` (`id`, `hotel_id`, `bed_variation`, `breakfast_included`, `own_kitchen`, `free_cancelation`, `base_price`) VALUES ('19', '81', '1 single', 0, 1, 1, '599.67');
INSERT INTO `room_info` (`id`, `hotel_id`, `bed_variation`, `breakfast_included`, `own_kitchen`, `free_cancelation`, `base_price`) VALUES ('20', '69', '1 twin', 0, 1, 1, '292.87');
INSERT INTO `room_info` (`id`, `hotel_id`, `bed_variation`, `breakfast_included`, `own_kitchen`, `free_cancelation`, `base_price`) VALUES ('21', '51', '1 twin', 0, 0, 0, '439.96');
INSERT INTO `room_info` (`id`, `hotel_id`, `bed_variation`, `breakfast_included`, `own_kitchen`, `free_cancelation`, `base_price`) VALUES ('22', '69', '2 single', 1, 0, 0, '388.4');
INSERT INTO `room_info` (`id`, `hotel_id`, `bed_variation`, `breakfast_included`, `own_kitchen`, `free_cancelation`, `base_price`) VALUES ('23', '51', '2 single', 1, 1, 0, '200.59');
INSERT INTO `room_info` (`id`, `hotel_id`, `bed_variation`, `breakfast_included`, `own_kitchen`, `free_cancelation`, `base_price`) VALUES ('24', '85', '2 single', 1, 1, 0, '755.84');
INSERT INTO `room_info` (`id`, `hotel_id`, `bed_variation`, `breakfast_included`, `own_kitchen`, `free_cancelation`, `base_price`) VALUES ('25', '68', '3 single', 1, 0, 1, '174');
INSERT INTO `room_info` (`id`, `hotel_id`, `bed_variation`, `breakfast_included`, `own_kitchen`, `free_cancelation`, `base_price`) VALUES ('26', '85', '3 single', 1, 1, 1, '747.69');
INSERT INTO `room_info` (`id`, `hotel_id`, `bed_variation`, `breakfast_included`, `own_kitchen`, `free_cancelation`, `base_price`) VALUES ('27', '85', '3 single', 0, 0, 0, '712.17');
INSERT INTO `room_info` (`id`, `hotel_id`, `bed_variation`, `breakfast_included`, `own_kitchen`, `free_cancelation`, `base_price`) VALUES ('28', '59', '1 twin', 0, 1, 1, '947.76');
INSERT INTO `room_info` (`id`, `hotel_id`, `bed_variation`, `breakfast_included`, `own_kitchen`, `free_cancelation`, `base_price`) VALUES ('29', '82', '1 single', 1, 1, 1, '116.94');
INSERT INTO `room_info` (`id`, `hotel_id`, `bed_variation`, `breakfast_included`, `own_kitchen`, `free_cancelation`, `base_price`) VALUES ('30', '80', '2 single', 0, 0, 0, '705.98');
INSERT INTO `room_info` (`id`, `hotel_id`, `bed_variation`, `breakfast_included`, `own_kitchen`, `free_cancelation`, `base_price`) VALUES ('31', '85', '3 single', 0, 1, 0, '459.72');
INSERT INTO `room_info` (`id`, `hotel_id`, `bed_variation`, `breakfast_included`, `own_kitchen`, `free_cancelation`, `base_price`) VALUES ('32', '82', '1 twin', 1, 1, 0, '155.75');
INSERT INTO `room_info` (`id`, `hotel_id`, `bed_variation`, `breakfast_included`, `own_kitchen`, `free_cancelation`, `base_price`) VALUES ('33', '81', '2 single', 0, 0, 1, '496.46');
INSERT INTO `room_info` (`id`, `hotel_id`, `bed_variation`, `breakfast_included`, `own_kitchen`, `free_cancelation`, `base_price`) VALUES ('34', '84', '1 twin', 0, 1, 1, '225.48');
INSERT INTO `room_info` (`id`, `hotel_id`, `bed_variation`, `breakfast_included`, `own_kitchen`, `free_cancelation`, `base_price`) VALUES ('35', '57', '1 single', 1, 1, 0, '815.04');
INSERT INTO `room_info` (`id`, `hotel_id`, `bed_variation`, `breakfast_included`, `own_kitchen`, `free_cancelation`, `base_price`) VALUES ('36', '81', '1 twin', 1, 0, 0, '678.26');
INSERT INTO `room_info` (`id`, `hotel_id`, `bed_variation`, `breakfast_included`, `own_kitchen`, `free_cancelation`, `base_price`) VALUES ('37', '71', '1 twin', 1, 1, 1, '599.65');
INSERT INTO `room_info` (`id`, `hotel_id`, `bed_variation`, `breakfast_included`, `own_kitchen`, `free_cancelation`, `base_price`) VALUES ('38', '71', '3 single', 1, 1, 0, '411.35');
INSERT INTO `room_info` (`id`, `hotel_id`, `bed_variation`, `breakfast_included`, `own_kitchen`, `free_cancelation`, `base_price`) VALUES ('39', '61', '1 twin', 0, 1, 1, '89.53');
INSERT INTO `room_info` (`id`, `hotel_id`, `bed_variation`, `breakfast_included`, `own_kitchen`, `free_cancelation`, `base_price`) VALUES ('40', '70', '1 twin', 1, 1, 1, '598.28');
INSERT INTO `room_info` (`id`, `hotel_id`, `bed_variation`, `breakfast_included`, `own_kitchen`, `free_cancelation`, `base_price`) VALUES ('41', '55', '1 single', 0, 1, 0, '415.53');
INSERT INTO `room_info` (`id`, `hotel_id`, `bed_variation`, `breakfast_included`, `own_kitchen`, `free_cancelation`, `base_price`) VALUES ('42', '60', '3 single', 0, 1, 1, '987.19');
INSERT INTO `room_info` (`id`, `hotel_id`, `bed_variation`, `breakfast_included`, `own_kitchen`, `free_cancelation`, `base_price`) VALUES ('43', '51', '1 single', 1, 0, 1, '83.3');
INSERT INTO `room_info` (`id`, `hotel_id`, `bed_variation`, `breakfast_included`, `own_kitchen`, `free_cancelation`, `base_price`) VALUES ('44', '89', '3 single', 1, 1, 0, '802.98');
INSERT INTO `room_info` (`id`, `hotel_id`, `bed_variation`, `breakfast_included`, `own_kitchen`, `free_cancelation`, `base_price`) VALUES ('45', '66', '1 single', 0, 1, 0, '585.27');
INSERT INTO `room_info` (`id`, `hotel_id`, `bed_variation`, `breakfast_included`, `own_kitchen`, `free_cancelation`, `base_price`) VALUES ('46', '58', '3 single', 0, 1, 1, '55.02');
INSERT INTO `room_info` (`id`, `hotel_id`, `bed_variation`, `breakfast_included`, `own_kitchen`, `free_cancelation`, `base_price`) VALUES ('47', '95', '1 single', 0, 1, 1, '71.61');
INSERT INTO `room_info` (`id`, `hotel_id`, `bed_variation`, `breakfast_included`, `own_kitchen`, `free_cancelation`, `base_price`) VALUES ('48', '77', '3 single', 0, 1, 1, '403.72');
INSERT INTO `room_info` (`id`, `hotel_id`, `bed_variation`, `breakfast_included`, `own_kitchen`, `free_cancelation`, `base_price`) VALUES ('49', '86', '1 single', 1, 1, 0, '64.98');
INSERT INTO `room_info` (`id`, `hotel_id`, `bed_variation`, `breakfast_included`, `own_kitchen`, `free_cancelation`, `base_price`) VALUES ('50', '75', '1 twin', 1, 1, 1, '636.71');
INSERT INTO `room_info` (`id`, `hotel_id`, `bed_variation`, `breakfast_included`, `own_kitchen`, `free_cancelation`, `base_price`) VALUES ('51', '51', '2 single', 1, 0, 1, '477.75');
INSERT INTO `room_info` (`id`, `hotel_id`, `bed_variation`, `breakfast_included`, `own_kitchen`, `free_cancelation`, `base_price`) VALUES ('52', '86', '1 single', 1, 1, 1, '834.79');
INSERT INTO `room_info` (`id`, `hotel_id`, `bed_variation`, `breakfast_included`, `own_kitchen`, `free_cancelation`, `base_price`) VALUES ('53', '51', '1 single', 1, 1, 1, '482.4');
INSERT INTO `room_info` (`id`, `hotel_id`, `bed_variation`, `breakfast_included`, `own_kitchen`, `free_cancelation`, `base_price`) VALUES ('54', '52', '1 single', 0, 1, 1, '356.67');
INSERT INTO `room_info` (`id`, `hotel_id`, `bed_variation`, `breakfast_included`, `own_kitchen`, `free_cancelation`, `base_price`) VALUES ('55', '77', '3 single', 1, 0, 1, '229.17');
INSERT INTO `room_info` (`id`, `hotel_id`, `bed_variation`, `breakfast_included`, `own_kitchen`, `free_cancelation`, `base_price`) VALUES ('56', '68', '1 single', 0, 1, 1, '261.98');
INSERT INTO `room_info` (`id`, `hotel_id`, `bed_variation`, `breakfast_included`, `own_kitchen`, `free_cancelation`, `base_price`) VALUES ('57', '86', '1 twin', 1, 1, 0, '660.69');
INSERT INTO `room_info` (`id`, `hotel_id`, `bed_variation`, `breakfast_included`, `own_kitchen`, `free_cancelation`, `base_price`) VALUES ('58', '65', '1 single', 1, 1, 0, '718.4');
INSERT INTO `room_info` (`id`, `hotel_id`, `bed_variation`, `breakfast_included`, `own_kitchen`, `free_cancelation`, `base_price`) VALUES ('59', '82', '1 twin', 0, 1, 1, '763.63');
INSERT INTO `room_info` (`id`, `hotel_id`, `bed_variation`, `breakfast_included`, `own_kitchen`, `free_cancelation`, `base_price`) VALUES ('60', '70', '3 single', 0, 1, 0, '547.59');
INSERT INTO `room_info` (`id`, `hotel_id`, `bed_variation`, `breakfast_included`, `own_kitchen`, `free_cancelation`, `base_price`) VALUES ('61', '98', '2 single', 1, 1, 0, '326.93');
INSERT INTO `room_info` (`id`, `hotel_id`, `bed_variation`, `breakfast_included`, `own_kitchen`, `free_cancelation`, `base_price`) VALUES ('62', '70', '3 single', 0, 0, 1, '689.33');
INSERT INTO `room_info` (`id`, `hotel_id`, `bed_variation`, `breakfast_included`, `own_kitchen`, `free_cancelation`, `base_price`) VALUES ('63', '56', '1 single', 0, 1, 0, '531.29');
INSERT INTO `room_info` (`id`, `hotel_id`, `bed_variation`, `breakfast_included`, `own_kitchen`, `free_cancelation`, `base_price`) VALUES ('64', '77', '1 single', 1, 0, 0, '51.37');
INSERT INTO `room_info` (`id`, `hotel_id`, `bed_variation`, `breakfast_included`, `own_kitchen`, `free_cancelation`, `base_price`) VALUES ('65', '58', '3 single', 0, 0, 1, '185.17');
INSERT INTO `room_info` (`id`, `hotel_id`, `bed_variation`, `breakfast_included`, `own_kitchen`, `free_cancelation`, `base_price`) VALUES ('66', '66', '3 single', 0, 1, 0, '973.23');
INSERT INTO `room_info` (`id`, `hotel_id`, `bed_variation`, `breakfast_included`, `own_kitchen`, `free_cancelation`, `base_price`) VALUES ('67', '59', '3 single', 0, 1, 1, '524.78');
INSERT INTO `room_info` (`id`, `hotel_id`, `bed_variation`, `breakfast_included`, `own_kitchen`, `free_cancelation`, `base_price`) VALUES ('68', '83', '3 single', 1, 0, 1, '821.83');
INSERT INTO `room_info` (`id`, `hotel_id`, `bed_variation`, `breakfast_included`, `own_kitchen`, `free_cancelation`, `base_price`) VALUES ('69', '92', '2 single', 1, 0, 1, '904.28');
INSERT INTO `room_info` (`id`, `hotel_id`, `bed_variation`, `breakfast_included`, `own_kitchen`, `free_cancelation`, `base_price`) VALUES ('70', '77', '3 single', 1, 0, 1, '587.56');
INSERT INTO `room_info` (`id`, `hotel_id`, `bed_variation`, `breakfast_included`, `own_kitchen`, `free_cancelation`, `base_price`) VALUES ('71', '56', '3 single', 1, 0, 0, '300.5');
INSERT INTO `room_info` (`id`, `hotel_id`, `bed_variation`, `breakfast_included`, `own_kitchen`, `free_cancelation`, `base_price`) VALUES ('72', '51', '1 twin', 1, 1, 1, '599.98');
INSERT INTO `room_info` (`id`, `hotel_id`, `bed_variation`, `breakfast_included`, `own_kitchen`, `free_cancelation`, `base_price`) VALUES ('73', '89', '2 single', 0, 1, 1, '967.32');
INSERT INTO `room_info` (`id`, `hotel_id`, `bed_variation`, `breakfast_included`, `own_kitchen`, `free_cancelation`, `base_price`) VALUES ('74', '57', '1 single', 1, 1, 0, '413.17');
INSERT INTO `room_info` (`id`, `hotel_id`, `bed_variation`, `breakfast_included`, `own_kitchen`, `free_cancelation`, `base_price`) VALUES ('75', '92', '1 single', 0, 0, 0, '921.71');
INSERT INTO `room_info` (`id`, `hotel_id`, `bed_variation`, `breakfast_included`, `own_kitchen`, `free_cancelation`, `base_price`) VALUES ('76', '59', '3 single', 1, 0, 0, '754.9');
INSERT INTO `room_info` (`id`, `hotel_id`, `bed_variation`, `breakfast_included`, `own_kitchen`, `free_cancelation`, `base_price`) VALUES ('77', '68', '2 single', 1, 1, 1, '688.92');
INSERT INTO `room_info` (`id`, `hotel_id`, `bed_variation`, `breakfast_included`, `own_kitchen`, `free_cancelation`, `base_price`) VALUES ('78', '88', '1 single', 1, 1, 1, '612.82');
INSERT INTO `room_info` (`id`, `hotel_id`, `bed_variation`, `breakfast_included`, `own_kitchen`, `free_cancelation`, `base_price`) VALUES ('79', '89', '3 single', 1, 0, 1, '831.28');
INSERT INTO `room_info` (`id`, `hotel_id`, `bed_variation`, `breakfast_included`, `own_kitchen`, `free_cancelation`, `base_price`) VALUES ('80', '58', '1 single', 1, 1, 0, '681.18');
INSERT INTO `room_info` (`id`, `hotel_id`, `bed_variation`, `breakfast_included`, `own_kitchen`, `free_cancelation`, `base_price`) VALUES ('81', '68', '3 single', 0, 0, 0, '548.92');
INSERT INTO `room_info` (`id`, `hotel_id`, `bed_variation`, `breakfast_included`, `own_kitchen`, `free_cancelation`, `base_price`) VALUES ('82', '92', '3 single', 0, 0, 0, '982.46');
INSERT INTO `room_info` (`id`, `hotel_id`, `bed_variation`, `breakfast_included`, `own_kitchen`, `free_cancelation`, `base_price`) VALUES ('83', '51', '2 single', 0, 1, 0, '589.31');
INSERT INTO `room_info` (`id`, `hotel_id`, `bed_variation`, `breakfast_included`, `own_kitchen`, `free_cancelation`, `base_price`) VALUES ('84', '68', '3 single', 1, 1, 1, '968.91');
INSERT INTO `room_info` (`id`, `hotel_id`, `bed_variation`, `breakfast_included`, `own_kitchen`, `free_cancelation`, `base_price`) VALUES ('85', '95', '2 single', 1, 0, 1, '911.03');
INSERT INTO `room_info` (`id`, `hotel_id`, `bed_variation`, `breakfast_included`, `own_kitchen`, `free_cancelation`, `base_price`) VALUES ('86', '77', '1 twin', 0, 1, 0, '987.43');
INSERT INTO `room_info` (`id`, `hotel_id`, `bed_variation`, `breakfast_included`, `own_kitchen`, `free_cancelation`, `base_price`) VALUES ('87', '88', '2 single', 1, 0, 1, '567.5');
INSERT INTO `room_info` (`id`, `hotel_id`, `bed_variation`, `breakfast_included`, `own_kitchen`, `free_cancelation`, `base_price`) VALUES ('88', '83', '3 single', 0, 0, 1, '93.08');
INSERT INTO `room_info` (`id`, `hotel_id`, `bed_variation`, `breakfast_included`, `own_kitchen`, `free_cancelation`, `base_price`) VALUES ('89', '98', '1 twin', 0, 1, 1, '557.62');
INSERT INTO `room_info` (`id`, `hotel_id`, `bed_variation`, `breakfast_included`, `own_kitchen`, `free_cancelation`, `base_price`) VALUES ('90', '71', '1 single', 1, 1, 1, '153.45');
INSERT INTO `room_info` (`id`, `hotel_id`, `bed_variation`, `breakfast_included`, `own_kitchen`, `free_cancelation`, `base_price`) VALUES ('91', '56', '3 single', 1, 1, 1, '348.32');
INSERT INTO `room_info` (`id`, `hotel_id`, `bed_variation`, `breakfast_included`, `own_kitchen`, `free_cancelation`, `base_price`) VALUES ('92', '95', '1 twin', 0, 0, 1, '798.51');
INSERT INTO `room_info` (`id`, `hotel_id`, `bed_variation`, `breakfast_included`, `own_kitchen`, `free_cancelation`, `base_price`) VALUES ('93', '99', '2 single', 1, 0, 1, '776.06');
INSERT INTO `room_info` (`id`, `hotel_id`, `bed_variation`, `breakfast_included`, `own_kitchen`, `free_cancelation`, `base_price`) VALUES ('94', '65', '1 single', 0, 0, 1, '283.12');
INSERT INTO `room_info` (`id`, `hotel_id`, `bed_variation`, `breakfast_included`, `own_kitchen`, `free_cancelation`, `base_price`) VALUES ('95', '72', '2 single', 0, 1, 1, '662.45');
INSERT INTO `room_info` (`id`, `hotel_id`, `bed_variation`, `breakfast_included`, `own_kitchen`, `free_cancelation`, `base_price`) VALUES ('96', '57', '1 single', 0, 1, 1, '237.53');
INSERT INTO `room_info` (`id`, `hotel_id`, `bed_variation`, `breakfast_included`, `own_kitchen`, `free_cancelation`, `base_price`) VALUES ('97', '83', '1 single', 0, 0, 0, '700.15');
INSERT INTO `room_info` (`id`, `hotel_id`, `bed_variation`, `breakfast_included`, `own_kitchen`, `free_cancelation`, `base_price`) VALUES ('98', '86', '1 single', 1, 1, 1, '870.99');
INSERT INTO `room_info` (`id`, `hotel_id`, `bed_variation`, `breakfast_included`, `own_kitchen`, `free_cancelation`, `base_price`) VALUES ('99', '92', '2 single', 0, 0, 0, '360.44');
INSERT INTO `room_info` (`id`, `hotel_id`, `bed_variation`, `breakfast_included`, `own_kitchen`, `free_cancelation`, `base_price`) VALUES ('100', '80', '1 twin', 0, 0, 0, '569.69');
INSERT INTO `room_info` (`id`, `hotel_id`, `bed_variation`, `breakfast_included`, `own_kitchen`, `free_cancelation`, `base_price`) VALUES ('101', '66', '2 single', 0, 1, 0, '787.9');
INSERT INTO `room_info` (`id`, `hotel_id`, `bed_variation`, `breakfast_included`, `own_kitchen`, `free_cancelation`, `base_price`) VALUES ('102', '53', '1 single', 1, 1, 1, '5.67');
INSERT INTO `room_info` (`id`, `hotel_id`, `bed_variation`, `breakfast_included`, `own_kitchen`, `free_cancelation`, `base_price`) VALUES ('103', '80', '1 twin', 0, 1, 0, '408.03');
INSERT INTO `room_info` (`id`, `hotel_id`, `bed_variation`, `breakfast_included`, `own_kitchen`, `free_cancelation`, `base_price`) VALUES ('104', '58', '1 single', 1, 0, 0, '627.58');
INSERT INTO `room_info` (`id`, `hotel_id`, `bed_variation`, `breakfast_included`, `own_kitchen`, `free_cancelation`, `base_price`) VALUES ('105', '60', '1 twin', 0, 1, 0, '817.19');
INSERT INTO `room_info` (`id`, `hotel_id`, `bed_variation`, `breakfast_included`, `own_kitchen`, `free_cancelation`, `base_price`) VALUES ('106', '71', '3 single', 1, 1, 0, '418.27');
INSERT INTO `room_info` (`id`, `hotel_id`, `bed_variation`, `breakfast_included`, `own_kitchen`, `free_cancelation`, `base_price`) VALUES ('107', '70', '3 single', 1, 0, 0, '464.69');
INSERT INTO `room_info` (`id`, `hotel_id`, `bed_variation`, `breakfast_included`, `own_kitchen`, `free_cancelation`, `base_price`) VALUES ('108', '83', '2 single', 1, 0, 1, '674.89');
INSERT INTO `room_info` (`id`, `hotel_id`, `bed_variation`, `breakfast_included`, `own_kitchen`, `free_cancelation`, `base_price`) VALUES ('109', '61', '1 twin', 1, 1, 1, '28.88');
INSERT INTO `room_info` (`id`, `hotel_id`, `bed_variation`, `breakfast_included`, `own_kitchen`, `free_cancelation`, `base_price`) VALUES ('110', '61', '2 single', 0, 0, 1, '336.3');
INSERT INTO `room_info` (`id`, `hotel_id`, `bed_variation`, `breakfast_included`, `own_kitchen`, `free_cancelation`, `base_price`) VALUES ('111', '95', '1 single', 0, 0, 1, '364.19');
INSERT INTO `room_info` (`id`, `hotel_id`, `bed_variation`, `breakfast_included`, `own_kitchen`, `free_cancelation`, `base_price`) VALUES ('112', '83', '2 single', 1, 1, 0, '143.92');
INSERT INTO `room_info` (`id`, `hotel_id`, `bed_variation`, `breakfast_included`, `own_kitchen`, `free_cancelation`, `base_price`) VALUES ('113', '58', '1 twin', 0, 0, 1, '468.47');
INSERT INTO `room_info` (`id`, `hotel_id`, `bed_variation`, `breakfast_included`, `own_kitchen`, `free_cancelation`, `base_price`) VALUES ('114', '95', '1 twin', 1, 1, 0, '683.69');
INSERT INTO `room_info` (`id`, `hotel_id`, `bed_variation`, `breakfast_included`, `own_kitchen`, `free_cancelation`, `base_price`) VALUES ('115', '55', '1 twin', 1, 1, 0, '405.68');
INSERT INTO `room_info` (`id`, `hotel_id`, `bed_variation`, `breakfast_included`, `own_kitchen`, `free_cancelation`, `base_price`) VALUES ('116', '55', '1 twin', 1, 1, 1, '496.37');
INSERT INTO `room_info` (`id`, `hotel_id`, `bed_variation`, `breakfast_included`, `own_kitchen`, `free_cancelation`, `base_price`) VALUES ('117', '72', '1 twin', 0, 0, 1, '331.96');
INSERT INTO `room_info` (`id`, `hotel_id`, `bed_variation`, `breakfast_included`, `own_kitchen`, `free_cancelation`, `base_price`) VALUES ('118', '98', '2 single', 1, 0, 0, '510.75');
INSERT INTO `room_info` (`id`, `hotel_id`, `bed_variation`, `breakfast_included`, `own_kitchen`, `free_cancelation`, `base_price`) VALUES ('119', '88', '2 single', 1, 0, 0, '836.97');
INSERT INTO `room_info` (`id`, `hotel_id`, `bed_variation`, `breakfast_included`, `own_kitchen`, `free_cancelation`, `base_price`) VALUES ('120', '70', '2 single', 0, 0, 1, '587.64');
INSERT INTO `room_info` (`id`, `hotel_id`, `bed_variation`, `breakfast_included`, `own_kitchen`, `free_cancelation`, `base_price`) VALUES ('121', '70', '1 twin', 1, 0, 0, '234.29');
INSERT INTO `room_info` (`id`, `hotel_id`, `bed_variation`, `breakfast_included`, `own_kitchen`, `free_cancelation`, `base_price`) VALUES ('122', '51', '1 twin', 1, 0, 1, '759.85');
INSERT INTO `room_info` (`id`, `hotel_id`, `bed_variation`, `breakfast_included`, `own_kitchen`, `free_cancelation`, `base_price`) VALUES ('123', '66', '3 single', 1, 0, 0, '741.44');
INSERT INTO `room_info` (`id`, `hotel_id`, `bed_variation`, `breakfast_included`, `own_kitchen`, `free_cancelation`, `base_price`) VALUES ('124', '69', '3 single', 0, 1, 0, '995.53');
INSERT INTO `room_info` (`id`, `hotel_id`, `bed_variation`, `breakfast_included`, `own_kitchen`, `free_cancelation`, `base_price`) VALUES ('125', '65', '2 single', 0, 1, 0, '733.84');
INSERT INTO `room_info` (`id`, `hotel_id`, `bed_variation`, `breakfast_included`, `own_kitchen`, `free_cancelation`, `base_price`) VALUES ('126', '95', '3 single', 1, 0, 0, '411.8');
INSERT INTO `room_info` (`id`, `hotel_id`, `bed_variation`, `breakfast_included`, `own_kitchen`, `free_cancelation`, `base_price`) VALUES ('127', '80', '1 twin', 0, 0, 0, '675.37');
INSERT INTO `room_info` (`id`, `hotel_id`, `bed_variation`, `breakfast_included`, `own_kitchen`, `free_cancelation`, `base_price`) VALUES ('128', '53', '3 single', 0, 0, 1, '337.65');
INSERT INTO `room_info` (`id`, `hotel_id`, `bed_variation`, `breakfast_included`, `own_kitchen`, `free_cancelation`, `base_price`) VALUES ('129', '83', '2 single', 1, 1, 0, '517.58');
INSERT INTO `room_info` (`id`, `hotel_id`, `bed_variation`, `breakfast_included`, `own_kitchen`, `free_cancelation`, `base_price`) VALUES ('130', '72', '1 single', 1, 1, 0, '217.25');
INSERT INTO `room_info` (`id`, `hotel_id`, `bed_variation`, `breakfast_included`, `own_kitchen`, `free_cancelation`, `base_price`) VALUES ('131', '82', '1 single', 1, 1, 1, '335.47');
INSERT INTO `room_info` (`id`, `hotel_id`, `bed_variation`, `breakfast_included`, `own_kitchen`, `free_cancelation`, `base_price`) VALUES ('132', '53', '1 single', 1, 0, 1, '88.73');
INSERT INTO `room_info` (`id`, `hotel_id`, `bed_variation`, `breakfast_included`, `own_kitchen`, `free_cancelation`, `base_price`) VALUES ('133', '80', '2 single', 1, 0, 1, '128.78');
INSERT INTO `room_info` (`id`, `hotel_id`, `bed_variation`, `breakfast_included`, `own_kitchen`, `free_cancelation`, `base_price`) VALUES ('134', '60', '1 twin', 1, 1, 1, '661.08');
INSERT INTO `room_info` (`id`, `hotel_id`, `bed_variation`, `breakfast_included`, `own_kitchen`, `free_cancelation`, `base_price`) VALUES ('135', '61', '1 single', 1, 0, 0, '12.72');
INSERT INTO `room_info` (`id`, `hotel_id`, `bed_variation`, `breakfast_included`, `own_kitchen`, `free_cancelation`, `base_price`) VALUES ('136', '92', '3 single', 1, 0, 0, '234.96');
INSERT INTO `room_info` (`id`, `hotel_id`, `bed_variation`, `breakfast_included`, `own_kitchen`, `free_cancelation`, `base_price`) VALUES ('137', '86', '2 single', 0, 0, 0, '202.17');
INSERT INTO `room_info` (`id`, `hotel_id`, `bed_variation`, `breakfast_included`, `own_kitchen`, `free_cancelation`, `base_price`) VALUES ('138', '86', '1 twin', 1, 0, 1, '631.82');
INSERT INTO `room_info` (`id`, `hotel_id`, `bed_variation`, `breakfast_included`, `own_kitchen`, `free_cancelation`, `base_price`) VALUES ('139', '77', '2 single', 1, 1, 1, '642.5');
INSERT INTO `room_info` (`id`, `hotel_id`, `bed_variation`, `breakfast_included`, `own_kitchen`, `free_cancelation`, `base_price`) VALUES ('140', '55', '1 twin', 1, 1, 1, '204.61');
INSERT INTO `room_info` (`id`, `hotel_id`, `bed_variation`, `breakfast_included`, `own_kitchen`, `free_cancelation`, `base_price`) VALUES ('141', '55', '1 single', 0, 1, 1, '217.55');
INSERT INTO `room_info` (`id`, `hotel_id`, `bed_variation`, `breakfast_included`, `own_kitchen`, `free_cancelation`, `base_price`) VALUES ('142', '71', '1 twin', 1, 0, 1, '376.39');
INSERT INTO `room_info` (`id`, `hotel_id`, `bed_variation`, `breakfast_included`, `own_kitchen`, `free_cancelation`, `base_price`) VALUES ('143', '89', '2 single', 1, 0, 1, '26.45');
INSERT INTO `room_info` (`id`, `hotel_id`, `bed_variation`, `breakfast_included`, `own_kitchen`, `free_cancelation`, `base_price`) VALUES ('144', '65', '1 twin', 0, 0, 1, '581.97');
INSERT INTO `room_info` (`id`, `hotel_id`, `bed_variation`, `breakfast_included`, `own_kitchen`, `free_cancelation`, `base_price`) VALUES ('145', '69', '1 single', 0, 1, 1, '478.42');
INSERT INTO `room_info` (`id`, `hotel_id`, `bed_variation`, `breakfast_included`, `own_kitchen`, `free_cancelation`, `base_price`) VALUES ('146', '51', '1 twin', 0, 1, 0, '195.13');
INSERT INTO `room_info` (`id`, `hotel_id`, `bed_variation`, `breakfast_included`, `own_kitchen`, `free_cancelation`, `base_price`) VALUES ('147', '70', '1 single', 1, 1, 1, '344.09');
INSERT INTO `room_info` (`id`, `hotel_id`, `bed_variation`, `breakfast_included`, `own_kitchen`, `free_cancelation`, `base_price`) VALUES ('148', '99', '1 single', 0, 1, 0, '957.33');
INSERT INTO `room_info` (`id`, `hotel_id`, `bed_variation`, `breakfast_included`, `own_kitchen`, `free_cancelation`, `base_price`) VALUES ('149', '98', '1 twin', 0, 0, 0, '890.76');
INSERT INTO `room_info` (`id`, `hotel_id`, `bed_variation`, `breakfast_included`, `own_kitchen`, `free_cancelation`, `base_price`) VALUES ('150', '60', '3 single', 1, 1, 0, '581.2');
INSERT INTO `room_info` (`id`, `hotel_id`, `bed_variation`, `breakfast_included`, `own_kitchen`, `free_cancelation`, `base_price`) VALUES ('151', '69', '1 single', 1, 1, 1, '796.99');
INSERT INTO `room_info` (`id`, `hotel_id`, `bed_variation`, `breakfast_included`, `own_kitchen`, `free_cancelation`, `base_price`) VALUES ('152', '69', '3 single', 1, 1, 1, '416.44');
INSERT INTO `room_info` (`id`, `hotel_id`, `bed_variation`, `breakfast_included`, `own_kitchen`, `free_cancelation`, `base_price`) VALUES ('153', '61', '1 twin', 0, 0, 1, '730.77');
INSERT INTO `room_info` (`id`, `hotel_id`, `bed_variation`, `breakfast_included`, `own_kitchen`, `free_cancelation`, `base_price`) VALUES ('154', '88', '1 single', 0, 0, 1, '169.4');
INSERT INTO `room_info` (`id`, `hotel_id`, `bed_variation`, `breakfast_included`, `own_kitchen`, `free_cancelation`, `base_price`) VALUES ('155', '92', '2 single', 1, 1, 0, '132.27');
INSERT INTO `room_info` (`id`, `hotel_id`, `bed_variation`, `breakfast_included`, `own_kitchen`, `free_cancelation`, `base_price`) VALUES ('156', '81', '1 twin', 0, 0, 1, '737.52');
INSERT INTO `room_info` (`id`, `hotel_id`, `bed_variation`, `breakfast_included`, `own_kitchen`, `free_cancelation`, `base_price`) VALUES ('157', '84', '1 twin', 0, 1, 0, '848.52');
INSERT INTO `room_info` (`id`, `hotel_id`, `bed_variation`, `breakfast_included`, `own_kitchen`, `free_cancelation`, `base_price`) VALUES ('158', '72', '1 twin', 0, 1, 1, '54.16');
INSERT INTO `room_info` (`id`, `hotel_id`, `bed_variation`, `breakfast_included`, `own_kitchen`, `free_cancelation`, `base_price`) VALUES ('159', '84', '2 single', 1, 0, 0, '352.09');
INSERT INTO `room_info` (`id`, `hotel_id`, `bed_variation`, `breakfast_included`, `own_kitchen`, `free_cancelation`, `base_price`) VALUES ('160', '70', '1 single', 1, 1, 0, '337.96');
INSERT INTO `room_info` (`id`, `hotel_id`, `bed_variation`, `breakfast_included`, `own_kitchen`, `free_cancelation`, `base_price`) VALUES ('161', '52', '1 twin', 0, 1, 0, '31.25');
INSERT INTO `room_info` (`id`, `hotel_id`, `bed_variation`, `breakfast_included`, `own_kitchen`, `free_cancelation`, `base_price`) VALUES ('162', '68', '1 twin', 0, 1, 1, '798.95');
INSERT INTO `room_info` (`id`, `hotel_id`, `bed_variation`, `breakfast_included`, `own_kitchen`, `free_cancelation`, `base_price`) VALUES ('163', '72', '3 single', 1, 1, 1, '433.89');
INSERT INTO `room_info` (`id`, `hotel_id`, `bed_variation`, `breakfast_included`, `own_kitchen`, `free_cancelation`, `base_price`) VALUES ('164', '81', '1 twin', 0, 1, 1, '813.44');
INSERT INTO `room_info` (`id`, `hotel_id`, `bed_variation`, `breakfast_included`, `own_kitchen`, `free_cancelation`, `base_price`) VALUES ('165', '83', '1 twin', 1, 0, 1, '841.65');
INSERT INTO `room_info` (`id`, `hotel_id`, `bed_variation`, `breakfast_included`, `own_kitchen`, `free_cancelation`, `base_price`) VALUES ('166', '89', '1 single', 1, 1, 1, '677.22');
INSERT INTO `room_info` (`id`, `hotel_id`, `bed_variation`, `breakfast_included`, `own_kitchen`, `free_cancelation`, `base_price`) VALUES ('167', '75', '3 single', 0, 0, 0, '304.23');
INSERT INTO `room_info` (`id`, `hotel_id`, `bed_variation`, `breakfast_included`, `own_kitchen`, `free_cancelation`, `base_price`) VALUES ('168', '72', '3 single', 1, 1, 1, '110.51');
INSERT INTO `room_info` (`id`, `hotel_id`, `bed_variation`, `breakfast_included`, `own_kitchen`, `free_cancelation`, `base_price`) VALUES ('169', '81', '2 single', 0, 1, 0, '891.15');
INSERT INTO `room_info` (`id`, `hotel_id`, `bed_variation`, `breakfast_included`, `own_kitchen`, `free_cancelation`, `base_price`) VALUES ('170', '55', '1 twin', 1, 0, 1, '729.96');
INSERT INTO `room_info` (`id`, `hotel_id`, `bed_variation`, `breakfast_included`, `own_kitchen`, `free_cancelation`, `base_price`) VALUES ('171', '82', '2 single', 0, 1, 1, '800.52');
INSERT INTO `room_info` (`id`, `hotel_id`, `bed_variation`, `breakfast_included`, `own_kitchen`, `free_cancelation`, `base_price`) VALUES ('172', '85', '2 single', 0, 0, 0, '792.59');
INSERT INTO `room_info` (`id`, `hotel_id`, `bed_variation`, `breakfast_included`, `own_kitchen`, `free_cancelation`, `base_price`) VALUES ('173', '81', '1 twin', 1, 0, 1, '787');
INSERT INTO `room_info` (`id`, `hotel_id`, `bed_variation`, `breakfast_included`, `own_kitchen`, `free_cancelation`, `base_price`) VALUES ('174', '72', '1 twin', 0, 1, 0, '194.52');
INSERT INTO `room_info` (`id`, `hotel_id`, `bed_variation`, `breakfast_included`, `own_kitchen`, `free_cancelation`, `base_price`) VALUES ('175', '54', '1 twin', 0, 0, 1, '585.16');
INSERT INTO `room_info` (`id`, `hotel_id`, `bed_variation`, `breakfast_included`, `own_kitchen`, `free_cancelation`, `base_price`) VALUES ('176', '54', '3 single', 1, 1, 1, '18.56');
INSERT INTO `room_info` (`id`, `hotel_id`, `bed_variation`, `breakfast_included`, `own_kitchen`, `free_cancelation`, `base_price`) VALUES ('177', '72', '2 single', 1, 0, 1, '706.58');
INSERT INTO `room_info` (`id`, `hotel_id`, `bed_variation`, `breakfast_included`, `own_kitchen`, `free_cancelation`, `base_price`) VALUES ('178', '77', '3 single', 1, 0, 1, '636.49');
INSERT INTO `room_info` (`id`, `hotel_id`, `bed_variation`, `breakfast_included`, `own_kitchen`, `free_cancelation`, `base_price`) VALUES ('179', '53', '1 twin', 1, 1, 0, '288.58');
INSERT INTO `room_info` (`id`, `hotel_id`, `bed_variation`, `breakfast_included`, `own_kitchen`, `free_cancelation`, `base_price`) VALUES ('180', '71', '1 twin', 1, 0, 1, '210.17');
INSERT INTO `room_info` (`id`, `hotel_id`, `bed_variation`, `breakfast_included`, `own_kitchen`, `free_cancelation`, `base_price`) VALUES ('181', '92', '2 single', 0, 0, 0, '275.21');
INSERT INTO `room_info` (`id`, `hotel_id`, `bed_variation`, `breakfast_included`, `own_kitchen`, `free_cancelation`, `base_price`) VALUES ('182', '71', '1 single', 0, 0, 0, '962.28');
INSERT INTO `room_info` (`id`, `hotel_id`, `bed_variation`, `breakfast_included`, `own_kitchen`, `free_cancelation`, `base_price`) VALUES ('183', '98', '3 single', 0, 0, 1, '664.54');
INSERT INTO `room_info` (`id`, `hotel_id`, `bed_variation`, `breakfast_included`, `own_kitchen`, `free_cancelation`, `base_price`) VALUES ('184', '57', '2 single', 0, 0, 0, '851.94');
INSERT INTO `room_info` (`id`, `hotel_id`, `bed_variation`, `breakfast_included`, `own_kitchen`, `free_cancelation`, `base_price`) VALUES ('185', '65', '1 single', 1, 1, 0, '236.26');
INSERT INTO `room_info` (`id`, `hotel_id`, `bed_variation`, `breakfast_included`, `own_kitchen`, `free_cancelation`, `base_price`) VALUES ('186', '88', '1 single', 0, 0, 0, '186.07');
INSERT INTO `room_info` (`id`, `hotel_id`, `bed_variation`, `breakfast_included`, `own_kitchen`, `free_cancelation`, `base_price`) VALUES ('187', '89', '2 single', 1, 1, 1, '97.06');
INSERT INTO `room_info` (`id`, `hotel_id`, `bed_variation`, `breakfast_included`, `own_kitchen`, `free_cancelation`, `base_price`) VALUES ('188', '54', '1 twin', 1, 1, 1, '846.97');
INSERT INTO `room_info` (`id`, `hotel_id`, `bed_variation`, `breakfast_included`, `own_kitchen`, `free_cancelation`, `base_price`) VALUES ('189', '65', '3 single', 0, 1, 0, '32.44');
INSERT INTO `room_info` (`id`, `hotel_id`, `bed_variation`, `breakfast_included`, `own_kitchen`, `free_cancelation`, `base_price`) VALUES ('190', '77', '3 single', 1, 0, 0, '550.94');
INSERT INTO `room_info` (`id`, `hotel_id`, `bed_variation`, `breakfast_included`, `own_kitchen`, `free_cancelation`, `base_price`) VALUES ('191', '75', '1 twin', 0, 1, 0, '611.41');
INSERT INTO `room_info` (`id`, `hotel_id`, `bed_variation`, `breakfast_included`, `own_kitchen`, `free_cancelation`, `base_price`) VALUES ('192', '68', '1 single', 0, 1, 0, '917.68');
INSERT INTO `room_info` (`id`, `hotel_id`, `bed_variation`, `breakfast_included`, `own_kitchen`, `free_cancelation`, `base_price`) VALUES ('193', '51', '3 single', 1, 0, 1, '448.64');
INSERT INTO `room_info` (`id`, `hotel_id`, `bed_variation`, `breakfast_included`, `own_kitchen`, `free_cancelation`, `base_price`) VALUES ('194', '54', '1 twin', 0, 0, 0, '641.6');
INSERT INTO `room_info` (`id`, `hotel_id`, `bed_variation`, `breakfast_included`, `own_kitchen`, `free_cancelation`, `base_price`) VALUES ('195', '53', '3 single', 1, 1, 0, '448.59');
INSERT INTO `room_info` (`id`, `hotel_id`, `bed_variation`, `breakfast_included`, `own_kitchen`, `free_cancelation`, `base_price`) VALUES ('196', '83', '2 single', 0, 1, 0, '879.92');
INSERT INTO `room_info` (`id`, `hotel_id`, `bed_variation`, `breakfast_included`, `own_kitchen`, `free_cancelation`, `base_price`) VALUES ('197', '98', '1 twin', 0, 0, 1, '690.68');
INSERT INTO `room_info` (`id`, `hotel_id`, `bed_variation`, `breakfast_included`, `own_kitchen`, `free_cancelation`, `base_price`) VALUES ('198', '80', '1 single', 0, 0, 1, '970.47');
INSERT INTO `room_info` (`id`, `hotel_id`, `bed_variation`, `breakfast_included`, `own_kitchen`, `free_cancelation`, `base_price`) VALUES ('199', '59', '2 single', 1, 0, 1, '258.26');
INSERT INTO `room_info` (`id`, `hotel_id`, `bed_variation`, `breakfast_included`, `own_kitchen`, `free_cancelation`, `base_price`) VALUES ('200', '77', '1 twin', 0, 0, 1, '734.23');
INSERT INTO `room_info` (`id`, `hotel_id`, `bed_variation`, `breakfast_included`, `own_kitchen`, `free_cancelation`, `base_price`) VALUES ('201', '85', '3 single', 1, 1, 1, '342.14');
INSERT INTO `room_info` (`id`, `hotel_id`, `bed_variation`, `breakfast_included`, `own_kitchen`, `free_cancelation`, `base_price`) VALUES ('202', '95', '1 single', 0, 1, 0, '286.44');
INSERT INTO `room_info` (`id`, `hotel_id`, `bed_variation`, `breakfast_included`, `own_kitchen`, `free_cancelation`, `base_price`) VALUES ('203', '66', '1 single', 1, 1, 1, '150.3');
INSERT INTO `room_info` (`id`, `hotel_id`, `bed_variation`, `breakfast_included`, `own_kitchen`, `free_cancelation`, `base_price`) VALUES ('204', '69', '3 single', 1, 0, 0, '173.35');
INSERT INTO `room_info` (`id`, `hotel_id`, `bed_variation`, `breakfast_included`, `own_kitchen`, `free_cancelation`, `base_price`) VALUES ('205', '70', '1 single', 0, 1, 0, '871.8');
INSERT INTO `room_info` (`id`, `hotel_id`, `bed_variation`, `breakfast_included`, `own_kitchen`, `free_cancelation`, `base_price`) VALUES ('206', '71', '1 single', 1, 1, 1, '435.37');
INSERT INTO `room_info` (`id`, `hotel_id`, `bed_variation`, `breakfast_included`, `own_kitchen`, `free_cancelation`, `base_price`) VALUES ('207', '72', '1 twin', 0, 0, 0, '586.16');
INSERT INTO `room_info` (`id`, `hotel_id`, `bed_variation`, `breakfast_included`, `own_kitchen`, `free_cancelation`, `base_price`) VALUES ('208', '51', '1 twin', 0, 1, 1, '167.98');
INSERT INTO `room_info` (`id`, `hotel_id`, `bed_variation`, `breakfast_included`, `own_kitchen`, `free_cancelation`, `base_price`) VALUES ('209', '53', '3 single', 1, 0, 0, '169.33');
INSERT INTO `room_info` (`id`, `hotel_id`, `bed_variation`, `breakfast_included`, `own_kitchen`, `free_cancelation`, `base_price`) VALUES ('210', '77', '1 single', 0, 1, 0, '681.09');
INSERT INTO `room_info` (`id`, `hotel_id`, `bed_variation`, `breakfast_included`, `own_kitchen`, `free_cancelation`, `base_price`) VALUES ('211', '72', '3 single', 0, 1, 0, '504.85');
INSERT INTO `room_info` (`id`, `hotel_id`, `bed_variation`, `breakfast_included`, `own_kitchen`, `free_cancelation`, `base_price`) VALUES ('212', '98', '3 single', 1, 1, 0, '64.36');
INSERT INTO `room_info` (`id`, `hotel_id`, `bed_variation`, `breakfast_included`, `own_kitchen`, `free_cancelation`, `base_price`) VALUES ('213', '54', '2 single', 0, 0, 0, '987.08');
INSERT INTO `room_info` (`id`, `hotel_id`, `bed_variation`, `breakfast_included`, `own_kitchen`, `free_cancelation`, `base_price`) VALUES ('214', '70', '1 twin', 1, 0, 0, '517.18');
INSERT INTO `room_info` (`id`, `hotel_id`, `bed_variation`, `breakfast_included`, `own_kitchen`, `free_cancelation`, `base_price`) VALUES ('215', '55', '3 single', 0, 0, 0, '294.28');
INSERT INTO `room_info` (`id`, `hotel_id`, `bed_variation`, `breakfast_included`, `own_kitchen`, `free_cancelation`, `base_price`) VALUES ('216', '70', '2 single', 0, 1, 0, '201.51');
INSERT INTO `room_info` (`id`, `hotel_id`, `bed_variation`, `breakfast_included`, `own_kitchen`, `free_cancelation`, `base_price`) VALUES ('217', '60', '2 single', 1, 0, 1, '929.25');
INSERT INTO `room_info` (`id`, `hotel_id`, `bed_variation`, `breakfast_included`, `own_kitchen`, `free_cancelation`, `base_price`) VALUES ('218', '51', '1 single', 1, 0, 1, '654.47');
INSERT INTO `room_info` (`id`, `hotel_id`, `bed_variation`, `breakfast_included`, `own_kitchen`, `free_cancelation`, `base_price`) VALUES ('219', '75', '1 twin', 1, 1, 1, '380.73');
INSERT INTO `room_info` (`id`, `hotel_id`, `bed_variation`, `breakfast_included`, `own_kitchen`, `free_cancelation`, `base_price`) VALUES ('220', '81', '3 single', 1, 1, 1, '333.39');
INSERT INTO `room_info` (`id`, `hotel_id`, `bed_variation`, `breakfast_included`, `own_kitchen`, `free_cancelation`, `base_price`) VALUES ('221', '77', '3 single', 1, 1, 1, '344.88');
INSERT INTO `room_info` (`id`, `hotel_id`, `bed_variation`, `breakfast_included`, `own_kitchen`, `free_cancelation`, `base_price`) VALUES ('222', '55', '3 single', 0, 0, 1, '483.07');
INSERT INTO `room_info` (`id`, `hotel_id`, `bed_variation`, `breakfast_included`, `own_kitchen`, `free_cancelation`, `base_price`) VALUES ('223', '52', '2 single', 1, 0, 1, '192');
INSERT INTO `room_info` (`id`, `hotel_id`, `bed_variation`, `breakfast_included`, `own_kitchen`, `free_cancelation`, `base_price`) VALUES ('224', '77', '1 twin', 1, 1, 0, '881.81');
INSERT INTO `room_info` (`id`, `hotel_id`, `bed_variation`, `breakfast_included`, `own_kitchen`, `free_cancelation`, `base_price`) VALUES ('225', '58', '1 single', 1, 1, 1, '878.72');
INSERT INTO `room_info` (`id`, `hotel_id`, `bed_variation`, `breakfast_included`, `own_kitchen`, `free_cancelation`, `base_price`) VALUES ('226', '55', '1 single', 0, 0, 1, '651.71');
INSERT INTO `room_info` (`id`, `hotel_id`, `bed_variation`, `breakfast_included`, `own_kitchen`, `free_cancelation`, `base_price`) VALUES ('227', '61', '2 single', 0, 1, 0, '343.24');
INSERT INTO `room_info` (`id`, `hotel_id`, `bed_variation`, `breakfast_included`, `own_kitchen`, `free_cancelation`, `base_price`) VALUES ('228', '57', '1 twin', 0, 0, 0, '825.26');
INSERT INTO `room_info` (`id`, `hotel_id`, `bed_variation`, `breakfast_included`, `own_kitchen`, `free_cancelation`, `base_price`) VALUES ('229', '85', '3 single', 0, 1, 1, '493.43');
INSERT INTO `room_info` (`id`, `hotel_id`, `bed_variation`, `breakfast_included`, `own_kitchen`, `free_cancelation`, `base_price`) VALUES ('230', '75', '1 single', 0, 1, 0, '368.85');
INSERT INTO `room_info` (`id`, `hotel_id`, `bed_variation`, `breakfast_included`, `own_kitchen`, `free_cancelation`, `base_price`) VALUES ('231', '85', '3 single', 1, 1, 0, '524.31');
INSERT INTO `room_info` (`id`, `hotel_id`, `bed_variation`, `breakfast_included`, `own_kitchen`, `free_cancelation`, `base_price`) VALUES ('232', '72', '1 single', 1, 1, 1, '231.42');
INSERT INTO `room_info` (`id`, `hotel_id`, `bed_variation`, `breakfast_included`, `own_kitchen`, `free_cancelation`, `base_price`) VALUES ('233', '71', '2 single', 0, 1, 0, '967.36');
INSERT INTO `room_info` (`id`, `hotel_id`, `bed_variation`, `breakfast_included`, `own_kitchen`, `free_cancelation`, `base_price`) VALUES ('234', '55', '1 single', 0, 0, 1, '767.88');
INSERT INTO `room_info` (`id`, `hotel_id`, `bed_variation`, `breakfast_included`, `own_kitchen`, `free_cancelation`, `base_price`) VALUES ('235', '98', '1 single', 0, 1, 0, '133.82');
INSERT INTO `room_info` (`id`, `hotel_id`, `bed_variation`, `breakfast_included`, `own_kitchen`, `free_cancelation`, `base_price`) VALUES ('236', '98', '2 single', 0, 1, 1, '348.88');
INSERT INTO `room_info` (`id`, `hotel_id`, `bed_variation`, `breakfast_included`, `own_kitchen`, `free_cancelation`, `base_price`) VALUES ('237', '81', '3 single', 1, 0, 1, '651.53');
INSERT INTO `room_info` (`id`, `hotel_id`, `bed_variation`, `breakfast_included`, `own_kitchen`, `free_cancelation`, `base_price`) VALUES ('238', '71', '2 single', 0, 0, 0, '669.45');
INSERT INTO `room_info` (`id`, `hotel_id`, `bed_variation`, `breakfast_included`, `own_kitchen`, `free_cancelation`, `base_price`) VALUES ('239', '99', '3 single', 1, 0, 0, '139.16');
INSERT INTO `room_info` (`id`, `hotel_id`, `bed_variation`, `breakfast_included`, `own_kitchen`, `free_cancelation`, `base_price`) VALUES ('240', '83', '3 single', 1, 0, 0, '286.28');
INSERT INTO `room_info` (`id`, `hotel_id`, `bed_variation`, `breakfast_included`, `own_kitchen`, `free_cancelation`, `base_price`) VALUES ('241', '53', '2 single', 0, 1, 0, '600.29');
INSERT INTO `room_info` (`id`, `hotel_id`, `bed_variation`, `breakfast_included`, `own_kitchen`, `free_cancelation`, `base_price`) VALUES ('242', '71', '2 single', 0, 0, 0, '406.49');
INSERT INTO `room_info` (`id`, `hotel_id`, `bed_variation`, `breakfast_included`, `own_kitchen`, `free_cancelation`, `base_price`) VALUES ('243', '82', '2 single', 1, 1, 1, '964.12');
INSERT INTO `room_info` (`id`, `hotel_id`, `bed_variation`, `breakfast_included`, `own_kitchen`, `free_cancelation`, `base_price`) VALUES ('244', '57', '1 twin', 1, 0, 1, '567.96');
INSERT INTO `room_info` (`id`, `hotel_id`, `bed_variation`, `breakfast_included`, `own_kitchen`, `free_cancelation`, `base_price`) VALUES ('245', '99', '2 single', 0, 0, 1, '670');
INSERT INTO `room_info` (`id`, `hotel_id`, `bed_variation`, `breakfast_included`, `own_kitchen`, `free_cancelation`, `base_price`) VALUES ('246', '88', '1 single', 0, 0, 1, '368.45');
INSERT INTO `room_info` (`id`, `hotel_id`, `bed_variation`, `breakfast_included`, `own_kitchen`, `free_cancelation`, `base_price`) VALUES ('247', '81', '1 twin', 0, 0, 0, '865.48');
INSERT INTO `room_info` (`id`, `hotel_id`, `bed_variation`, `breakfast_included`, `own_kitchen`, `free_cancelation`, `base_price`) VALUES ('248', '60', '1 twin', 0, 1, 0, '812.29');
INSERT INTO `room_info` (`id`, `hotel_id`, `bed_variation`, `breakfast_included`, `own_kitchen`, `free_cancelation`, `base_price`) VALUES ('249', '88', '1 twin', 0, 1, 1, '171.22');
INSERT INTO `room_info` (`id`, `hotel_id`, `bed_variation`, `breakfast_included`, `own_kitchen`, `free_cancelation`, `base_price`) VALUES ('250', '58', '2 single', 1, 1, 1, '790.31');
INSERT INTO `room_info` (`id`, `hotel_id`, `bed_variation`, `breakfast_included`, `own_kitchen`, `free_cancelation`, `base_price`) VALUES ('251', '95', '2 single', 1, 1, 1, '64.85');
INSERT INTO `room_info` (`id`, `hotel_id`, `bed_variation`, `breakfast_included`, `own_kitchen`, `free_cancelation`, `base_price`) VALUES ('252', '69', '3 single', 0, 1, 1, '676.45');
INSERT INTO `room_info` (`id`, `hotel_id`, `bed_variation`, `breakfast_included`, `own_kitchen`, `free_cancelation`, `base_price`) VALUES ('253', '65', '3 single', 0, 0, 0, '887.56');
INSERT INTO `room_info` (`id`, `hotel_id`, `bed_variation`, `breakfast_included`, `own_kitchen`, `free_cancelation`, `base_price`) VALUES ('254', '99', '3 single', 0, 0, 1, '178.52');
INSERT INTO `room_info` (`id`, `hotel_id`, `bed_variation`, `breakfast_included`, `own_kitchen`, `free_cancelation`, `base_price`) VALUES ('255', '51', '3 single', 1, 1, 1, '242.07');
INSERT INTO `room_info` (`id`, `hotel_id`, `bed_variation`, `breakfast_included`, `own_kitchen`, `free_cancelation`, `base_price`) VALUES ('256', '77', '1 twin', 0, 1, 0, '138.99');
INSERT INTO `room_info` (`id`, `hotel_id`, `bed_variation`, `breakfast_included`, `own_kitchen`, `free_cancelation`, `base_price`) VALUES ('257', '54', '2 single', 1, 0, 1, '239.21');
INSERT INTO `room_info` (`id`, `hotel_id`, `bed_variation`, `breakfast_included`, `own_kitchen`, `free_cancelation`, `base_price`) VALUES ('258', '65', '3 single', 1, 1, 1, '193.81');
INSERT INTO `room_info` (`id`, `hotel_id`, `bed_variation`, `breakfast_included`, `own_kitchen`, `free_cancelation`, `base_price`) VALUES ('259', '85', '2 single', 0, 1, 0, '126.36');
INSERT INTO `room_info` (`id`, `hotel_id`, `bed_variation`, `breakfast_included`, `own_kitchen`, `free_cancelation`, `base_price`) VALUES ('260', '92', '1 single', 1, 0, 0, '45.54');
INSERT INTO `room_info` (`id`, `hotel_id`, `bed_variation`, `breakfast_included`, `own_kitchen`, `free_cancelation`, `base_price`) VALUES ('261', '92', '2 single', 1, 0, 1, '938.96');
INSERT INTO `room_info` (`id`, `hotel_id`, `bed_variation`, `breakfast_included`, `own_kitchen`, `free_cancelation`, `base_price`) VALUES ('262', '75', '1 single', 1, 1, 1, '333.75');
INSERT INTO `room_info` (`id`, `hotel_id`, `bed_variation`, `breakfast_included`, `own_kitchen`, `free_cancelation`, `base_price`) VALUES ('263', '68', '1 twin', 0, 1, 0, '661.03');
INSERT INTO `room_info` (`id`, `hotel_id`, `bed_variation`, `breakfast_included`, `own_kitchen`, `free_cancelation`, `base_price`) VALUES ('264', '68', '1 single', 0, 1, 0, '81.52');
INSERT INTO `room_info` (`id`, `hotel_id`, `bed_variation`, `breakfast_included`, `own_kitchen`, `free_cancelation`, `base_price`) VALUES ('265', '83', '2 single', 0, 1, 0, '343.43');
INSERT INTO `room_info` (`id`, `hotel_id`, `bed_variation`, `breakfast_included`, `own_kitchen`, `free_cancelation`, `base_price`) VALUES ('266', '66', '1 twin', 1, 0, 0, '559.73');
INSERT INTO `room_info` (`id`, `hotel_id`, `bed_variation`, `breakfast_included`, `own_kitchen`, `free_cancelation`, `base_price`) VALUES ('267', '66', '1 twin', 1, 0, 0, '264.9');
INSERT INTO `room_info` (`id`, `hotel_id`, `bed_variation`, `breakfast_included`, `own_kitchen`, `free_cancelation`, `base_price`) VALUES ('268', '65', '1 twin', 1, 0, 0, '771.84');
INSERT INTO `room_info` (`id`, `hotel_id`, `bed_variation`, `breakfast_included`, `own_kitchen`, `free_cancelation`, `base_price`) VALUES ('269', '89', '3 single', 1, 0, 1, '796.19');
INSERT INTO `room_info` (`id`, `hotel_id`, `bed_variation`, `breakfast_included`, `own_kitchen`, `free_cancelation`, `base_price`) VALUES ('270', '65', '3 single', 1, 0, 0, '18.55');
INSERT INTO `room_info` (`id`, `hotel_id`, `bed_variation`, `breakfast_included`, `own_kitchen`, `free_cancelation`, `base_price`) VALUES ('271', '53', '1 twin', 1, 0, 1, '710.15');
INSERT INTO `room_info` (`id`, `hotel_id`, `bed_variation`, `breakfast_included`, `own_kitchen`, `free_cancelation`, `base_price`) VALUES ('272', '98', '3 single', 1, 1, 1, '94.36');
INSERT INTO `room_info` (`id`, `hotel_id`, `bed_variation`, `breakfast_included`, `own_kitchen`, `free_cancelation`, `base_price`) VALUES ('273', '89', '2 single', 0, 0, 0, '136.65');
INSERT INTO `room_info` (`id`, `hotel_id`, `bed_variation`, `breakfast_included`, `own_kitchen`, `free_cancelation`, `base_price`) VALUES ('274', '84', '1 twin', 0, 1, 1, '988.02');
INSERT INTO `room_info` (`id`, `hotel_id`, `bed_variation`, `breakfast_included`, `own_kitchen`, `free_cancelation`, `base_price`) VALUES ('275', '56', '2 single', 1, 1, 0, '888.07');
INSERT INTO `room_info` (`id`, `hotel_id`, `bed_variation`, `breakfast_included`, `own_kitchen`, `free_cancelation`, `base_price`) VALUES ('276', '88', '1 twin', 1, 1, 1, '639.74');
INSERT INTO `room_info` (`id`, `hotel_id`, `bed_variation`, `breakfast_included`, `own_kitchen`, `free_cancelation`, `base_price`) VALUES ('277', '77', '1 single', 1, 1, 1, '358.62');
INSERT INTO `room_info` (`id`, `hotel_id`, `bed_variation`, `breakfast_included`, `own_kitchen`, `free_cancelation`, `base_price`) VALUES ('278', '88', '1 single', 0, 1, 1, '764.08');
INSERT INTO `room_info` (`id`, `hotel_id`, `bed_variation`, `breakfast_included`, `own_kitchen`, `free_cancelation`, `base_price`) VALUES ('279', '54', '1 twin', 1, 0, 0, '986.35');
INSERT INTO `room_info` (`id`, `hotel_id`, `bed_variation`, `breakfast_included`, `own_kitchen`, `free_cancelation`, `base_price`) VALUES ('280', '68', '3 single', 0, 1, 1, '484.46');
INSERT INTO `room_info` (`id`, `hotel_id`, `bed_variation`, `breakfast_included`, `own_kitchen`, `free_cancelation`, `base_price`) VALUES ('281', '52', '2 single', 1, 0, 0, '35.97');
INSERT INTO `room_info` (`id`, `hotel_id`, `bed_variation`, `breakfast_included`, `own_kitchen`, `free_cancelation`, `base_price`) VALUES ('282', '52', '3 single', 1, 0, 0, '505.79');
INSERT INTO `room_info` (`id`, `hotel_id`, `bed_variation`, `breakfast_included`, `own_kitchen`, `free_cancelation`, `base_price`) VALUES ('283', '88', '2 single', 0, 0, 1, '820.59');
INSERT INTO `room_info` (`id`, `hotel_id`, `bed_variation`, `breakfast_included`, `own_kitchen`, `free_cancelation`, `base_price`) VALUES ('284', '68', '3 single', 0, 0, 1, '208.96');
INSERT INTO `room_info` (`id`, `hotel_id`, `bed_variation`, `breakfast_included`, `own_kitchen`, `free_cancelation`, `base_price`) VALUES ('285', '52', '3 single', 1, 1, 1, '357.86');
INSERT INTO `room_info` (`id`, `hotel_id`, `bed_variation`, `breakfast_included`, `own_kitchen`, `free_cancelation`, `base_price`) VALUES ('286', '89', '2 single', 0, 1, 0, '347.56');
INSERT INTO `room_info` (`id`, `hotel_id`, `bed_variation`, `breakfast_included`, `own_kitchen`, `free_cancelation`, `base_price`) VALUES ('287', '51', '2 single', 1, 0, 1, '834.43');
INSERT INTO `room_info` (`id`, `hotel_id`, `bed_variation`, `breakfast_included`, `own_kitchen`, `free_cancelation`, `base_price`) VALUES ('288', '56', '1 twin', 0, 0, 0, '806.21');
INSERT INTO `room_info` (`id`, `hotel_id`, `bed_variation`, `breakfast_included`, `own_kitchen`, `free_cancelation`, `base_price`) VALUES ('289', '57', '1 single', 1, 1, 0, '805.24');
INSERT INTO `room_info` (`id`, `hotel_id`, `bed_variation`, `breakfast_included`, `own_kitchen`, `free_cancelation`, `base_price`) VALUES ('290', '86', '1 twin', 0, 1, 0, '715.32');
INSERT INTO `room_info` (`id`, `hotel_id`, `bed_variation`, `breakfast_included`, `own_kitchen`, `free_cancelation`, `base_price`) VALUES ('291', '52', '1 twin', 1, 0, 0, '192.85');
INSERT INTO `room_info` (`id`, `hotel_id`, `bed_variation`, `breakfast_included`, `own_kitchen`, `free_cancelation`, `base_price`) VALUES ('292', '54', '3 single', 1, 0, 1, '849.37');
INSERT INTO `room_info` (`id`, `hotel_id`, `bed_variation`, `breakfast_included`, `own_kitchen`, `free_cancelation`, `base_price`) VALUES ('293', '65', '1 single', 0, 1, 1, '269.72');
INSERT INTO `room_info` (`id`, `hotel_id`, `bed_variation`, `breakfast_included`, `own_kitchen`, `free_cancelation`, `base_price`) VALUES ('294', '70', '1 twin', 0, 0, 0, '830.84');
INSERT INTO `room_info` (`id`, `hotel_id`, `bed_variation`, `breakfast_included`, `own_kitchen`, `free_cancelation`, `base_price`) VALUES ('295', '71', '3 single', 0, 0, 1, '341.37');
INSERT INTO `room_info` (`id`, `hotel_id`, `bed_variation`, `breakfast_included`, `own_kitchen`, `free_cancelation`, `base_price`) VALUES ('296', '52', '3 single', 1, 0, 0, '518.07');
INSERT INTO `room_info` (`id`, `hotel_id`, `bed_variation`, `breakfast_included`, `own_kitchen`, `free_cancelation`, `base_price`) VALUES ('297', '88', '3 single', 0, 1, 1, '928.07');
INSERT INTO `room_info` (`id`, `hotel_id`, `bed_variation`, `breakfast_included`, `own_kitchen`, `free_cancelation`, `base_price`) VALUES ('298', '92', '1 single', 1, 0, 0, '848.43');
INSERT INTO `room_info` (`id`, `hotel_id`, `bed_variation`, `breakfast_included`, `own_kitchen`, `free_cancelation`, `base_price`) VALUES ('299', '68', '2 single', 1, 1, 1, '153.69');
INSERT INTO `room_info` (`id`, `hotel_id`, `bed_variation`, `breakfast_included`, `own_kitchen`, `free_cancelation`, `base_price`) VALUES ('300', '83', '2 single', 0, 0, 0, '141.98');
INSERT INTO `room_info` (`id`, `hotel_id`, `bed_variation`, `breakfast_included`, `own_kitchen`, `free_cancelation`, `base_price`) VALUES ('301', '59', '3 single', 1, 1, 1, '938.95');
INSERT INTO `room_info` (`id`, `hotel_id`, `bed_variation`, `breakfast_included`, `own_kitchen`, `free_cancelation`, `base_price`) VALUES ('302', '70', '3 single', 0, 1, 0, '839.75');
INSERT INTO `room_info` (`id`, `hotel_id`, `bed_variation`, `breakfast_included`, `own_kitchen`, `free_cancelation`, `base_price`) VALUES ('303', '82', '2 single', 1, 0, 1, '795');
INSERT INTO `room_info` (`id`, `hotel_id`, `bed_variation`, `breakfast_included`, `own_kitchen`, `free_cancelation`, `base_price`) VALUES ('304', '54', '1 single', 0, 1, 0, '698.87');
INSERT INTO `room_info` (`id`, `hotel_id`, `bed_variation`, `breakfast_included`, `own_kitchen`, `free_cancelation`, `base_price`) VALUES ('305', '58', '3 single', 0, 0, 1, '616.3');
INSERT INTO `room_info` (`id`, `hotel_id`, `bed_variation`, `breakfast_included`, `own_kitchen`, `free_cancelation`, `base_price`) VALUES ('306', '88', '2 single', 1, 1, 1, '63.86');
INSERT INTO `room_info` (`id`, `hotel_id`, `bed_variation`, `breakfast_included`, `own_kitchen`, `free_cancelation`, `base_price`) VALUES ('307', '98', '3 single', 0, 0, 1, '90.53');
INSERT INTO `room_info` (`id`, `hotel_id`, `bed_variation`, `breakfast_included`, `own_kitchen`, `free_cancelation`, `base_price`) VALUES ('308', '86', '3 single', 1, 1, 1, '222.52');
INSERT INTO `room_info` (`id`, `hotel_id`, `bed_variation`, `breakfast_included`, `own_kitchen`, `free_cancelation`, `base_price`) VALUES ('309', '82', '2 single', 1, 0, 0, '12.07');
INSERT INTO `room_info` (`id`, `hotel_id`, `bed_variation`, `breakfast_included`, `own_kitchen`, `free_cancelation`, `base_price`) VALUES ('310', '53', '1 single', 1, 0, 0, '186.75');
INSERT INTO `room_info` (`id`, `hotel_id`, `bed_variation`, `breakfast_included`, `own_kitchen`, `free_cancelation`, `base_price`) VALUES ('311', '58', '1 twin', 0, 0, 1, '486.06');
INSERT INTO `room_info` (`id`, `hotel_id`, `bed_variation`, `breakfast_included`, `own_kitchen`, `free_cancelation`, `base_price`) VALUES ('312', '83', '1 twin', 1, 1, 0, '576.42');
INSERT INTO `room_info` (`id`, `hotel_id`, `bed_variation`, `breakfast_included`, `own_kitchen`, `free_cancelation`, `base_price`) VALUES ('313', '55', '3 single', 1, 0, 0, '804.83');
INSERT INTO `room_info` (`id`, `hotel_id`, `bed_variation`, `breakfast_included`, `own_kitchen`, `free_cancelation`, `base_price`) VALUES ('314', '53', '1 twin', 0, 1, 1, '970.89');
INSERT INTO `room_info` (`id`, `hotel_id`, `bed_variation`, `breakfast_included`, `own_kitchen`, `free_cancelation`, `base_price`) VALUES ('315', '55', '3 single', 1, 1, 0, '946.73');
INSERT INTO `room_info` (`id`, `hotel_id`, `bed_variation`, `breakfast_included`, `own_kitchen`, `free_cancelation`, `base_price`) VALUES ('316', '56', '3 single', 1, 1, 1, '400.58');
INSERT INTO `room_info` (`id`, `hotel_id`, `bed_variation`, `breakfast_included`, `own_kitchen`, `free_cancelation`, `base_price`) VALUES ('317', '98', '3 single', 0, 1, 0, '415.3');
INSERT INTO `room_info` (`id`, `hotel_id`, `bed_variation`, `breakfast_included`, `own_kitchen`, `free_cancelation`, `base_price`) VALUES ('318', '55', '1 single', 0, 1, 1, '553.71');
INSERT INTO `room_info` (`id`, `hotel_id`, `bed_variation`, `breakfast_included`, `own_kitchen`, `free_cancelation`, `base_price`) VALUES ('319', '61', '2 single', 1, 0, 0, '64.5');
INSERT INTO `room_info` (`id`, `hotel_id`, `bed_variation`, `breakfast_included`, `own_kitchen`, `free_cancelation`, `base_price`) VALUES ('320', '55', '1 single', 1, 0, 0, '691.82');
INSERT INTO `room_info` (`id`, `hotel_id`, `bed_variation`, `breakfast_included`, `own_kitchen`, `free_cancelation`, `base_price`) VALUES ('321', '95', '3 single', 0, 0, 1, '524.66');
INSERT INTO `room_info` (`id`, `hotel_id`, `bed_variation`, `breakfast_included`, `own_kitchen`, `free_cancelation`, `base_price`) VALUES ('322', '66', '3 single', 0, 1, 1, '379.96');
INSERT INTO `room_info` (`id`, `hotel_id`, `bed_variation`, `breakfast_included`, `own_kitchen`, `free_cancelation`, `base_price`) VALUES ('323', '59', '1 single', 1, 0, 1, '756.86');
INSERT INTO `room_info` (`id`, `hotel_id`, `bed_variation`, `breakfast_included`, `own_kitchen`, `free_cancelation`, `base_price`) VALUES ('324', '60', '3 single', 1, 1, 0, '740.18');
INSERT INTO `room_info` (`id`, `hotel_id`, `bed_variation`, `breakfast_included`, `own_kitchen`, `free_cancelation`, `base_price`) VALUES ('325', '88', '3 single', 0, 0, 1, '529.65');
INSERT INTO `room_info` (`id`, `hotel_id`, `bed_variation`, `breakfast_included`, `own_kitchen`, `free_cancelation`, `base_price`) VALUES ('326', '85', '1 single', 1, 0, 1, '961.37');
INSERT INTO `room_info` (`id`, `hotel_id`, `bed_variation`, `breakfast_included`, `own_kitchen`, `free_cancelation`, `base_price`) VALUES ('327', '61', '2 single', 0, 0, 0, '811.67');
INSERT INTO `room_info` (`id`, `hotel_id`, `bed_variation`, `breakfast_included`, `own_kitchen`, `free_cancelation`, `base_price`) VALUES ('328', '81', '3 single', 1, 1, 1, '707.37');
INSERT INTO `room_info` (`id`, `hotel_id`, `bed_variation`, `breakfast_included`, `own_kitchen`, `free_cancelation`, `base_price`) VALUES ('329', '81', '2 single', 0, 0, 0, '596.99');
INSERT INTO `room_info` (`id`, `hotel_id`, `bed_variation`, `breakfast_included`, `own_kitchen`, `free_cancelation`, `base_price`) VALUES ('330', '84', '2 single', 0, 0, 0, '689.61');
INSERT INTO `room_info` (`id`, `hotel_id`, `bed_variation`, `breakfast_included`, `own_kitchen`, `free_cancelation`, `base_price`) VALUES ('331', '66', '3 single', 1, 0, 1, '440.67');
INSERT INTO `room_info` (`id`, `hotel_id`, `bed_variation`, `breakfast_included`, `own_kitchen`, `free_cancelation`, `base_price`) VALUES ('332', '95', '1 single', 0, 1, 0, '541.57');
INSERT INTO `room_info` (`id`, `hotel_id`, `bed_variation`, `breakfast_included`, `own_kitchen`, `free_cancelation`, `base_price`) VALUES ('333', '57', '1 twin', 1, 1, 1, '823.89');
INSERT INTO `room_info` (`id`, `hotel_id`, `bed_variation`, `breakfast_included`, `own_kitchen`, `free_cancelation`, `base_price`) VALUES ('334', '53', '3 single', 0, 0, 1, '681.1');
INSERT INTO `room_info` (`id`, `hotel_id`, `bed_variation`, `breakfast_included`, `own_kitchen`, `free_cancelation`, `base_price`) VALUES ('335', '51', '1 single', 1, 0, 1, '755.68');
INSERT INTO `room_info` (`id`, `hotel_id`, `bed_variation`, `breakfast_included`, `own_kitchen`, `free_cancelation`, `base_price`) VALUES ('336', '69', '1 twin', 1, 0, 0, '555.12');
INSERT INTO `room_info` (`id`, `hotel_id`, `bed_variation`, `breakfast_included`, `own_kitchen`, `free_cancelation`, `base_price`) VALUES ('337', '95', '2 single', 1, 0, 1, '473.98');
INSERT INTO `room_info` (`id`, `hotel_id`, `bed_variation`, `breakfast_included`, `own_kitchen`, `free_cancelation`, `base_price`) VALUES ('338', '99', '1 twin', 1, 1, 1, '721.42');
INSERT INTO `room_info` (`id`, `hotel_id`, `bed_variation`, `breakfast_included`, `own_kitchen`, `free_cancelation`, `base_price`) VALUES ('339', '59', '1 twin', 0, 0, 0, '607.91');
INSERT INTO `room_info` (`id`, `hotel_id`, `bed_variation`, `breakfast_included`, `own_kitchen`, `free_cancelation`, `base_price`) VALUES ('340', '77', '3 single', 0, 0, 0, '171.1');
INSERT INTO `room_info` (`id`, `hotel_id`, `bed_variation`, `breakfast_included`, `own_kitchen`, `free_cancelation`, `base_price`) VALUES ('341', '52', '3 single', 0, 0, 1, '375.33');
INSERT INTO `room_info` (`id`, `hotel_id`, `bed_variation`, `breakfast_included`, `own_kitchen`, `free_cancelation`, `base_price`) VALUES ('342', '71', '1 single', 1, 1, 0, '486.51');
INSERT INTO `room_info` (`id`, `hotel_id`, `bed_variation`, `breakfast_included`, `own_kitchen`, `free_cancelation`, `base_price`) VALUES ('343', '60', '2 single', 0, 0, 0, '862.71');
INSERT INTO `room_info` (`id`, `hotel_id`, `bed_variation`, `breakfast_included`, `own_kitchen`, `free_cancelation`, `base_price`) VALUES ('344', '56', '3 single', 0, 1, 0, '959');
INSERT INTO `room_info` (`id`, `hotel_id`, `bed_variation`, `breakfast_included`, `own_kitchen`, `free_cancelation`, `base_price`) VALUES ('345', '75', '1 twin', 0, 0, 0, '305.93');
INSERT INTO `room_info` (`id`, `hotel_id`, `bed_variation`, `breakfast_included`, `own_kitchen`, `free_cancelation`, `base_price`) VALUES ('346', '69', '2 single', 0, 0, 1, '668.05');
INSERT INTO `room_info` (`id`, `hotel_id`, `bed_variation`, `breakfast_included`, `own_kitchen`, `free_cancelation`, `base_price`) VALUES ('347', '65', '1 twin', 1, 0, 1, '269.09');
INSERT INTO `room_info` (`id`, `hotel_id`, `bed_variation`, `breakfast_included`, `own_kitchen`, `free_cancelation`, `base_price`) VALUES ('348', '72', '2 single', 0, 1, 1, '793.65');
INSERT INTO `room_info` (`id`, `hotel_id`, `bed_variation`, `breakfast_included`, `own_kitchen`, `free_cancelation`, `base_price`) VALUES ('349', '77', '2 single', 1, 0, 1, '659.13');
INSERT INTO `room_info` (`id`, `hotel_id`, `bed_variation`, `breakfast_included`, `own_kitchen`, `free_cancelation`, `base_price`) VALUES ('350', '82', '2 single', 1, 1, 1, '318.21');
INSERT INTO `room_info` (`id`, `hotel_id`, `bed_variation`, `breakfast_included`, `own_kitchen`, `free_cancelation`, `base_price`) VALUES ('351', '82', '2 single', 0, 0, 1, '193.66');
INSERT INTO `room_info` (`id`, `hotel_id`, `bed_variation`, `breakfast_included`, `own_kitchen`, `free_cancelation`, `base_price`) VALUES ('352', '71', '1 single', 1, 0, 0, '128.18');
INSERT INTO `room_info` (`id`, `hotel_id`, `bed_variation`, `breakfast_included`, `own_kitchen`, `free_cancelation`, `base_price`) VALUES ('353', '52', '3 single', 0, 0, 1, '816.26');
INSERT INTO `room_info` (`id`, `hotel_id`, `bed_variation`, `breakfast_included`, `own_kitchen`, `free_cancelation`, `base_price`) VALUES ('354', '95', '1 twin', 0, 0, 0, '615.96');
INSERT INTO `room_info` (`id`, `hotel_id`, `bed_variation`, `breakfast_included`, `own_kitchen`, `free_cancelation`, `base_price`) VALUES ('355', '86', '1 single', 1, 1, 1, '221.25');
INSERT INTO `room_info` (`id`, `hotel_id`, `bed_variation`, `breakfast_included`, `own_kitchen`, `free_cancelation`, `base_price`) VALUES ('356', '89', '1 twin', 0, 0, 1, '126.29');
INSERT INTO `room_info` (`id`, `hotel_id`, `bed_variation`, `breakfast_included`, `own_kitchen`, `free_cancelation`, `base_price`) VALUES ('357', '82', '3 single', 1, 1, 1, '797.66');
INSERT INTO `room_info` (`id`, `hotel_id`, `bed_variation`, `breakfast_included`, `own_kitchen`, `free_cancelation`, `base_price`) VALUES ('358', '55', '3 single', 1, 1, 1, '326.02');
INSERT INTO `room_info` (`id`, `hotel_id`, `bed_variation`, `breakfast_included`, `own_kitchen`, `free_cancelation`, `base_price`) VALUES ('359', '72', '1 single', 1, 0, 0, '938.84');
INSERT INTO `room_info` (`id`, `hotel_id`, `bed_variation`, `breakfast_included`, `own_kitchen`, `free_cancelation`, `base_price`) VALUES ('360', '65', '2 single', 0, 0, 1, '389.37');
INSERT INTO `room_info` (`id`, `hotel_id`, `bed_variation`, `breakfast_included`, `own_kitchen`, `free_cancelation`, `base_price`) VALUES ('361', '89', '2 single', 1, 1, 1, '898.61');
INSERT INTO `room_info` (`id`, `hotel_id`, `bed_variation`, `breakfast_included`, `own_kitchen`, `free_cancelation`, `base_price`) VALUES ('362', '92', '1 single', 0, 1, 1, '679.77');
INSERT INTO `room_info` (`id`, `hotel_id`, `bed_variation`, `breakfast_included`, `own_kitchen`, `free_cancelation`, `base_price`) VALUES ('363', '59', '1 single', 0, 0, 0, '983.7');
INSERT INTO `room_info` (`id`, `hotel_id`, `bed_variation`, `breakfast_included`, `own_kitchen`, `free_cancelation`, `base_price`) VALUES ('364', '53', '3 single', 0, 0, 0, '895.82');
INSERT INTO `room_info` (`id`, `hotel_id`, `bed_variation`, `breakfast_included`, `own_kitchen`, `free_cancelation`, `base_price`) VALUES ('365', '99', '1 twin', 0, 0, 0, '149.45');
INSERT INTO `room_info` (`id`, `hotel_id`, `bed_variation`, `breakfast_included`, `own_kitchen`, `free_cancelation`, `base_price`) VALUES ('366', '60', '2 single', 0, 0, 1, '268.18');
INSERT INTO `room_info` (`id`, `hotel_id`, `bed_variation`, `breakfast_included`, `own_kitchen`, `free_cancelation`, `base_price`) VALUES ('367', '71', '1 twin', 0, 0, 1, '875.45');
INSERT INTO `room_info` (`id`, `hotel_id`, `bed_variation`, `breakfast_included`, `own_kitchen`, `free_cancelation`, `base_price`) VALUES ('368', '92', '3 single', 0, 0, 0, '527.45');
INSERT INTO `room_info` (`id`, `hotel_id`, `bed_variation`, `breakfast_included`, `own_kitchen`, `free_cancelation`, `base_price`) VALUES ('369', '60', '1 single', 1, 1, 1, '180.86');
INSERT INTO `room_info` (`id`, `hotel_id`, `bed_variation`, `breakfast_included`, `own_kitchen`, `free_cancelation`, `base_price`) VALUES ('370', '84', '2 single', 0, 1, 0, '765.96');
INSERT INTO `room_info` (`id`, `hotel_id`, `bed_variation`, `breakfast_included`, `own_kitchen`, `free_cancelation`, `base_price`) VALUES ('371', '70', '1 twin', 0, 0, 1, '320.62');
INSERT INTO `room_info` (`id`, `hotel_id`, `bed_variation`, `breakfast_included`, `own_kitchen`, `free_cancelation`, `base_price`) VALUES ('372', '65', '1 twin', 1, 1, 0, '772.65');
INSERT INTO `room_info` (`id`, `hotel_id`, `bed_variation`, `breakfast_included`, `own_kitchen`, `free_cancelation`, `base_price`) VALUES ('373', '58', '1 twin', 1, 1, 1, '359.54');
INSERT INTO `room_info` (`id`, `hotel_id`, `bed_variation`, `breakfast_included`, `own_kitchen`, `free_cancelation`, `base_price`) VALUES ('374', '85', '1 twin', 0, 0, 1, '977.25');
INSERT INTO `room_info` (`id`, `hotel_id`, `bed_variation`, `breakfast_included`, `own_kitchen`, `free_cancelation`, `base_price`) VALUES ('375', '72', '3 single', 1, 1, 1, '866.22');
INSERT INTO `room_info` (`id`, `hotel_id`, `bed_variation`, `breakfast_included`, `own_kitchen`, `free_cancelation`, `base_price`) VALUES ('376', '86', '1 twin', 1, 1, 0, '88.4');
INSERT INTO `room_info` (`id`, `hotel_id`, `bed_variation`, `breakfast_included`, `own_kitchen`, `free_cancelation`, `base_price`) VALUES ('377', '57', '1 twin', 0, 0, 0, '274.59');
INSERT INTO `room_info` (`id`, `hotel_id`, `bed_variation`, `breakfast_included`, `own_kitchen`, `free_cancelation`, `base_price`) VALUES ('378', '89', '2 single', 0, 0, 1, '360.08');
INSERT INTO `room_info` (`id`, `hotel_id`, `bed_variation`, `breakfast_included`, `own_kitchen`, `free_cancelation`, `base_price`) VALUES ('379', '61', '1 single', 1, 1, 0, '932.54');
INSERT INTO `room_info` (`id`, `hotel_id`, `bed_variation`, `breakfast_included`, `own_kitchen`, `free_cancelation`, `base_price`) VALUES ('380', '85', '1 twin', 0, 1, 0, '272.86');
INSERT INTO `room_info` (`id`, `hotel_id`, `bed_variation`, `breakfast_included`, `own_kitchen`, `free_cancelation`, `base_price`) VALUES ('381', '72', '2 single', 1, 0, 1, '222.21');
INSERT INTO `room_info` (`id`, `hotel_id`, `bed_variation`, `breakfast_included`, `own_kitchen`, `free_cancelation`, `base_price`) VALUES ('382', '99', '3 single', 1, 0, 1, '270.58');
INSERT INTO `room_info` (`id`, `hotel_id`, `bed_variation`, `breakfast_included`, `own_kitchen`, `free_cancelation`, `base_price`) VALUES ('383', '60', '1 single', 0, 1, 0, '298.15');
INSERT INTO `room_info` (`id`, `hotel_id`, `bed_variation`, `breakfast_included`, `own_kitchen`, `free_cancelation`, `base_price`) VALUES ('384', '75', '1 single', 1, 1, 0, '23.4');
INSERT INTO `room_info` (`id`, `hotel_id`, `bed_variation`, `breakfast_included`, `own_kitchen`, `free_cancelation`, `base_price`) VALUES ('385', '95', '1 twin', 1, 0, 0, '452.69');
INSERT INTO `room_info` (`id`, `hotel_id`, `bed_variation`, `breakfast_included`, `own_kitchen`, `free_cancelation`, `base_price`) VALUES ('386', '53', '2 single', 0, 0, 1, '517.96');
INSERT INTO `room_info` (`id`, `hotel_id`, `bed_variation`, `breakfast_included`, `own_kitchen`, `free_cancelation`, `base_price`) VALUES ('387', '69', '2 single', 1, 1, 0, '873.12');
INSERT INTO `room_info` (`id`, `hotel_id`, `bed_variation`, `breakfast_included`, `own_kitchen`, `free_cancelation`, `base_price`) VALUES ('388', '80', '3 single', 0, 1, 1, '286.68');
INSERT INTO `room_info` (`id`, `hotel_id`, `bed_variation`, `breakfast_included`, `own_kitchen`, `free_cancelation`, `base_price`) VALUES ('389', '57', '1 twin', 1, 0, 0, '919.99');
INSERT INTO `room_info` (`id`, `hotel_id`, `bed_variation`, `breakfast_included`, `own_kitchen`, `free_cancelation`, `base_price`) VALUES ('390', '98', '1 twin', 0, 1, 0, '229.5');
INSERT INTO `room_info` (`id`, `hotel_id`, `bed_variation`, `breakfast_included`, `own_kitchen`, `free_cancelation`, `base_price`) VALUES ('391', '99', '2 single', 0, 0, 0, '331.6');
INSERT INTO `room_info` (`id`, `hotel_id`, `bed_variation`, `breakfast_included`, `own_kitchen`, `free_cancelation`, `base_price`) VALUES ('392', '53', '3 single', 1, 1, 0, '892.57');
INSERT INTO `room_info` (`id`, `hotel_id`, `bed_variation`, `breakfast_included`, `own_kitchen`, `free_cancelation`, `base_price`) VALUES ('393', '89', '1 single', 1, 1, 1, '388.82');
INSERT INTO `room_info` (`id`, `hotel_id`, `bed_variation`, `breakfast_included`, `own_kitchen`, `free_cancelation`, `base_price`) VALUES ('394', '59', '2 single', 0, 1, 1, '431.85');
INSERT INTO `room_info` (`id`, `hotel_id`, `bed_variation`, `breakfast_included`, `own_kitchen`, `free_cancelation`, `base_price`) VALUES ('395', '55', '1 twin', 0, 1, 0, '629.93');
INSERT INTO `room_info` (`id`, `hotel_id`, `bed_variation`, `breakfast_included`, `own_kitchen`, `free_cancelation`, `base_price`) VALUES ('396', '88', '2 single', 0, 0, 0, '528.35');
INSERT INTO `room_info` (`id`, `hotel_id`, `bed_variation`, `breakfast_included`, `own_kitchen`, `free_cancelation`, `base_price`) VALUES ('397', '72', '1 single', 1, 0, 0, '44.28');
INSERT INTO `room_info` (`id`, `hotel_id`, `bed_variation`, `breakfast_included`, `own_kitchen`, `free_cancelation`, `base_price`) VALUES ('398', '80', '1 twin', 0, 1, 1, '752.9');
INSERT INTO `room_info` (`id`, `hotel_id`, `bed_variation`, `breakfast_included`, `own_kitchen`, `free_cancelation`, `base_price`) VALUES ('399', '83', '2 single', 1, 0, 0, '656.14');
INSERT INTO `room_info` (`id`, `hotel_id`, `bed_variation`, `breakfast_included`, `own_kitchen`, `free_cancelation`, `base_price`) VALUES ('400', '88', '3 single', 0, 0, 0, '292.12');
INSERT INTO `room_info` (`id`, `hotel_id`, `bed_variation`, `breakfast_included`, `own_kitchen`, `free_cancelation`, `base_price`) VALUES ('401', '66', '1 single', 1, 1, 0, '220.4');
INSERT INTO `room_info` (`id`, `hotel_id`, `bed_variation`, `breakfast_included`, `own_kitchen`, `free_cancelation`, `base_price`) VALUES ('402', '57', '1 single', 0, 1, 1, '522.9');
INSERT INTO `room_info` (`id`, `hotel_id`, `bed_variation`, `breakfast_included`, `own_kitchen`, `free_cancelation`, `base_price`) VALUES ('403', '56', '2 single', 0, 1, 1, '738.99');
INSERT INTO `room_info` (`id`, `hotel_id`, `bed_variation`, `breakfast_included`, `own_kitchen`, `free_cancelation`, `base_price`) VALUES ('404', '80', '1 twin', 0, 0, 0, '302.53');
INSERT INTO `room_info` (`id`, `hotel_id`, `bed_variation`, `breakfast_included`, `own_kitchen`, `free_cancelation`, `base_price`) VALUES ('405', '98', '2 single', 1, 0, 0, '635.38');
INSERT INTO `room_info` (`id`, `hotel_id`, `bed_variation`, `breakfast_included`, `own_kitchen`, `free_cancelation`, `base_price`) VALUES ('406', '82', '3 single', 0, 1, 0, '183.62');
INSERT INTO `room_info` (`id`, `hotel_id`, `bed_variation`, `breakfast_included`, `own_kitchen`, `free_cancelation`, `base_price`) VALUES ('407', '69', '3 single', 1, 1, 0, '691.89');
INSERT INTO `room_info` (`id`, `hotel_id`, `bed_variation`, `breakfast_included`, `own_kitchen`, `free_cancelation`, `base_price`) VALUES ('408', '55', '1 twin', 1, 0, 1, '872.83');
INSERT INTO `room_info` (`id`, `hotel_id`, `bed_variation`, `breakfast_included`, `own_kitchen`, `free_cancelation`, `base_price`) VALUES ('409', '72', '2 single', 1, 0, 0, '414.96');
INSERT INTO `room_info` (`id`, `hotel_id`, `bed_variation`, `breakfast_included`, `own_kitchen`, `free_cancelation`, `base_price`) VALUES ('410', '85', '1 single', 1, 0, 0, '253.62');
INSERT INTO `room_info` (`id`, `hotel_id`, `bed_variation`, `breakfast_included`, `own_kitchen`, `free_cancelation`, `base_price`) VALUES ('411', '95', '3 single', 0, 1, 0, '706.61');
INSERT INTO `room_info` (`id`, `hotel_id`, `bed_variation`, `breakfast_included`, `own_kitchen`, `free_cancelation`, `base_price`) VALUES ('412', '53', '2 single', 0, 1, 0, '348.56');
INSERT INTO `room_info` (`id`, `hotel_id`, `bed_variation`, `breakfast_included`, `own_kitchen`, `free_cancelation`, `base_price`) VALUES ('413', '85', '3 single', 1, 0, 1, '122.58');
INSERT INTO `room_info` (`id`, `hotel_id`, `bed_variation`, `breakfast_included`, `own_kitchen`, `free_cancelation`, `base_price`) VALUES ('414', '58', '1 twin', 1, 0, 0, '55.54');
INSERT INTO `room_info` (`id`, `hotel_id`, `bed_variation`, `breakfast_included`, `own_kitchen`, `free_cancelation`, `base_price`) VALUES ('415', '81', '3 single', 1, 1, 1, '12');
INSERT INTO `room_info` (`id`, `hotel_id`, `bed_variation`, `breakfast_included`, `own_kitchen`, `free_cancelation`, `base_price`) VALUES ('416', '82', '1 twin', 1, 1, 0, '891.78');
INSERT INTO `room_info` (`id`, `hotel_id`, `bed_variation`, `breakfast_included`, `own_kitchen`, `free_cancelation`, `base_price`) VALUES ('417', '60', '1 twin', 0, 1, 1, '612.82');
INSERT INTO `room_info` (`id`, `hotel_id`, `bed_variation`, `breakfast_included`, `own_kitchen`, `free_cancelation`, `base_price`) VALUES ('418', '53', '1 single', 0, 1, 1, '810.53');
INSERT INTO `room_info` (`id`, `hotel_id`, `bed_variation`, `breakfast_included`, `own_kitchen`, `free_cancelation`, `base_price`) VALUES ('419', '60', '1 twin', 0, 0, 0, '499.29');
INSERT INTO `room_info` (`id`, `hotel_id`, `bed_variation`, `breakfast_included`, `own_kitchen`, `free_cancelation`, `base_price`) VALUES ('420', '71', '3 single', 1, 1, 0, '645.93');
INSERT INTO `room_info` (`id`, `hotel_id`, `bed_variation`, `breakfast_included`, `own_kitchen`, `free_cancelation`, `base_price`) VALUES ('421', '52', '1 single', 0, 1, 1, '102.06');
INSERT INTO `room_info` (`id`, `hotel_id`, `bed_variation`, `breakfast_included`, `own_kitchen`, `free_cancelation`, `base_price`) VALUES ('422', '60', '1 single', 1, 1, 0, '367.75');
INSERT INTO `room_info` (`id`, `hotel_id`, `bed_variation`, `breakfast_included`, `own_kitchen`, `free_cancelation`, `base_price`) VALUES ('423', '75', '3 single', 1, 0, 1, '624.48');
INSERT INTO `room_info` (`id`, `hotel_id`, `bed_variation`, `breakfast_included`, `own_kitchen`, `free_cancelation`, `base_price`) VALUES ('424', '95', '1 twin', 0, 0, 1, '820.84');
INSERT INTO `room_info` (`id`, `hotel_id`, `bed_variation`, `breakfast_included`, `own_kitchen`, `free_cancelation`, `base_price`) VALUES ('425', '72', '2 single', 0, 0, 0, '721.49');
INSERT INTO `room_info` (`id`, `hotel_id`, `bed_variation`, `breakfast_included`, `own_kitchen`, `free_cancelation`, `base_price`) VALUES ('426', '83', '1 single', 1, 0, 1, '877.94');
INSERT INTO `room_info` (`id`, `hotel_id`, `bed_variation`, `breakfast_included`, `own_kitchen`, `free_cancelation`, `base_price`) VALUES ('427', '85', '1 single', 0, 0, 0, '968.05');
INSERT INTO `room_info` (`id`, `hotel_id`, `bed_variation`, `breakfast_included`, `own_kitchen`, `free_cancelation`, `base_price`) VALUES ('428', '52', '2 single', 0, 0, 0, '214.28');
INSERT INTO `room_info` (`id`, `hotel_id`, `bed_variation`, `breakfast_included`, `own_kitchen`, `free_cancelation`, `base_price`) VALUES ('429', '65', '3 single', 1, 1, 0, '219.42');
INSERT INTO `room_info` (`id`, `hotel_id`, `bed_variation`, `breakfast_included`, `own_kitchen`, `free_cancelation`, `base_price`) VALUES ('430', '71', '3 single', 0, 1, 1, '962.9');
INSERT INTO `room_info` (`id`, `hotel_id`, `bed_variation`, `breakfast_included`, `own_kitchen`, `free_cancelation`, `base_price`) VALUES ('431', '92', '2 single', 0, 0, 1, '260.02');
INSERT INTO `room_info` (`id`, `hotel_id`, `bed_variation`, `breakfast_included`, `own_kitchen`, `free_cancelation`, `base_price`) VALUES ('432', '83', '1 twin', 1, 0, 0, '731.68');
INSERT INTO `room_info` (`id`, `hotel_id`, `bed_variation`, `breakfast_included`, `own_kitchen`, `free_cancelation`, `base_price`) VALUES ('433', '82', '1 twin', 1, 1, 1, '520.38');
INSERT INTO `room_info` (`id`, `hotel_id`, `bed_variation`, `breakfast_included`, `own_kitchen`, `free_cancelation`, `base_price`) VALUES ('434', '52', '1 twin', 0, 1, 1, '890.97');
INSERT INTO `room_info` (`id`, `hotel_id`, `bed_variation`, `breakfast_included`, `own_kitchen`, `free_cancelation`, `base_price`) VALUES ('435', '65', '2 single', 0, 0, 0, '140.03');
INSERT INTO `room_info` (`id`, `hotel_id`, `bed_variation`, `breakfast_included`, `own_kitchen`, `free_cancelation`, `base_price`) VALUES ('436', '80', '1 single', 1, 1, 1, '339.98');
INSERT INTO `room_info` (`id`, `hotel_id`, `bed_variation`, `breakfast_included`, `own_kitchen`, `free_cancelation`, `base_price`) VALUES ('437', '83', '3 single', 0, 1, 0, '206.34');
INSERT INTO `room_info` (`id`, `hotel_id`, `bed_variation`, `breakfast_included`, `own_kitchen`, `free_cancelation`, `base_price`) VALUES ('438', '85', '1 twin', 0, 0, 1, '908.57');
INSERT INTO `room_info` (`id`, `hotel_id`, `bed_variation`, `breakfast_included`, `own_kitchen`, `free_cancelation`, `base_price`) VALUES ('439', '85', '2 single', 1, 0, 1, '853.01');
INSERT INTO `room_info` (`id`, `hotel_id`, `bed_variation`, `breakfast_included`, `own_kitchen`, `free_cancelation`, `base_price`) VALUES ('440', '59', '1 twin', 0, 1, 0, '34.66');
INSERT INTO `room_info` (`id`, `hotel_id`, `bed_variation`, `breakfast_included`, `own_kitchen`, `free_cancelation`, `base_price`) VALUES ('441', '72', '1 single', 1, 0, 1, '141.46');
INSERT INTO `room_info` (`id`, `hotel_id`, `bed_variation`, `breakfast_included`, `own_kitchen`, `free_cancelation`, `base_price`) VALUES ('442', '83', '1 twin', 0, 1, 1, '202.49');
INSERT INTO `room_info` (`id`, `hotel_id`, `bed_variation`, `breakfast_included`, `own_kitchen`, `free_cancelation`, `base_price`) VALUES ('443', '65', '1 twin', 1, 0, 0, '679.88');
INSERT INTO `room_info` (`id`, `hotel_id`, `bed_variation`, `breakfast_included`, `own_kitchen`, `free_cancelation`, `base_price`) VALUES ('444', '60', '1 twin', 0, 0, 0, '788.9');
INSERT INTO `room_info` (`id`, `hotel_id`, `bed_variation`, `breakfast_included`, `own_kitchen`, `free_cancelation`, `base_price`) VALUES ('445', '95', '1 twin', 0, 0, 0, '853.96');
INSERT INTO `room_info` (`id`, `hotel_id`, `bed_variation`, `breakfast_included`, `own_kitchen`, `free_cancelation`, `base_price`) VALUES ('446', '99', '3 single', 0, 1, 0, '925.98');
INSERT INTO `room_info` (`id`, `hotel_id`, `bed_variation`, `breakfast_included`, `own_kitchen`, `free_cancelation`, `base_price`) VALUES ('447', '99', '1 twin', 0, 0, 1, '634.59');
INSERT INTO `room_info` (`id`, `hotel_id`, `bed_variation`, `breakfast_included`, `own_kitchen`, `free_cancelation`, `base_price`) VALUES ('448', '58', '2 single', 0, 1, 1, '968.1');
INSERT INTO `room_info` (`id`, `hotel_id`, `bed_variation`, `breakfast_included`, `own_kitchen`, `free_cancelation`, `base_price`) VALUES ('449', '53', '3 single', 1, 0, 1, '262.56');
INSERT INTO `room_info` (`id`, `hotel_id`, `bed_variation`, `breakfast_included`, `own_kitchen`, `free_cancelation`, `base_price`) VALUES ('450', '60', '2 single', 1, 0, 0, '848.8');
INSERT INTO `room_info` (`id`, `hotel_id`, `bed_variation`, `breakfast_included`, `own_kitchen`, `free_cancelation`, `base_price`) VALUES ('451', '84', '1 single', 1, 1, 0, '959.61');
INSERT INTO `room_info` (`id`, `hotel_id`, `bed_variation`, `breakfast_included`, `own_kitchen`, `free_cancelation`, `base_price`) VALUES ('452', '55', '1 twin', 1, 0, 1, '705.15');
INSERT INTO `room_info` (`id`, `hotel_id`, `bed_variation`, `breakfast_included`, `own_kitchen`, `free_cancelation`, `base_price`) VALUES ('453', '75', '3 single', 1, 1, 1, '787.59');
INSERT INTO `room_info` (`id`, `hotel_id`, `bed_variation`, `breakfast_included`, `own_kitchen`, `free_cancelation`, `base_price`) VALUES ('454', '61', '2 single', 1, 1, 1, '347.42');
INSERT INTO `room_info` (`id`, `hotel_id`, `bed_variation`, `breakfast_included`, `own_kitchen`, `free_cancelation`, `base_price`) VALUES ('455', '52', '1 twin', 1, 1, 1, '226.8');
INSERT INTO `room_info` (`id`, `hotel_id`, `bed_variation`, `breakfast_included`, `own_kitchen`, `free_cancelation`, `base_price`) VALUES ('456', '53', '3 single', 0, 0, 1, '456.52');
INSERT INTO `room_info` (`id`, `hotel_id`, `bed_variation`, `breakfast_included`, `own_kitchen`, `free_cancelation`, `base_price`) VALUES ('457', '51', '2 single', 1, 1, 0, '73.72');
INSERT INTO `room_info` (`id`, `hotel_id`, `bed_variation`, `breakfast_included`, `own_kitchen`, `free_cancelation`, `base_price`) VALUES ('458', '86', '2 single', 1, 1, 1, '659.37');
INSERT INTO `room_info` (`id`, `hotel_id`, `bed_variation`, `breakfast_included`, `own_kitchen`, `free_cancelation`, `base_price`) VALUES ('459', '55', '1 twin', 0, 0, 0, '788.79');
INSERT INTO `room_info` (`id`, `hotel_id`, `bed_variation`, `breakfast_included`, `own_kitchen`, `free_cancelation`, `base_price`) VALUES ('460', '65', '1 single', 0, 0, 1, '570.94');
INSERT INTO `room_info` (`id`, `hotel_id`, `bed_variation`, `breakfast_included`, `own_kitchen`, `free_cancelation`, `base_price`) VALUES ('461', '60', '2 single', 0, 0, 1, '946.33');
INSERT INTO `room_info` (`id`, `hotel_id`, `bed_variation`, `breakfast_included`, `own_kitchen`, `free_cancelation`, `base_price`) VALUES ('462', '51', '1 twin', 0, 0, 1, '735.69');
INSERT INTO `room_info` (`id`, `hotel_id`, `bed_variation`, `breakfast_included`, `own_kitchen`, `free_cancelation`, `base_price`) VALUES ('463', '53', '3 single', 1, 1, 0, '859.51');
INSERT INTO `room_info` (`id`, `hotel_id`, `bed_variation`, `breakfast_included`, `own_kitchen`, `free_cancelation`, `base_price`) VALUES ('464', '99', '1 single', 1, 0, 0, '423');
INSERT INTO `room_info` (`id`, `hotel_id`, `bed_variation`, `breakfast_included`, `own_kitchen`, `free_cancelation`, `base_price`) VALUES ('465', '53', '1 single', 1, 0, 1, '388.1');
INSERT INTO `room_info` (`id`, `hotel_id`, `bed_variation`, `breakfast_included`, `own_kitchen`, `free_cancelation`, `base_price`) VALUES ('466', '69', '3 single', 1, 1, 0, '883.74');
INSERT INTO `room_info` (`id`, `hotel_id`, `bed_variation`, `breakfast_included`, `own_kitchen`, `free_cancelation`, `base_price`) VALUES ('467', '77', '1 single', 0, 1, 0, '247.44');
INSERT INTO `room_info` (`id`, `hotel_id`, `bed_variation`, `breakfast_included`, `own_kitchen`, `free_cancelation`, `base_price`) VALUES ('468', '86', '1 twin', 0, 0, 0, '743.52');
INSERT INTO `room_info` (`id`, `hotel_id`, `bed_variation`, `breakfast_included`, `own_kitchen`, `free_cancelation`, `base_price`) VALUES ('469', '57', '3 single', 0, 0, 0, '22.92');
INSERT INTO `room_info` (`id`, `hotel_id`, `bed_variation`, `breakfast_included`, `own_kitchen`, `free_cancelation`, `base_price`) VALUES ('470', '66', '2 single', 0, 0, 0, '795.25');
INSERT INTO `room_info` (`id`, `hotel_id`, `bed_variation`, `breakfast_included`, `own_kitchen`, `free_cancelation`, `base_price`) VALUES ('471', '53', '1 single', 0, 0, 1, '555.31');
INSERT INTO `room_info` (`id`, `hotel_id`, `bed_variation`, `breakfast_included`, `own_kitchen`, `free_cancelation`, `base_price`) VALUES ('472', '84', '2 single', 0, 0, 1, '120.15');
INSERT INTO `room_info` (`id`, `hotel_id`, `bed_variation`, `breakfast_included`, `own_kitchen`, `free_cancelation`, `base_price`) VALUES ('473', '54', '3 single', 1, 1, 1, '136.6');
INSERT INTO `room_info` (`id`, `hotel_id`, `bed_variation`, `breakfast_included`, `own_kitchen`, `free_cancelation`, `base_price`) VALUES ('474', '68', '3 single', 0, 1, 0, '339.41');
INSERT INTO `room_info` (`id`, `hotel_id`, `bed_variation`, `breakfast_included`, `own_kitchen`, `free_cancelation`, `base_price`) VALUES ('475', '52', '3 single', 0, 1, 1, '810.16');
INSERT INTO `room_info` (`id`, `hotel_id`, `bed_variation`, `breakfast_included`, `own_kitchen`, `free_cancelation`, `base_price`) VALUES ('476', '51', '2 single', 0, 1, 1, '695.95');
INSERT INTO `room_info` (`id`, `hotel_id`, `bed_variation`, `breakfast_included`, `own_kitchen`, `free_cancelation`, `base_price`) VALUES ('477', '68', '1 single', 1, 1, 1, '417.79');
INSERT INTO `room_info` (`id`, `hotel_id`, `bed_variation`, `breakfast_included`, `own_kitchen`, `free_cancelation`, `base_price`) VALUES ('478', '52', '1 twin', 1, 0, 1, '274.36');
INSERT INTO `room_info` (`id`, `hotel_id`, `bed_variation`, `breakfast_included`, `own_kitchen`, `free_cancelation`, `base_price`) VALUES ('479', '59', '1 twin', 0, 1, 1, '198.76');
INSERT INTO `room_info` (`id`, `hotel_id`, `bed_variation`, `breakfast_included`, `own_kitchen`, `free_cancelation`, `base_price`) VALUES ('480', '71', '2 single', 0, 0, 0, '442.48');
INSERT INTO `room_info` (`id`, `hotel_id`, `bed_variation`, `breakfast_included`, `own_kitchen`, `free_cancelation`, `base_price`) VALUES ('481', '61', '1 twin', 1, 1, 1, '411.36');
INSERT INTO `room_info` (`id`, `hotel_id`, `bed_variation`, `breakfast_included`, `own_kitchen`, `free_cancelation`, `base_price`) VALUES ('482', '99', '1 twin', 0, 1, 0, '629.71');
INSERT INTO `room_info` (`id`, `hotel_id`, `bed_variation`, `breakfast_included`, `own_kitchen`, `free_cancelation`, `base_price`) VALUES ('483', '80', '1 single', 0, 1, 0, '155.91');
INSERT INTO `room_info` (`id`, `hotel_id`, `bed_variation`, `breakfast_included`, `own_kitchen`, `free_cancelation`, `base_price`) VALUES ('484', '92', '1 twin', 1, 0, 0, '84.15');
INSERT INTO `room_info` (`id`, `hotel_id`, `bed_variation`, `breakfast_included`, `own_kitchen`, `free_cancelation`, `base_price`) VALUES ('485', '60', '1 single', 0, 1, 1, '769.41');
INSERT INTO `room_info` (`id`, `hotel_id`, `bed_variation`, `breakfast_included`, `own_kitchen`, `free_cancelation`, `base_price`) VALUES ('486', '82', '3 single', 1, 1, 1, '839.93');
INSERT INTO `room_info` (`id`, `hotel_id`, `bed_variation`, `breakfast_included`, `own_kitchen`, `free_cancelation`, `base_price`) VALUES ('487', '99', '2 single', 1, 1, 0, '823.11');
INSERT INTO `room_info` (`id`, `hotel_id`, `bed_variation`, `breakfast_included`, `own_kitchen`, `free_cancelation`, `base_price`) VALUES ('488', '61', '1 single', 1, 0, 0, '68.39');
INSERT INTO `room_info` (`id`, `hotel_id`, `bed_variation`, `breakfast_included`, `own_kitchen`, `free_cancelation`, `base_price`) VALUES ('489', '71', '3 single', 1, 1, 1, '193.42');
INSERT INTO `room_info` (`id`, `hotel_id`, `bed_variation`, `breakfast_included`, `own_kitchen`, `free_cancelation`, `base_price`) VALUES ('490', '55', '1 single', 0, 1, 0, '214.48');
INSERT INTO `room_info` (`id`, `hotel_id`, `bed_variation`, `breakfast_included`, `own_kitchen`, `free_cancelation`, `base_price`) VALUES ('491', '82', '1 single', 1, 1, 0, '234.43');
INSERT INTO `room_info` (`id`, `hotel_id`, `bed_variation`, `breakfast_included`, `own_kitchen`, `free_cancelation`, `base_price`) VALUES ('492', '86', '1 single', 1, 1, 0, '190.22');
INSERT INTO `room_info` (`id`, `hotel_id`, `bed_variation`, `breakfast_included`, `own_kitchen`, `free_cancelation`, `base_price`) VALUES ('493', '55', '2 single', 0, 0, 1, '661.77');
INSERT INTO `room_info` (`id`, `hotel_id`, `bed_variation`, `breakfast_included`, `own_kitchen`, `free_cancelation`, `base_price`) VALUES ('494', '84', '1 twin', 0, 1, 1, '624.01');
INSERT INTO `room_info` (`id`, `hotel_id`, `bed_variation`, `breakfast_included`, `own_kitchen`, `free_cancelation`, `base_price`) VALUES ('495', '85', '3 single', 1, 1, 1, '102.87');
INSERT INTO `room_info` (`id`, `hotel_id`, `bed_variation`, `breakfast_included`, `own_kitchen`, `free_cancelation`, `base_price`) VALUES ('496', '58', '1 twin', 0, 1, 1, '235.02');
INSERT INTO `room_info` (`id`, `hotel_id`, `bed_variation`, `breakfast_included`, `own_kitchen`, `free_cancelation`, `base_price`) VALUES ('497', '57', '2 single', 1, 0, 1, '464.17');
INSERT INTO `room_info` (`id`, `hotel_id`, `bed_variation`, `breakfast_included`, `own_kitchen`, `free_cancelation`, `base_price`) VALUES ('498', '66', '1 single', 0, 1, 0, '17.2');
INSERT INTO `room_info` (`id`, `hotel_id`, `bed_variation`, `breakfast_included`, `own_kitchen`, `free_cancelation`, `base_price`) VALUES ('499', '51', '2 single', 0, 1, 1, '273.6');
INSERT INTO `room_info` (`id`, `hotel_id`, `bed_variation`, `breakfast_included`, `own_kitchen`, `free_cancelation`, `base_price`) VALUES ('500', '68', '1 twin', 0, 1, 1, '395.5');


#
# TABLE STRUCTURE FOR: room_visit
#

DROP TABLE IF EXISTS `room_visit`;

CREATE TABLE `room_visit` (
  `id` bigint(20) unsigned NOT NULL AUTO_INCREMENT,
  `hotel_id` bigint(20) unsigned NOT NULL,
  `room_id` bigint(20) unsigned NOT NULL,
  `guest_id` bigint(20) unsigned NOT NULL,
  `arrival_date` date NOT NULL,
  `departure_date` date NOT NULL,
  `price` float DEFAULT 0,
  PRIMARY KEY (`arrival_date`,`hotel_id`,`room_id`),
  UNIQUE KEY `id` (`id`),
  KEY `room_id` (`room_id`),
  KEY `hotel_id` (`hotel_id`),
  KEY `guest_id` (`guest_id`),
  CONSTRAINT `room_visit_ibfk_1` FOREIGN KEY (`room_id`) REFERENCES `room_info` (`id`),
  CONSTRAINT `room_visit_ibfk_2` FOREIGN KEY (`hotel_id`) REFERENCES `hotel_info` (`id`),
  CONSTRAINT `room_visit_ibfk_3` FOREIGN KEY (`guest_id`) REFERENCES `guest_info` (`id`),
  CONSTRAINT `CONSTRAINT_1` CHECK (`arrival_date` < `departure_date`)
) ENGINE=InnoDB AUTO_INCREMENT=982 DEFAULT CHARSET=utf8mb4 COLLATE=utf8mb4_unicode_ci;

ALTER TABLE room_visit ADD
	created_at DATETIME DEFAULT NOW(),
	updated_at DATETIME ON UPDATE CURRENT_TIMESTAMP;

INSERT INTO `room_visit` (`id`, `hotel_id`, `room_id`, `guest_id`, `arrival_date`, `departure_date`, `price`) VALUES ('885', '83', '226', '2766', '2020-07-17', '2021-06-23', '268.72');
INSERT INTO `room_visit` (`id`, `hotel_id`, `room_id`, `guest_id`, `arrival_date`, `departure_date`, `price`) VALUES ('961', '98', '189', '2729', '2020-07-17', '2021-07-05', '758.74');
INSERT INTO `room_visit` (`id`, `hotel_id`, `room_id`, `guest_id`, `arrival_date`, `departure_date`, `price`) VALUES ('918', '60', '371', '2718', '2020-07-18', '2021-06-18', '574.73');
INSERT INTO `room_visit` (`id`, `hotel_id`, `room_id`, `guest_id`, `arrival_date`, `departure_date`, `price`) VALUES ('752', '99', '487', '2800', '2020-07-18', '2021-06-25', '910.18');
INSERT INTO `room_visit` (`id`, `hotel_id`, `room_id`, `guest_id`, `arrival_date`, `departure_date`, `price`) VALUES ('746', '86', '489', '2756', '2020-07-19', '2021-06-19', '494.01');
INSERT INTO `room_visit` (`id`, `hotel_id`, `room_id`, `guest_id`, `arrival_date`, `departure_date`, `price`) VALUES ('878', '85', '279', '2758', '2020-07-20', '2021-07-14', '367.11');
INSERT INTO `room_visit` (`id`, `hotel_id`, `room_id`, `guest_id`, `arrival_date`, `departure_date`, `price`) VALUES ('572', '99', '134', '2721', '2020-07-20', '2021-07-13', '494.7');
INSERT INTO `room_visit` (`id`, `hotel_id`, `room_id`, `guest_id`, `arrival_date`, `departure_date`, `price`) VALUES ('773', '52', '228', '2723', '2020-07-21', '2021-06-20', '184.57');
INSERT INTO `room_visit` (`id`, `hotel_id`, `room_id`, `guest_id`, `arrival_date`, `departure_date`, `price`) VALUES ('697', '60', '415', '2710', '2020-07-21', '2021-07-02', '711.71');
INSERT INTO `room_visit` (`id`, `hotel_id`, `room_id`, `guest_id`, `arrival_date`, `departure_date`, `price`) VALUES ('811', '88', '328', '2721', '2020-07-21', '2021-06-28', '259.56');
INSERT INTO `room_visit` (`id`, `hotel_id`, `room_id`, `guest_id`, `arrival_date`, `departure_date`, `price`) VALUES ('965', '52', '341', '2708', '2020-07-23', '2021-07-05', '434.68');
INSERT INTO `room_visit` (`id`, `hotel_id`, `room_id`, `guest_id`, `arrival_date`, `departure_date`, `price`) VALUES ('715', '66', '236', '2773', '2020-07-24', '2021-07-04', '165.36');
INSERT INTO `room_visit` (`id`, `hotel_id`, `room_id`, `guest_id`, `arrival_date`, `departure_date`, `price`) VALUES ('613', '81', '17', '2779', '2020-07-24', '2021-06-21', '883.83');
INSERT INTO `room_visit` (`id`, `hotel_id`, `room_id`, `guest_id`, `arrival_date`, `departure_date`, `price`) VALUES ('655', '71', '336', '2798', '2020-07-26', '2021-07-01', '435.33');
INSERT INTO `room_visit` (`id`, `hotel_id`, `room_id`, `guest_id`, `arrival_date`, `departure_date`, `price`) VALUES ('859', '71', '345', '2781', '2020-07-26', '2021-06-28', '331.05');
INSERT INTO `room_visit` (`id`, `hotel_id`, `room_id`, `guest_id`, `arrival_date`, `departure_date`, `price`) VALUES ('544', '68', '427', '2722', '2020-07-28', '2021-06-26', '340.46');
INSERT INTO `room_visit` (`id`, `hotel_id`, `room_id`, `guest_id`, `arrival_date`, `departure_date`, `price`) VALUES ('727', '71', '161', '2718', '2020-07-28', '2021-07-11', '668.83');
INSERT INTO `room_visit` (`id`, `hotel_id`, `room_id`, `guest_id`, `arrival_date`, `departure_date`, `price`) VALUES ('835', '72', '44', '2721', '2020-07-28', '2021-06-30', '958.5');
INSERT INTO `room_visit` (`id`, `hotel_id`, `room_id`, `guest_id`, `arrival_date`, `departure_date`, `price`) VALUES ('740', '98', '232', '2758', '2020-07-28', '2021-06-19', '566.17');
INSERT INTO `room_visit` (`id`, `hotel_id`, `room_id`, `guest_id`, `arrival_date`, `departure_date`, `price`) VALUES ('503', '80', '209', '2739', '2020-07-29', '2021-07-08', '472.55');
INSERT INTO `room_visit` (`id`, `hotel_id`, `room_id`, `guest_id`, `arrival_date`, `departure_date`, `price`) VALUES ('945', '56', '78', '2721', '2020-08-01', '2021-07-05', '476.54');
INSERT INTO `room_visit` (`id`, `hotel_id`, `room_id`, `guest_id`, `arrival_date`, `departure_date`, `price`) VALUES ('967', '72', '410', '2780', '2020-08-01', '2021-07-10', '24.17');
INSERT INTO `room_visit` (`id`, `hotel_id`, `room_id`, `guest_id`, `arrival_date`, `departure_date`, `price`) VALUES ('877', '89', '198', '2724', '2020-08-01', '2021-06-21', '671.87');
INSERT INTO `room_visit` (`id`, `hotel_id`, `room_id`, `guest_id`, `arrival_date`, `departure_date`, `price`) VALUES ('543', '92', '393', '2772', '2020-08-01', '2021-06-18', '306.06');
INSERT INTO `room_visit` (`id`, `hotel_id`, `room_id`, `guest_id`, `arrival_date`, `departure_date`, `price`) VALUES ('778', '60', '281', '2800', '2020-08-03', '2021-06-18', '553.11');
INSERT INTO `room_visit` (`id`, `hotel_id`, `room_id`, `guest_id`, `arrival_date`, `departure_date`, `price`) VALUES ('836', '61', '326', '2768', '2020-08-03', '2021-07-11', '623.87');
INSERT INTO `room_visit` (`id`, `hotel_id`, `room_id`, `guest_id`, `arrival_date`, `departure_date`, `price`) VALUES ('664', '66', '266', '2786', '2020-08-03', '2021-07-04', '846.23');
INSERT INTO `room_visit` (`id`, `hotel_id`, `room_id`, `guest_id`, `arrival_date`, `departure_date`, `price`) VALUES ('940', '57', '225', '2793', '2020-08-04', '2021-07-03', '91.41');
INSERT INTO `room_visit` (`id`, `hotel_id`, `room_id`, `guest_id`, `arrival_date`, `departure_date`, `price`) VALUES ('801', '77', '316', '2730', '2020-08-04', '2021-07-10', '611.73');
INSERT INTO `room_visit` (`id`, `hotel_id`, `room_id`, `guest_id`, `arrival_date`, `departure_date`, `price`) VALUES ('913', '68', '41', '2779', '2020-08-06', '2021-07-02', '202.18');
INSERT INTO `room_visit` (`id`, `hotel_id`, `room_id`, `guest_id`, `arrival_date`, `departure_date`, `price`) VALUES ('707', '86', '9', '2732', '2020-08-07', '2021-07-03', '809.67');
INSERT INTO `room_visit` (`id`, `hotel_id`, `room_id`, `guest_id`, `arrival_date`, `departure_date`, `price`) VALUES ('631', '81', '29', '2772', '2020-08-09', '2021-06-17', '885.33');
INSERT INTO `room_visit` (`id`, `hotel_id`, `room_id`, `guest_id`, `arrival_date`, `departure_date`, `price`) VALUES ('781', '59', '299', '2761', '2020-08-10', '2021-06-29', '594.09');
INSERT INTO `room_visit` (`id`, `hotel_id`, `room_id`, `guest_id`, `arrival_date`, `departure_date`, `price`) VALUES ('762', '68', '433', '2701', '2020-08-10', '2021-07-11', '210.87');
INSERT INTO `room_visit` (`id`, `hotel_id`, `room_id`, `guest_id`, `arrival_date`, `departure_date`, `price`) VALUES ('642', '69', '326', '2793', '2020-08-10', '2021-06-22', '848.78');
INSERT INTO `room_visit` (`id`, `hotel_id`, `room_id`, `guest_id`, `arrival_date`, `departure_date`, `price`) VALUES ('784', '52', '93', '2701', '2020-08-11', '2021-06-20', '798.16');
INSERT INTO `room_visit` (`id`, `hotel_id`, `room_id`, `guest_id`, `arrival_date`, `departure_date`, `price`) VALUES ('975', '80', '213', '2728', '2020-08-11', '2021-07-16', '925.61');
INSERT INTO `room_visit` (`id`, `hotel_id`, `room_id`, `guest_id`, `arrival_date`, `departure_date`, `price`) VALUES ('705', '85', '266', '2724', '2020-08-11', '2021-06-19', '978.76');
INSERT INTO `room_visit` (`id`, `hotel_id`, `room_id`, `guest_id`, `arrival_date`, `departure_date`, `price`) VALUES ('864', '85', '391', '2800', '2020-08-11', '2021-07-02', '224.42');
INSERT INTO `room_visit` (`id`, `hotel_id`, `room_id`, `guest_id`, `arrival_date`, `departure_date`, `price`) VALUES ('910', '59', '380', '2733', '2020-08-13', '2021-06-28', '743.1');
INSERT INTO `room_visit` (`id`, `hotel_id`, `room_id`, `guest_id`, `arrival_date`, `departure_date`, `price`) VALUES ('960', '55', '368', '2774', '2020-08-14', '2021-06-19', '936.74');
INSERT INTO `room_visit` (`id`, `hotel_id`, `room_id`, `guest_id`, `arrival_date`, `departure_date`, `price`) VALUES ('550', '80', '125', '2755', '2020-08-14', '2021-07-10', '497.71');
INSERT INTO `room_visit` (`id`, `hotel_id`, `room_id`, `guest_id`, `arrival_date`, `departure_date`, `price`) VALUES ('870', '89', '104', '2772', '2020-08-14', '2021-06-29', '970.38');
INSERT INTO `room_visit` (`id`, `hotel_id`, `room_id`, `guest_id`, `arrival_date`, `departure_date`, `price`) VALUES ('809', '70', '259', '2786', '2020-08-15', '2021-07-02', '700.63');
INSERT INTO `room_visit` (`id`, `hotel_id`, `room_id`, `guest_id`, `arrival_date`, `departure_date`, `price`) VALUES ('518', '71', '235', '2702', '2020-08-16', '2021-07-14', '389.89');
INSERT INTO `room_visit` (`id`, `hotel_id`, `room_id`, `guest_id`, `arrival_date`, `departure_date`, `price`) VALUES ('665', '86', '241', '2708', '2020-08-16', '2021-07-14', '645.99');
INSERT INTO `room_visit` (`id`, `hotel_id`, `room_id`, `guest_id`, `arrival_date`, `departure_date`, `price`) VALUES ('698', '89', '449', '2776', '2020-08-16', '2021-07-07', '693.21');
INSERT INTO `room_visit` (`id`, `hotel_id`, `room_id`, `guest_id`, `arrival_date`, `departure_date`, `price`) VALUES ('730', '82', '376', '2734', '2020-08-18', '2021-06-30', '792.96');
INSERT INTO `room_visit` (`id`, `hotel_id`, `room_id`, `guest_id`, `arrival_date`, `departure_date`, `price`) VALUES ('814', '95', '45', '2747', '2020-08-18', '2021-07-04', '594.32');
INSERT INTO `room_visit` (`id`, `hotel_id`, `room_id`, `guest_id`, `arrival_date`, `departure_date`, `price`) VALUES ('534', '53', '255', '2734', '2020-08-19', '2021-06-23', '569.49');
INSERT INTO `room_visit` (`id`, `hotel_id`, `room_id`, `guest_id`, `arrival_date`, `departure_date`, `price`) VALUES ('628', '60', '242', '2706', '2020-08-19', '2021-06-29', '325.72');
INSERT INTO `room_visit` (`id`, `hotel_id`, `room_id`, `guest_id`, `arrival_date`, `departure_date`, `price`) VALUES ('908', '99', '282', '2768', '2020-08-19', '2021-07-15', '223.85');
INSERT INTO `room_visit` (`id`, `hotel_id`, `room_id`, `guest_id`, `arrival_date`, `departure_date`, `price`) VALUES ('624', '69', '184', '2721', '2020-08-20', '2021-07-12', '579.86');
INSERT INTO `room_visit` (`id`, `hotel_id`, `room_id`, `guest_id`, `arrival_date`, `departure_date`, `price`) VALUES ('931', '66', '46', '2761', '2020-08-21', '2021-06-25', '744.58');
INSERT INTO `room_visit` (`id`, `hotel_id`, `room_id`, `guest_id`, `arrival_date`, `departure_date`, `price`) VALUES ('768', '69', '203', '2733', '2020-08-21', '2021-07-16', '359.43');
INSERT INTO `room_visit` (`id`, `hotel_id`, `room_id`, `guest_id`, `arrival_date`, `departure_date`, `price`) VALUES ('738', '72', '187', '2795', '2020-08-21', '2021-07-02', '28.3');
INSERT INTO `room_visit` (`id`, `hotel_id`, `room_id`, `guest_id`, `arrival_date`, `departure_date`, `price`) VALUES ('823', '56', '450', '2729', '2020-08-22', '2021-06-28', '896');
INSERT INTO `room_visit` (`id`, `hotel_id`, `room_id`, `guest_id`, `arrival_date`, `departure_date`, `price`) VALUES ('962', '77', '21', '2706', '2020-08-22', '2021-06-28', '143.36');
INSERT INTO `room_visit` (`id`, `hotel_id`, `room_id`, `guest_id`, `arrival_date`, `departure_date`, `price`) VALUES ('620', '98', '282', '2751', '2020-08-23', '2021-06-24', '154.22');
INSERT INTO `room_visit` (`id`, `hotel_id`, `room_id`, `guest_id`, `arrival_date`, `departure_date`, `price`) VALUES ('974', '59', '191', '2761', '2020-08-24', '2021-06-25', '813.69');
INSERT INTO `room_visit` (`id`, `hotel_id`, `room_id`, `guest_id`, `arrival_date`, `departure_date`, `price`) VALUES ('883', '72', '205', '2725', '2020-08-24', '2021-07-06', '803.56');
INSERT INTO `room_visit` (`id`, `hotel_id`, `room_id`, `guest_id`, `arrival_date`, `departure_date`, `price`) VALUES ('736', '92', '436', '2761', '2020-08-24', '2021-07-06', '353.68');
INSERT INTO `room_visit` (`id`, `hotel_id`, `room_id`, `guest_id`, `arrival_date`, `departure_date`, `price`) VALUES ('748', '66', '146', '2705', '2020-08-25', '2021-07-09', '398.92');
INSERT INTO `room_visit` (`id`, `hotel_id`, `room_id`, `guest_id`, `arrival_date`, `departure_date`, `price`) VALUES ('758', '69', '202', '2709', '2020-08-25', '2021-07-14', '876.87');
INSERT INTO `room_visit` (`id`, `hotel_id`, `room_id`, `guest_id`, `arrival_date`, `departure_date`, `price`) VALUES ('972', '69', '262', '2760', '2020-08-25', '2021-06-25', '220.03');
INSERT INTO `room_visit` (`id`, `hotel_id`, `room_id`, `guest_id`, `arrival_date`, `departure_date`, `price`) VALUES ('818', '82', '145', '2710', '2020-08-25', '2021-07-03', '452.36');
INSERT INTO `room_visit` (`id`, `hotel_id`, `room_id`, `guest_id`, `arrival_date`, `departure_date`, `price`) VALUES ('749', '58', '123', '2755', '2020-08-26', '2021-06-29', '704.62');
INSERT INTO `room_visit` (`id`, `hotel_id`, `room_id`, `guest_id`, `arrival_date`, `departure_date`, `price`) VALUES ('934', '98', '99', '2710', '2020-08-26', '2021-07-14', '396.16');
INSERT INTO `room_visit` (`id`, `hotel_id`, `room_id`, `guest_id`, `arrival_date`, `departure_date`, `price`) VALUES ('726', '99', '41', '2734', '2020-08-26', '2021-07-02', '929.06');
INSERT INTO `room_visit` (`id`, `hotel_id`, `room_id`, `guest_id`, `arrival_date`, `departure_date`, `price`) VALUES ('538', '98', '189', '2800', '2020-08-28', '2021-07-14', '470.31');
INSERT INTO `room_visit` (`id`, `hotel_id`, `room_id`, `guest_id`, `arrival_date`, `departure_date`, `price`) VALUES ('867', '99', '197', '2795', '2020-08-28', '2021-06-19', '97.5');
INSERT INTO `room_visit` (`id`, `hotel_id`, `room_id`, `guest_id`, `arrival_date`, `departure_date`, `price`) VALUES ('979', '98', '497', '2774', '2020-08-31', '2021-06-23', '852.37');
INSERT INTO `room_visit` (`id`, `hotel_id`, `room_id`, `guest_id`, `arrival_date`, `departure_date`, `price`) VALUES ('662', '72', '352', '2756', '2020-09-01', '2021-06-29', '779.96');
INSERT INTO `room_visit` (`id`, `hotel_id`, `room_id`, `guest_id`, `arrival_date`, `departure_date`, `price`) VALUES ('680', '85', '192', '2781', '2020-09-01', '2021-06-17', '302.46');
INSERT INTO `room_visit` (`id`, `hotel_id`, `room_id`, `guest_id`, `arrival_date`, `departure_date`, `price`) VALUES ('576', '57', '316', '2703', '2020-09-02', '2021-07-14', '44.64');
INSERT INTO `room_visit` (`id`, `hotel_id`, `room_id`, `guest_id`, `arrival_date`, `departure_date`, `price`) VALUES ('795', '61', '432', '2724', '2020-09-02', '2021-07-08', '692.31');
INSERT INTO `room_visit` (`id`, `hotel_id`, `room_id`, `guest_id`, `arrival_date`, `departure_date`, `price`) VALUES ('804', '80', '94', '2721', '2020-09-02', '2021-06-30', '745.64');
INSERT INTO `room_visit` (`id`, `hotel_id`, `room_id`, `guest_id`, `arrival_date`, `departure_date`, `price`) VALUES ('627', '51', '261', '2707', '2020-09-04', '2021-07-01', '391.54');
INSERT INTO `room_visit` (`id`, `hotel_id`, `room_id`, `guest_id`, `arrival_date`, `departure_date`, `price`) VALUES ('609', '56', '72', '2781', '2020-09-05', '2021-06-22', '935.39');
INSERT INTO `room_visit` (`id`, `hotel_id`, `room_id`, `guest_id`, `arrival_date`, `departure_date`, `price`) VALUES ('935', '60', '144', '2775', '2020-09-05', '2021-07-12', '570.5');
INSERT INTO `room_visit` (`id`, `hotel_id`, `room_id`, `guest_id`, `arrival_date`, `departure_date`, `price`) VALUES ('654', '80', '434', '2781', '2020-09-05', '2021-07-14', '856.64');
INSERT INTO `room_visit` (`id`, `hotel_id`, `room_id`, `guest_id`, `arrival_date`, `departure_date`, `price`) VALUES ('587', '89', '500', '2739', '2020-09-05', '2021-07-15', '581.29');
INSERT INTO `room_visit` (`id`, `hotel_id`, `room_id`, `guest_id`, `arrival_date`, `departure_date`, `price`) VALUES ('787', '60', '401', '2732', '2020-09-06', '2021-06-28', '279.81');
INSERT INTO `room_visit` (`id`, `hotel_id`, `room_id`, `guest_id`, `arrival_date`, `departure_date`, `price`) VALUES ('508', '83', '192', '2799', '2020-09-06', '2021-06-24', '122.58');
INSERT INTO `room_visit` (`id`, `hotel_id`, `room_id`, `guest_id`, `arrival_date`, `departure_date`, `price`) VALUES ('674', '55', '237', '2725', '2020-09-07', '2021-06-30', '248.77');
INSERT INTO `room_visit` (`id`, `hotel_id`, `room_id`, `guest_id`, `arrival_date`, `departure_date`, `price`) VALUES ('869', '99', '415', '2760', '2020-09-07', '2021-07-05', '166.9');
INSERT INTO `room_visit` (`id`, `hotel_id`, `room_id`, `guest_id`, `arrival_date`, `departure_date`, `price`) VALUES ('889', '55', '238', '2759', '2020-09-08', '2021-07-05', '569.05');
INSERT INTO `room_visit` (`id`, `hotel_id`, `room_id`, `guest_id`, `arrival_date`, `departure_date`, `price`) VALUES ('573', '81', '399', '2780', '2020-09-09', '2021-07-11', '326.34');
INSERT INTO `room_visit` (`id`, `hotel_id`, `room_id`, `guest_id`, `arrival_date`, `departure_date`, `price`) VALUES ('943', '89', '458', '2773', '2020-09-09', '2021-06-24', '798.6');
INSERT INTO `room_visit` (`id`, `hotel_id`, `room_id`, `guest_id`, `arrival_date`, `departure_date`, `price`) VALUES ('981', '81', '195', '2766', '2020-09-11', '2021-06-22', '214.32');
INSERT INTO `room_visit` (`id`, `hotel_id`, `room_id`, `guest_id`, `arrival_date`, `departure_date`, `price`) VALUES ('720', '88', '473', '2793', '2020-09-11', '2021-07-10', '695.61');
INSERT INTO `room_visit` (`id`, `hotel_id`, `room_id`, `guest_id`, `arrival_date`, `departure_date`, `price`) VALUES ('559', '68', '420', '2708', '2020-09-12', '2021-06-18', '541.37');
INSERT INTO `room_visit` (`id`, `hotel_id`, `room_id`, `guest_id`, `arrival_date`, `departure_date`, `price`) VALUES ('637', '69', '413', '2709', '2020-09-12', '2021-07-11', '159.61');
INSERT INTO `room_visit` (`id`, `hotel_id`, `room_id`, `guest_id`, `arrival_date`, `departure_date`, `price`) VALUES ('722', '95', '288', '2704', '2020-09-13', '2021-07-01', '28.68');
INSERT INTO `room_visit` (`id`, `hotel_id`, `room_id`, `guest_id`, `arrival_date`, `departure_date`, `price`) VALUES ('669', '52', '276', '2758', '2020-09-14', '2021-07-02', '486.64');
INSERT INTO `room_visit` (`id`, `hotel_id`, `room_id`, `guest_id`, `arrival_date`, `departure_date`, `price`) VALUES ('711', '80', '268', '2766', '2020-09-14', '2021-06-25', '494.95');
INSERT INTO `room_visit` (`id`, `hotel_id`, `room_id`, `guest_id`, `arrival_date`, `departure_date`, `price`) VALUES ('658', '68', '498', '2780', '2020-09-15', '2021-07-10', '158.45');
INSERT INTO `room_visit` (`id`, `hotel_id`, `room_id`, `guest_id`, `arrival_date`, `departure_date`, `price`) VALUES ('948', '81', '440', '2747', '2020-09-15', '2021-06-29', '342.61');
INSERT INTO `room_visit` (`id`, `hotel_id`, `room_id`, `guest_id`, `arrival_date`, `departure_date`, `price`) VALUES ('950', '83', '9', '2776', '2020-09-15', '2021-07-12', '412.84');
INSERT INTO `room_visit` (`id`, `hotel_id`, `room_id`, `guest_id`, `arrival_date`, `departure_date`, `price`) VALUES ('892', '72', '382', '2755', '2020-09-17', '2021-07-05', '860.91');
INSERT INTO `room_visit` (`id`, `hotel_id`, `room_id`, `guest_id`, `arrival_date`, `departure_date`, `price`) VALUES ('578', '84', '473', '2781', '2020-09-17', '2021-06-28', '170.5');
INSERT INTO `room_visit` (`id`, `hotel_id`, `room_id`, `guest_id`, `arrival_date`, `departure_date`, `price`) VALUES ('561', '85', '293', '2730', '2020-09-17', '2021-06-20', '879.62');
INSERT INTO `room_visit` (`id`, `hotel_id`, `room_id`, `guest_id`, `arrival_date`, `departure_date`, `price`) VALUES ('568', '61', '396', '2703', '2020-09-18', '2021-06-18', '144.43');
INSERT INTO `room_visit` (`id`, `hotel_id`, `room_id`, `guest_id`, `arrival_date`, `departure_date`, `price`) VALUES ('942', '57', '133', '2731', '2020-09-19', '2021-06-20', '308.16');
INSERT INTO `room_visit` (`id`, `hotel_id`, `room_id`, `guest_id`, `arrival_date`, `departure_date`, `price`) VALUES ('973', '72', '19', '2772', '2020-09-19', '2021-07-03', '576.82');
INSERT INTO `room_visit` (`id`, `hotel_id`, `room_id`, `guest_id`, `arrival_date`, `departure_date`, `price`) VALUES ('616', '51', '457', '2705', '2020-09-21', '2021-06-25', '223.11');
INSERT INTO `room_visit` (`id`, `hotel_id`, `room_id`, `guest_id`, `arrival_date`, `departure_date`, `price`) VALUES ('844', '95', '279', '2703', '2020-09-21', '2021-07-10', '241.5');
INSERT INTO `room_visit` (`id`, `hotel_id`, `room_id`, `guest_id`, `arrival_date`, `departure_date`, `price`) VALUES ('834', '56', '340', '2800', '2020-09-22', '2021-06-24', '351.25');
INSERT INTO `room_visit` (`id`, `hotel_id`, `room_id`, `guest_id`, `arrival_date`, `departure_date`, `price`) VALUES ('949', '68', '404', '2730', '2020-09-23', '2021-07-05', '492.4');
INSERT INTO `room_visit` (`id`, `hotel_id`, `room_id`, `guest_id`, `arrival_date`, `departure_date`, `price`) VALUES ('884', '84', '470', '2765', '2020-09-23', '2021-06-19', '747.29');
INSERT INTO `room_visit` (`id`, `hotel_id`, `room_id`, `guest_id`, `arrival_date`, `departure_date`, `price`) VALUES ('634', '52', '102', '2773', '2020-09-24', '2021-07-08', '50.91');
INSERT INTO `room_visit` (`id`, `hotel_id`, `room_id`, `guest_id`, `arrival_date`, `departure_date`, `price`) VALUES ('513', '65', '493', '2706', '2020-09-25', '2021-07-05', '659.69');
INSERT INTO `room_visit` (`id`, `hotel_id`, `room_id`, `guest_id`, `arrival_date`, `departure_date`, `price`) VALUES ('689', '83', '407', '2773', '2020-09-25', '2021-07-01', '619.82');
INSERT INTO `room_visit` (`id`, `hotel_id`, `room_id`, `guest_id`, `arrival_date`, `departure_date`, `price`) VALUES ('976', '85', '162', '2702', '2020-09-25', '2021-06-18', '845.51');
INSERT INTO `room_visit` (`id`, `hotel_id`, `room_id`, `guest_id`, `arrival_date`, `departure_date`, `price`) VALUES ('846', '89', '402', '2756', '2020-09-28', '2021-07-10', '547.11');
INSERT INTO `room_visit` (`id`, `hotel_id`, `room_id`, `guest_id`, `arrival_date`, `departure_date`, `price`) VALUES ('798', '53', '52', '2707', '2020-10-01', '2021-06-29', '733.52');
INSERT INTO `room_visit` (`id`, `hotel_id`, `room_id`, `guest_id`, `arrival_date`, `departure_date`, `price`) VALUES ('819', '75', '155', '2720', '2020-10-01', '2021-06-18', '399.62');
INSERT INTO `room_visit` (`id`, `hotel_id`, `room_id`, `guest_id`, `arrival_date`, `departure_date`, `price`) VALUES ('575', '99', '154', '2722', '2020-10-02', '2021-07-09', '114.22');
INSERT INTO `room_visit` (`id`, `hotel_id`, `room_id`, `guest_id`, `arrival_date`, `departure_date`, `price`) VALUES ('732', '53', '472', '2757', '2020-10-03', '2021-06-27', '846.73');
INSERT INTO `room_visit` (`id`, `hotel_id`, `room_id`, `guest_id`, `arrival_date`, `departure_date`, `price`) VALUES ('593', '68', '234', '2761', '2020-10-04', '2021-07-05', '829.01');
INSERT INTO `room_visit` (`id`, `hotel_id`, `room_id`, `guest_id`, `arrival_date`, `departure_date`, `price`) VALUES ('671', '81', '75', '2781', '2020-10-04', '2021-06-26', '168.94');
INSERT INTO `room_visit` (`id`, `hotel_id`, `room_id`, `guest_id`, `arrival_date`, `departure_date`, `price`) VALUES ('716', '81', '481', '2747', '2020-10-05', '2021-07-11', '7.74');
INSERT INTO `room_visit` (`id`, `hotel_id`, `room_id`, `guest_id`, `arrival_date`, `departure_date`, `price`) VALUES ('957', '55', '491', '2705', '2020-10-06', '2021-07-11', '305.43');
INSERT INTO `room_visit` (`id`, `hotel_id`, `room_id`, `guest_id`, `arrival_date`, `departure_date`, `price`) VALUES ('829', '66', '353', '2718', '2020-10-06', '2021-06-26', '230.58');
INSERT INTO `room_visit` (`id`, `hotel_id`, `room_id`, `guest_id`, `arrival_date`, `departure_date`, `price`) VALUES ('529', '69', '80', '2704', '2020-10-06', '2021-07-12', '105.48');
INSERT INTO `room_visit` (`id`, `hotel_id`, `room_id`, `guest_id`, `arrival_date`, `departure_date`, `price`) VALUES ('584', '82', '282', '2733', '2020-10-06', '2021-07-08', '453.65');
INSERT INTO `room_visit` (`id`, `hotel_id`, `room_id`, `guest_id`, `arrival_date`, `departure_date`, `price`) VALUES ('840', '66', '136', '2772', '2020-10-07', '2021-07-13', '986.51');
INSERT INTO `room_visit` (`id`, `hotel_id`, `room_id`, `guest_id`, `arrival_date`, `departure_date`, `price`) VALUES ('527', '68', '490', '2755', '2020-10-07', '2021-07-01', '223.18');
INSERT INTO `room_visit` (`id`, `hotel_id`, `room_id`, `guest_id`, `arrival_date`, `departure_date`, `price`) VALUES ('614', '58', '127', '2723', '2020-10-09', '2021-06-21', '764.63');
INSERT INTO `room_visit` (`id`, `hotel_id`, `room_id`, `guest_id`, `arrival_date`, `departure_date`, `price`) VALUES ('855', '92', '84', '2773', '2020-10-09', '2021-07-15', '781.69');
INSERT INTO `room_visit` (`id`, `hotel_id`, `room_id`, `guest_id`, `arrival_date`, `departure_date`, `price`) VALUES ('635', '60', '454', '2710', '2020-10-11', '2021-07-12', '648.26');
INSERT INTO `room_visit` (`id`, `hotel_id`, `room_id`, `guest_id`, `arrival_date`, `departure_date`, `price`) VALUES ('810', '51', '28', '2759', '2020-10-12', '2021-06-26', '856.78');
INSERT INTO `room_visit` (`id`, `hotel_id`, `room_id`, `guest_id`, `arrival_date`, `departure_date`, `price`) VALUES ('586', '86', '380', '2729', '2020-10-15', '2021-06-20', '681.39');
INSERT INTO `room_visit` (`id`, `hotel_id`, `room_id`, `guest_id`, `arrival_date`, `departure_date`, `price`) VALUES ('789', '61', '215', '2751', '2020-10-16', '2021-06-26', '343.95');
INSERT INTO `room_visit` (`id`, `hotel_id`, `room_id`, `guest_id`, `arrival_date`, `departure_date`, `price`) VALUES ('629', '80', '280', '2721', '2020-10-17', '2021-06-24', '284.38');
INSERT INTO `room_visit` (`id`, `hotel_id`, `room_id`, `guest_id`, `arrival_date`, `departure_date`, `price`) VALUES ('802', '59', '97', '2733', '2020-10-20', '2021-07-09', '986.28');
INSERT INTO `room_visit` (`id`, `hotel_id`, `room_id`, `guest_id`, `arrival_date`, `departure_date`, `price`) VALUES ('763', '68', '5', '2704', '2020-10-20', '2021-07-02', '286.6');
INSERT INTO `room_visit` (`id`, `hotel_id`, `room_id`, `guest_id`, `arrival_date`, `departure_date`, `price`) VALUES ('933', '81', '184', '2707', '2020-10-20', '2021-07-08', '588.74');
INSERT INTO `room_visit` (`id`, `hotel_id`, `room_id`, `guest_id`, `arrival_date`, `departure_date`, `price`) VALUES ('761', '81', '447', '2702', '2020-10-20', '2021-06-27', '172.81');
INSERT INTO `room_visit` (`id`, `hotel_id`, `room_id`, `guest_id`, `arrival_date`, `departure_date`, `price`) VALUES ('691', '85', '81', '2710', '2020-10-20', '2021-06-21', '171.98');
INSERT INTO `room_visit` (`id`, `hotel_id`, `room_id`, `guest_id`, `arrival_date`, `departure_date`, `price`) VALUES ('954', '86', '312', '2768', '2020-10-20', '2021-07-03', '111.42');
INSERT INTO `room_visit` (`id`, `hotel_id`, `room_id`, `guest_id`, `arrival_date`, `departure_date`, `price`) VALUES ('890', '75', '416', '2702', '2020-10-21', '2021-07-11', '201.02');
INSERT INTO `room_visit` (`id`, `hotel_id`, `room_id`, `guest_id`, `arrival_date`, `departure_date`, `price`) VALUES ('926', '77', '252', '2704', '2020-10-21', '2021-06-29', '184.63');
INSERT INTO `room_visit` (`id`, `hotel_id`, `room_id`, `guest_id`, `arrival_date`, `departure_date`, `price`) VALUES ('673', '92', '54', '2774', '2020-10-21', '2021-07-11', '757.36');
INSERT INTO `room_visit` (`id`, `hotel_id`, `room_id`, `guest_id`, `arrival_date`, `departure_date`, `price`) VALUES ('887', '58', '482', '2747', '2020-10-22', '2021-06-18', '986.92');
INSERT INTO `room_visit` (`id`, `hotel_id`, `room_id`, `guest_id`, `arrival_date`, `departure_date`, `price`) VALUES ('687', '72', '431', '2757', '2020-10-22', '2021-07-02', '412.21');
INSERT INTO `room_visit` (`id`, `hotel_id`, `room_id`, `guest_id`, `arrival_date`, `departure_date`, `price`) VALUES ('623', '77', '76', '2799', '2020-10-23', '2021-06-22', '250.72');
INSERT INTO `room_visit` (`id`, `hotel_id`, `room_id`, `guest_id`, `arrival_date`, `departure_date`, `price`) VALUES ('688', '53', '314', '2709', '2020-10-25', '2021-07-11', '768.16');
INSERT INTO `room_visit` (`id`, `hotel_id`, `room_id`, `guest_id`, `arrival_date`, `departure_date`, `price`) VALUES ('704', '70', '452', '2781', '2020-10-25', '2021-07-06', '395.44');
INSERT INTO `room_visit` (`id`, `hotel_id`, `room_id`, `guest_id`, `arrival_date`, `departure_date`, `price`) VALUES ('574', '56', '265', '2708', '2020-10-26', '2021-06-17', '252.39');
INSERT INTO `room_visit` (`id`, `hotel_id`, `room_id`, `guest_id`, `arrival_date`, `departure_date`, `price`) VALUES ('920', '53', '28', '2776', '2020-10-27', '2021-06-23', '691.38');
INSERT INTO `room_visit` (`id`, `hotel_id`, `room_id`, `guest_id`, `arrival_date`, `departure_date`, `price`) VALUES ('898', '89', '216', '2721', '2020-10-27', '2021-07-16', '748.31');
INSERT INTO `room_visit` (`id`, `hotel_id`, `room_id`, `guest_id`, `arrival_date`, `departure_date`, `price`) VALUES ('653', '95', '408', '2705', '2020-10-27', '2021-06-25', '205.08');
INSERT INTO `room_visit` (`id`, `hotel_id`, `room_id`, `guest_id`, `arrival_date`, `departure_date`, `price`) VALUES ('585', '75', '280', '2769', '2020-10-29', '2021-07-14', '91.51');
INSERT INTO `room_visit` (`id`, `hotel_id`, `room_id`, `guest_id`, `arrival_date`, `departure_date`, `price`) VALUES ('951', '81', '284', '2761', '2020-10-30', '2021-07-09', '281.65');
INSERT INTO `room_visit` (`id`, `hotel_id`, `room_id`, `guest_id`, `arrival_date`, `departure_date`, `price`) VALUES ('862', '56', '29', '2793', '2020-10-31', '2021-07-17', '679.64');
INSERT INTO `room_visit` (`id`, `hotel_id`, `room_id`, `guest_id`, `arrival_date`, `departure_date`, `price`) VALUES ('980', '69', '152', '2773', '2020-11-01', '2021-07-08', '620.8');
INSERT INTO `room_visit` (`id`, `hotel_id`, `room_id`, `guest_id`, `arrival_date`, `departure_date`, `price`) VALUES ('849', '82', '14', '2781', '2020-11-03', '2021-06-24', '39.88');
INSERT INTO `room_visit` (`id`, `hotel_id`, `room_id`, `guest_id`, `arrival_date`, `departure_date`, `price`) VALUES ('775', '69', '179', '2781', '2020-11-04', '2021-07-11', '830.32');
INSERT INTO `room_visit` (`id`, `hotel_id`, `room_id`, `guest_id`, `arrival_date`, `departure_date`, `price`) VALUES ('977', '80', '423', '2780', '2020-11-04', '2021-07-02', '126.54');
INSERT INTO `room_visit` (`id`, `hotel_id`, `room_id`, `guest_id`, `arrival_date`, `departure_date`, `price`) VALUES ('562', '95', '36', '2721', '2020-11-04', '2021-06-18', '813.37');
INSERT INTO `room_visit` (`id`, `hotel_id`, `room_id`, `guest_id`, `arrival_date`, `departure_date`, `price`) VALUES ('588', '66', '277', '2714', '2020-11-05', '2021-07-15', '938.35');
INSERT INTO `room_visit` (`id`, `hotel_id`, `room_id`, `guest_id`, `arrival_date`, `departure_date`, `price`) VALUES ('602', '70', '466', '2706', '2020-11-06', '2021-06-26', '581.93');
INSERT INTO `room_visit` (`id`, `hotel_id`, `room_id`, `guest_id`, `arrival_date`, `departure_date`, `price`) VALUES ('724', '51', '22', '2701', '2020-11-07', '2021-07-06', '74.78');
INSERT INTO `room_visit` (`id`, `hotel_id`, `room_id`, `guest_id`, `arrival_date`, `departure_date`, `price`) VALUES ('626', '95', '226', '2702', '2020-11-07', '2021-07-14', '479.91');
INSERT INTO `room_visit` (`id`, `hotel_id`, `room_id`, `guest_id`, `arrival_date`, `departure_date`, `price`) VALUES ('603', '75', '166', '2756', '2020-11-08', '2021-06-27', '263.24');
INSERT INTO `room_visit` (`id`, `hotel_id`, `room_id`, `guest_id`, `arrival_date`, `departure_date`, `price`) VALUES ('702', '53', '34', '2798', '2020-11-09', '2021-07-14', '845.85');
INSERT INTO `room_visit` (`id`, `hotel_id`, `room_id`, `guest_id`, `arrival_date`, `departure_date`, `price`) VALUES ('677', '59', '262', '2752', '2020-11-09', '2021-06-25', '66.92');
INSERT INTO `room_visit` (`id`, `hotel_id`, `room_id`, `guest_id`, `arrival_date`, `departure_date`, `price`) VALUES ('777', '89', '258', '2765', '2020-11-09', '2021-07-17', '304.08');
INSERT INTO `room_visit` (`id`, `hotel_id`, `room_id`, `guest_id`, `arrival_date`, `departure_date`, `price`) VALUES ('938', '69', '174', '2773', '2020-11-10', '2021-06-26', '535.12');
INSERT INTO `room_visit` (`id`, `hotel_id`, `room_id`, `guest_id`, `arrival_date`, `departure_date`, `price`) VALUES ('806', '55', '372', '2758', '2020-11-12', '2021-07-05', '825.06');
INSERT INTO `room_visit` (`id`, `hotel_id`, `room_id`, `guest_id`, `arrival_date`, `departure_date`, `price`) VALUES ('533', '56', '194', '2747', '2020-11-12', '2021-06-18', '905.04');
INSERT INTO `room_visit` (`id`, `hotel_id`, `room_id`, `guest_id`, `arrival_date`, `departure_date`, `price`) VALUES ('683', '99', '147', '2779', '2020-11-12', '2021-06-20', '295.62');
INSERT INTO `room_visit` (`id`, `hotel_id`, `room_id`, `guest_id`, `arrival_date`, `departure_date`, `price`) VALUES ('536', '60', '252', '2786', '2020-11-13', '2021-06-28', '312.4');
INSERT INTO `room_visit` (`id`, `hotel_id`, `room_id`, `guest_id`, `arrival_date`, `departure_date`, `price`) VALUES ('663', '68', '107', '2720', '2020-11-13', '2021-06-20', '193.52');
INSERT INTO `room_visit` (`id`, `hotel_id`, `room_id`, `guest_id`, `arrival_date`, `departure_date`, `price`) VALUES ('839', '51', '407', '2734', '2020-11-14', '2021-07-16', '830.38');
INSERT INTO `room_visit` (`id`, `hotel_id`, `room_id`, `guest_id`, `arrival_date`, `departure_date`, `price`) VALUES ('796', '58', '241', '2720', '2020-11-16', '2021-06-20', '258.86');
INSERT INTO `room_visit` (`id`, `hotel_id`, `room_id`, `guest_id`, `arrival_date`, `departure_date`, `price`) VALUES ('693', '71', '286', '2780', '2020-11-16', '2021-07-16', '25.83');
INSERT INTO `room_visit` (`id`, `hotel_id`, `room_id`, `guest_id`, `arrival_date`, `departure_date`, `price`) VALUES ('854', '88', '499', '2786', '2020-11-16', '2021-06-24', '368.15');
INSERT INTO `room_visit` (`id`, `hotel_id`, `room_id`, `guest_id`, `arrival_date`, `departure_date`, `price`) VALUES ('607', '56', '98', '2786', '2020-11-19', '2021-07-16', '466.56');
INSERT INTO `room_visit` (`id`, `hotel_id`, `room_id`, `guest_id`, `arrival_date`, `departure_date`, `price`) VALUES ('672', '65', '348', '2756', '2020-11-19', '2021-06-26', '457.33');
INSERT INTO `room_visit` (`id`, `hotel_id`, `room_id`, `guest_id`, `arrival_date`, `departure_date`, `price`) VALUES ('507', '77', '437', '2793', '2020-11-19', '2021-06-19', '574.37');
INSERT INTO `room_visit` (`id`, `hotel_id`, `room_id`, `guest_id`, `arrival_date`, `departure_date`, `price`) VALUES ('764', '53', '484', '2728', '2020-11-21', '2021-06-28', '204.04');
INSERT INTO `room_visit` (`id`, `hotel_id`, `room_id`, `guest_id`, `arrival_date`, `departure_date`, `price`) VALUES ('879', '83', '279', '2734', '2020-11-21', '2021-06-18', '516.27');
INSERT INTO `room_visit` (`id`, `hotel_id`, `room_id`, `guest_id`, `arrival_date`, `departure_date`, `price`) VALUES ('621', '75', '469', '2747', '2020-11-24', '2021-07-09', '898.51');
INSERT INTO `room_visit` (`id`, `hotel_id`, `room_id`, `guest_id`, `arrival_date`, `departure_date`, `price`) VALUES ('953', '52', '317', '2779', '2020-11-25', '2021-06-20', '395.16');
INSERT INTO `room_visit` (`id`, `hotel_id`, `room_id`, `guest_id`, `arrival_date`, `departure_date`, `price`) VALUES ('612', '75', '230', '2747', '2020-11-25', '2021-06-18', '809.22');
INSERT INTO `room_visit` (`id`, `hotel_id`, `room_id`, `guest_id`, `arrival_date`, `departure_date`, `price`) VALUES ('606', '52', '435', '2703', '2020-11-26', '2021-06-22', '482.67');
INSERT INTO `room_visit` (`id`, `hotel_id`, `room_id`, `guest_id`, `arrival_date`, `departure_date`, `price`) VALUES ('915', '77', '499', '2747', '2020-11-26', '2021-06-26', '976.79');
INSERT INTO `room_visit` (`id`, `hotel_id`, `room_id`, `guest_id`, `arrival_date`, `departure_date`, `price`) VALUES ('641', '82', '260', '2772', '2020-11-26', '2021-07-01', '728.48');
INSERT INTO `room_visit` (`id`, `hotel_id`, `room_id`, `guest_id`, `arrival_date`, `departure_date`, `price`) VALUES ('899', '70', '496', '2705', '2020-11-29', '2021-06-18', '335.67');
INSERT INTO `room_visit` (`id`, `hotel_id`, `room_id`, `guest_id`, `arrival_date`, `departure_date`, `price`) VALUES ('790', '60', '141', '2704', '2020-11-30', '2021-06-23', '538.76');
INSERT INTO `room_visit` (`id`, `hotel_id`, `room_id`, `guest_id`, `arrival_date`, `departure_date`, `price`) VALUES ('510', '66', '414', '2769', '2020-11-30', '2021-07-13', '400.3');
INSERT INTO `room_visit` (`id`, `hotel_id`, `room_id`, `guest_id`, `arrival_date`, `departure_date`, `price`) VALUES ('833', '89', '8', '2760', '2020-11-30', '2021-06-22', '433.87');
INSERT INTO `room_visit` (`id`, `hotel_id`, `room_id`, `guest_id`, `arrival_date`, `departure_date`, `price`) VALUES ('535', '57', '44', '2787', '2020-12-01', '2021-06-29', '46.09');
INSERT INTO `room_visit` (`id`, `hotel_id`, `room_id`, `guest_id`, `arrival_date`, `departure_date`, `price`) VALUES ('701', '92', '138', '2731', '2020-12-01', '2021-06-26', '899');
INSERT INTO `room_visit` (`id`, `hotel_id`, `room_id`, `guest_id`, `arrival_date`, `departure_date`, `price`) VALUES ('771', '51', '322', '2732', '2020-12-02', '2021-06-22', '748.26');
INSERT INTO `room_visit` (`id`, `hotel_id`, `room_id`, `guest_id`, `arrival_date`, `departure_date`, `price`) VALUES ('863', '69', '470', '2800', '2020-12-02', '2021-07-07', '903.8');
INSERT INTO `room_visit` (`id`, `hotel_id`, `room_id`, `guest_id`, `arrival_date`, `departure_date`, `price`) VALUES ('608', '92', '39', '2707', '2020-12-02', '2021-06-21', '985.68');
INSERT INTO `room_visit` (`id`, `hotel_id`, `room_id`, `guest_id`, `arrival_date`, `departure_date`, `price`) VALUES ('800', '72', '365', '2776', '2020-12-03', '2021-06-28', '954.87');
INSERT INTO `room_visit` (`id`, `hotel_id`, `room_id`, `guest_id`, `arrival_date`, `departure_date`, `price`) VALUES ('894', '72', '97', '2795', '2020-12-04', '2021-07-09', '368.84');
INSERT INTO `room_visit` (`id`, `hotel_id`, `room_id`, `guest_id`, `arrival_date`, `departure_date`, `price`) VALUES ('690', '92', '301', '2708', '2020-12-07', '2021-06-23', '801.19');
INSERT INTO `room_visit` (`id`, `hotel_id`, `room_id`, `guest_id`, `arrival_date`, `departure_date`, `price`) VALUES ('577', '58', '47', '2704', '2020-12-08', '2021-06-25', '258.6');
INSERT INTO `room_visit` (`id`, `hotel_id`, `room_id`, `guest_id`, `arrival_date`, `departure_date`, `price`) VALUES ('822', '89', '484', '2722', '2020-12-09', '2021-07-06', '598.72');
INSERT INTO `room_visit` (`id`, `hotel_id`, `room_id`, `guest_id`, `arrival_date`, `departure_date`, `price`) VALUES ('868', '56', '157', '2795', '2020-12-10', '2021-06-27', '909.11');
INSERT INTO `room_visit` (`id`, `hotel_id`, `room_id`, `guest_id`, `arrival_date`, `departure_date`, `price`) VALUES ('739', '70', '390', '2780', '2020-12-10', '2021-06-18', '679.04');
INSERT INTO `room_visit` (`id`, `hotel_id`, `room_id`, `guest_id`, `arrival_date`, `departure_date`, `price`) VALUES ('502', '77', '142', '2757', '2020-12-12', '2021-07-05', '900.68');
INSERT INTO `room_visit` (`id`, `hotel_id`, `room_id`, `guest_id`, `arrival_date`, `departure_date`, `price`) VALUES ('903', '98', '457', '2765', '2020-12-12', '2021-06-25', '654.52');
INSERT INTO `room_visit` (`id`, `hotel_id`, `room_id`, `guest_id`, `arrival_date`, `departure_date`, `price`) VALUES ('897', '86', '151', '2773', '2020-12-14', '2021-06-29', '659.67');
INSERT INTO `room_visit` (`id`, `hotel_id`, `room_id`, `guest_id`, `arrival_date`, `departure_date`, `price`) VALUES ('958', '59', '310', '2798', '2020-12-17', '2021-06-17', '587.07');
INSERT INTO `room_visit` (`id`, `hotel_id`, `room_id`, `guest_id`, `arrival_date`, `departure_date`, `price`) VALUES ('968', '77', '45', '2742', '2020-12-17', '2021-06-27', '124.25');
INSERT INTO `room_visit` (`id`, `hotel_id`, `room_id`, `guest_id`, `arrival_date`, `departure_date`, `price`) VALUES ('803', '75', '435', '2725', '2020-12-18', '2021-07-17', '528.02');
INSERT INTO `room_visit` (`id`, `hotel_id`, `room_id`, `guest_id`, `arrival_date`, `departure_date`, `price`) VALUES ('791', '92', '270', '2761', '2020-12-18', '2021-07-07', '60.58');
INSERT INTO `room_visit` (`id`, `hotel_id`, `room_id`, `guest_id`, `arrival_date`, `departure_date`, `price`) VALUES ('875', '71', '5', '2760', '2020-12-19', '2021-07-02', '982.81');
INSERT INTO `room_visit` (`id`, `hotel_id`, `room_id`, `guest_id`, `arrival_date`, `departure_date`, `price`) VALUES ('509', '53', '473', '2721', '2020-12-23', '2021-07-15', '826.44');
INSERT INTO `room_visit` (`id`, `hotel_id`, `room_id`, `guest_id`, `arrival_date`, `departure_date`, `price`) VALUES ('851', '65', '417', '2732', '2020-12-23', '2021-06-19', '622.97');
INSERT INTO `room_visit` (`id`, `hotel_id`, `room_id`, `guest_id`, `arrival_date`, `departure_date`, `price`) VALUES ('555', '88', '426', '2718', '2020-12-23', '2021-07-05', '16.42');
INSERT INTO `room_visit` (`id`, `hotel_id`, `room_id`, `guest_id`, `arrival_date`, `departure_date`, `price`) VALUES ('685', '53', '223', '2757', '2020-12-24', '2021-06-21', '435.96');
INSERT INTO `room_visit` (`id`, `hotel_id`, `room_id`, `guest_id`, `arrival_date`, `departure_date`, `price`) VALUES ('780', '89', '278', '2759', '2020-12-25', '2021-06-30', '3.78');
INSERT INTO `room_visit` (`id`, `hotel_id`, `room_id`, `guest_id`, `arrival_date`, `departure_date`, `price`) VALUES ('812', '57', '458', '2734', '2020-12-27', '2021-07-10', '846.57');
INSERT INTO `room_visit` (`id`, `hotel_id`, `room_id`, `guest_id`, `arrival_date`, `departure_date`, `price`) VALUES ('718', '81', '375', '2732', '2020-12-27', '2021-06-20', '808.83');
INSERT INTO `room_visit` (`id`, `hotel_id`, `room_id`, `guest_id`, `arrival_date`, `departure_date`, `price`) VALUES ('871', '88', '484', '2714', '2020-12-27', '2021-07-09', '267.79');
INSERT INTO `room_visit` (`id`, `hotel_id`, `room_id`, `guest_id`, `arrival_date`, `departure_date`, `price`) VALUES ('782', '72', '323', '2707', '2020-12-28', '2021-07-05', '362.36');
INSERT INTO `room_visit` (`id`, `hotel_id`, `room_id`, `guest_id`, `arrival_date`, `departure_date`, `price`) VALUES ('916', '89', '364', '2757', '2020-12-28', '2021-07-16', '753.89');
INSERT INTO `room_visit` (`id`, `hotel_id`, `room_id`, `guest_id`, `arrival_date`, `departure_date`, `price`) VALUES ('971', '53', '464', '2758', '2020-12-30', '2021-07-06', '77.94');
INSERT INTO `room_visit` (`id`, `hotel_id`, `room_id`, `guest_id`, `arrival_date`, `departure_date`, `price`) VALUES ('679', '57', '304', '2714', '2020-12-30', '2021-07-17', '392.32');
INSERT INTO `room_visit` (`id`, `hotel_id`, `room_id`, `guest_id`, `arrival_date`, `departure_date`, `price`) VALUES ('725', '58', '209', '2742', '2020-12-30', '2021-06-26', '404.97');
INSERT INTO `room_visit` (`id`, `hotel_id`, `room_id`, `guest_id`, `arrival_date`, `departure_date`, `price`) VALUES ('793', '82', '441', '2703', '2020-12-30', '2021-06-26', '770.68');
INSERT INTO `room_visit` (`id`, `hotel_id`, `room_id`, `guest_id`, `arrival_date`, `departure_date`, `price`) VALUES ('843', '95', '19', '2798', '2020-12-30', '2021-07-10', '661.86');
INSERT INTO `room_visit` (`id`, `hotel_id`, `room_id`, `guest_id`, `arrival_date`, `departure_date`, `price`) VALUES ('632', '55', '86', '2721', '2021-01-01', '2021-07-07', '693.2');
INSERT INTO `room_visit` (`id`, `hotel_id`, `room_id`, `guest_id`, `arrival_date`, `departure_date`, `price`) VALUES ('824', '81', '38', '2724', '2021-01-01', '2021-07-16', '38.8');
INSERT INTO `room_visit` (`id`, `hotel_id`, `room_id`, `guest_id`, `arrival_date`, `departure_date`, `price`) VALUES ('504', '98', '333', '2732', '2021-01-01', '2021-06-18', '56.11');
INSERT INTO `room_visit` (`id`, `hotel_id`, `room_id`, `guest_id`, `arrival_date`, `departure_date`, `price`) VALUES ('717', '58', '383', '2751', '2021-01-02', '2021-06-20', '78.35');
INSERT INTO `room_visit` (`id`, `hotel_id`, `room_id`, `guest_id`, `arrival_date`, `departure_date`, `price`) VALUES ('735', '68', '439', '2757', '2021-01-02', '2021-06-19', '989.66');
INSERT INTO `room_visit` (`id`, `hotel_id`, `room_id`, `guest_id`, `arrival_date`, `departure_date`, `price`) VALUES ('857', '55', '375', '2714', '2021-01-03', '2021-07-07', '226.34');
INSERT INTO `room_visit` (`id`, `hotel_id`, `room_id`, `guest_id`, `arrival_date`, `departure_date`, `price`) VALUES ('817', '58', '404', '2761', '2021-01-04', '2021-06-30', '766.7');
INSERT INTO `room_visit` (`id`, `hotel_id`, `room_id`, `guest_id`, `arrival_date`, `departure_date`, `price`) VALUES ('652', '99', '75', '2729', '2021-01-04', '2021-07-16', '436.05');
INSERT INTO `room_visit` (`id`, `hotel_id`, `room_id`, `guest_id`, `arrival_date`, `departure_date`, `price`) VALUES ('772', '52', '26', '2723', '2021-01-05', '2021-06-30', '916.87');
INSERT INTO `room_visit` (`id`, `hotel_id`, `room_id`, `guest_id`, `arrival_date`, `departure_date`, `price`) VALUES ('549', '71', '234', '2776', '2021-01-05', '2021-06-20', '412.65');
INSERT INTO `room_visit` (`id`, `hotel_id`, `room_id`, `guest_id`, `arrival_date`, `departure_date`, `price`) VALUES ('686', '89', '296', '2704', '2021-01-06', '2021-07-15', '136.25');
INSERT INTO `room_visit` (`id`, `hotel_id`, `room_id`, `guest_id`, `arrival_date`, `departure_date`, `price`) VALUES ('866', '68', '128', '2714', '2021-01-07', '2021-06-24', '165.28');
INSERT INTO `room_visit` (`id`, `hotel_id`, `room_id`, `guest_id`, `arrival_date`, `departure_date`, `price`) VALUES ('825', '81', '181', '2730', '2021-01-07', '2021-07-10', '932.7');
INSERT INTO `room_visit` (`id`, `hotel_id`, `room_id`, `guest_id`, `arrival_date`, `departure_date`, `price`) VALUES ('700', '85', '253', '2720', '2021-01-08', '2021-07-01', '226.48');
INSERT INTO `room_visit` (`id`, `hotel_id`, `room_id`, `guest_id`, `arrival_date`, `departure_date`, `price`) VALUES ('592', '99', '456', '2705', '2021-01-08', '2021-06-29', '243.7');
INSERT INTO `room_visit` (`id`, `hotel_id`, `room_id`, `guest_id`, `arrival_date`, `departure_date`, `price`) VALUES ('830', '77', '443', '2729', '2021-01-10', '2021-06-20', '794.17');
INSERT INTO `room_visit` (`id`, `hotel_id`, `room_id`, `guest_id`, `arrival_date`, `departure_date`, `price`) VALUES ('737', '61', '182', '2799', '2021-01-12', '2021-06-22', '348.73');
INSERT INTO `room_visit` (`id`, `hotel_id`, `room_id`, `guest_id`, `arrival_date`, `departure_date`, `price`) VALUES ('731', '77', '3', '2800', '2021-01-12', '2021-06-24', '82.77');
INSERT INTO `room_visit` (`id`, `hotel_id`, `room_id`, `guest_id`, `arrival_date`, `departure_date`, `price`) VALUES ('537', '88', '477', '2779', '2021-01-13', '2021-06-22', '8.12');
INSERT INTO `room_visit` (`id`, `hotel_id`, `room_id`, `guest_id`, `arrival_date`, `departure_date`, `price`) VALUES ('963', '71', '49', '2772', '2021-01-14', '2021-06-20', '19.22');
INSERT INTO `room_visit` (`id`, `hotel_id`, `room_id`, `guest_id`, `arrival_date`, `departure_date`, `price`) VALUES ('521', '95', '129', '2718', '2021-01-14', '2021-07-03', '686.65');
INSERT INTO `room_visit` (`id`, `hotel_id`, `room_id`, `guest_id`, `arrival_date`, `departure_date`, `price`) VALUES ('917', '77', '349', '2709', '2021-01-15', '2021-07-12', '686.28');
INSERT INTO `room_visit` (`id`, `hotel_id`, `room_id`, `guest_id`, `arrival_date`, `departure_date`, `price`) VALUES ('783', '86', '374', '2760', '2021-01-15', '2021-07-05', '49.11');
INSERT INTO `room_visit` (`id`, `hotel_id`, `room_id`, `guest_id`, `arrival_date`, `departure_date`, `price`) VALUES ('532', '92', '426', '2710', '2021-01-17', '2021-06-22', '329.13');
INSERT INTO `room_visit` (`id`, `hotel_id`, `room_id`, `guest_id`, `arrival_date`, `departure_date`, `price`) VALUES ('760', '52', '233', '2702', '2021-01-19', '2021-06-30', '221.23');
INSERT INTO `room_visit` (`id`, `hotel_id`, `room_id`, `guest_id`, `arrival_date`, `departure_date`, `price`) VALUES ('713', '98', '116', '2728', '2021-01-20', '2021-07-05', '953.18');
INSERT INTO `room_visit` (`id`, `hotel_id`, `room_id`, `guest_id`, `arrival_date`, `departure_date`, `price`) VALUES ('850', '68', '49', '2731', '2021-01-22', '2021-06-23', '101.79');
INSERT INTO `room_visit` (`id`, `hotel_id`, `room_id`, `guest_id`, `arrival_date`, `departure_date`, `price`) VALUES ('893', '89', '247', '2747', '2021-01-23', '2021-07-08', '556.34');
INSERT INTO `room_visit` (`id`, `hotel_id`, `room_id`, `guest_id`, `arrival_date`, `departure_date`, `price`) VALUES ('595', '70', '69', '2732', '2021-01-24', '2021-07-12', '8.85');
INSERT INTO `room_visit` (`id`, `hotel_id`, `room_id`, `guest_id`, `arrival_date`, `departure_date`, `price`) VALUES ('754', '98', '142', '2773', '2021-01-24', '2021-07-07', '805.62');
INSERT INTO `room_visit` (`id`, `hotel_id`, `room_id`, `guest_id`, `arrival_date`, `departure_date`, `price`) VALUES ('604', '58', '228', '2779', '2021-01-25', '2021-06-24', '143.94');
INSERT INTO `room_visit` (`id`, `hotel_id`, `room_id`, `guest_id`, `arrival_date`, `departure_date`, `price`) VALUES ('794', '61', '470', '2721', '2021-01-26', '2021-07-04', '913.02');
INSERT INTO `room_visit` (`id`, `hotel_id`, `room_id`, `guest_id`, `arrival_date`, `departure_date`, `price`) VALUES ('837', '95', '430', '2780', '2021-01-28', '2021-07-06', '281.49');
INSERT INTO `room_visit` (`id`, `hotel_id`, `room_id`, `guest_id`, `arrival_date`, `departure_date`, `price`) VALUES ('831', '70', '156', '2766', '2021-01-30', '2021-06-23', '922.36');
INSERT INTO `room_visit` (`id`, `hotel_id`, `room_id`, `guest_id`, `arrival_date`, `departure_date`, `price`) VALUES ('692', '86', '292', '2756', '2021-02-01', '2021-06-25', '289.93');
INSERT INTO `room_visit` (`id`, `hotel_id`, `room_id`, `guest_id`, `arrival_date`, `departure_date`, `price`) VALUES ('966', '92', '348', '2781', '2021-02-01', '2021-06-17', '312.1');
INSERT INTO `room_visit` (`id`, `hotel_id`, `room_id`, `guest_id`, `arrival_date`, `departure_date`, `price`) VALUES ('668', '52', '58', '2733', '2021-02-03', '2021-07-16', '304.66');
INSERT INTO `room_visit` (`id`, `hotel_id`, `room_id`, `guest_id`, `arrival_date`, `departure_date`, `price`) VALUES ('821', '69', '173', '2775', '2021-02-03', '2021-06-25', '11.62');
INSERT INTO `room_visit` (`id`, `hotel_id`, `room_id`, `guest_id`, `arrival_date`, `departure_date`, `price`) VALUES ('563', '89', '151', '2752', '2021-02-03', '2021-06-25', '604.3');
INSERT INTO `room_visit` (`id`, `hotel_id`, `room_id`, `guest_id`, `arrival_date`, `departure_date`, `price`) VALUES ('598', '92', '110', '2722', '2021-02-04', '2021-06-27', '248.97');
INSERT INTO `room_visit` (`id`, `hotel_id`, `room_id`, `guest_id`, `arrival_date`, `departure_date`, `price`) VALUES ('723', '82', '271', '2724', '2021-02-06', '2021-07-09', '582.72');
INSERT INTO `room_visit` (`id`, `hotel_id`, `room_id`, `guest_id`, `arrival_date`, `departure_date`, `price`) VALUES ('848', '59', '326', '2758', '2021-02-07', '2021-06-18', '885.4');
INSERT INTO `room_visit` (`id`, `hotel_id`, `room_id`, `guest_id`, `arrival_date`, `departure_date`, `price`) VALUES ('579', '88', '81', '2757', '2021-02-07', '2021-06-26', '976.35');
INSERT INTO `room_visit` (`id`, `hotel_id`, `room_id`, `guest_id`, `arrival_date`, `departure_date`, `price`) VALUES ('743', '98', '129', '2710', '2021-02-08', '2021-06-26', '446.5');
INSERT INTO `room_visit` (`id`, `hotel_id`, `room_id`, `guest_id`, `arrival_date`, `departure_date`, `price`) VALUES ('660', '55', '87', '2786', '2021-02-09', '2021-07-13', '151.68');
INSERT INTO `room_visit` (`id`, `hotel_id`, `room_id`, `guest_id`, `arrival_date`, `departure_date`, `price`) VALUES ('792', '75', '35', '2724', '2021-02-09', '2021-07-11', '466.63');
INSERT INTO `room_visit` (`id`, `hotel_id`, `room_id`, `guest_id`, `arrival_date`, `departure_date`, `price`) VALUES ('512', '92', '14', '2733', '2021-02-09', '2021-06-22', '741.72');
INSERT INTO `room_visit` (`id`, `hotel_id`, `room_id`, `guest_id`, `arrival_date`, `departure_date`, `price`) VALUES ('845', '56', '439', '2766', '2021-02-10', '2021-07-01', '25.27');
INSERT INTO `room_visit` (`id`, `hotel_id`, `room_id`, `guest_id`, `arrival_date`, `departure_date`, `price`) VALUES ('694', '61', '170', '2723', '2021-02-10', '2021-06-28', '284.9');
INSERT INTO `room_visit` (`id`, `hotel_id`, `room_id`, `guest_id`, `arrival_date`, `departure_date`, `price`) VALUES ('779', '65', '274', '2798', '2021-02-10', '2021-07-04', '530.53');
INSERT INTO `room_visit` (`id`, `hotel_id`, `room_id`, `guest_id`, `arrival_date`, `departure_date`, `price`) VALUES ('928', '61', '188', '2747', '2021-02-11', '2021-06-24', '981.17');
INSERT INTO `room_visit` (`id`, `hotel_id`, `room_id`, `guest_id`, `arrival_date`, `departure_date`, `price`) VALUES ('788', '65', '46', '2798', '2021-02-11', '2021-07-14', '188.91');
INSERT INTO `room_visit` (`id`, `hotel_id`, `room_id`, `guest_id`, `arrival_date`, `departure_date`, `price`) VALUES ('546', '84', '174', '2780', '2021-02-12', '2021-06-25', '3.73');
INSERT INTO `room_visit` (`id`, `hotel_id`, `room_id`, `guest_id`, `arrival_date`, `departure_date`, `price`) VALUES ('540', '61', '22', '2707', '2021-02-13', '2021-07-13', '458.28');
INSERT INTO `room_visit` (`id`, `hotel_id`, `room_id`, `guest_id`, `arrival_date`, `departure_date`, `price`) VALUES ('531', '69', '16', '2739', '2021-02-14', '2021-07-12', '543.76');
INSERT INTO `room_visit` (`id`, `hotel_id`, `room_id`, `guest_id`, `arrival_date`, `departure_date`, `price`) VALUES ('501', '92', '245', '2793', '2021-02-14', '2021-06-18', '532.43');
INSERT INTO `room_visit` (`id`, `hotel_id`, `room_id`, `guest_id`, `arrival_date`, `departure_date`, `price`) VALUES ('581', '69', '314', '2734', '2021-02-15', '2021-06-24', '672.92');
INSERT INTO `room_visit` (`id`, `hotel_id`, `room_id`, `guest_id`, `arrival_date`, `departure_date`, `price`) VALUES ('969', '75', '427', '2747', '2021-02-16', '2021-07-02', '849.92');
INSERT INTO `room_visit` (`id`, `hotel_id`, `room_id`, `guest_id`, `arrival_date`, `departure_date`, `price`) VALUES ('941', '75', '419', '2702', '2021-02-17', '2021-07-15', '168.73');
INSERT INTO `room_visit` (`id`, `hotel_id`, `room_id`, `guest_id`, `arrival_date`, `departure_date`, `price`) VALUES ('643', '81', '367', '2766', '2021-02-18', '2021-07-07', '41.97');
INSERT INTO `room_visit` (`id`, `hotel_id`, `room_id`, `guest_id`, `arrival_date`, `departure_date`, `price`) VALUES ('648', '84', '241', '2756', '2021-02-18', '2021-06-24', '14.16');
INSERT INTO `room_visit` (`id`, `hotel_id`, `room_id`, `guest_id`, `arrival_date`, `departure_date`, `price`) VALUES ('640', '92', '437', '2766', '2021-02-18', '2021-06-28', '31.66');
INSERT INTO `room_visit` (`id`, `hotel_id`, `room_id`, `guest_id`, `arrival_date`, `departure_date`, `price`) VALUES ('805', '88', '253', '2707', '2021-02-19', '2021-07-11', '146.8');
INSERT INTO `room_visit` (`id`, `hotel_id`, `room_id`, `guest_id`, `arrival_date`, `departure_date`, `price`) VALUES ('813', '80', '239', '2725', '2021-02-20', '2021-06-20', '436.49');
INSERT INTO `room_visit` (`id`, `hotel_id`, `room_id`, `guest_id`, `arrival_date`, `departure_date`, `price`) VALUES ('670', '85', '340', '2774', '2021-02-20', '2021-07-10', '876.81');
INSERT INTO `room_visit` (`id`, `hotel_id`, `room_id`, `guest_id`, `arrival_date`, `departure_date`, `price`) VALUES ('528', '69', '476', '2707', '2021-02-21', '2021-06-26', '975.28');
INSERT INTO `room_visit` (`id`, `hotel_id`, `room_id`, `guest_id`, `arrival_date`, `departure_date`, `price`) VALUES ('545', '88', '30', '2729', '2021-02-21', '2021-06-19', '764.3');
INSERT INTO `room_visit` (`id`, `hotel_id`, `room_id`, `guest_id`, `arrival_date`, `departure_date`, `price`) VALUES ('905', '98', '214', '2799', '2021-02-21', '2021-07-15', '86.74');
INSERT INTO `room_visit` (`id`, `hotel_id`, `room_id`, `guest_id`, `arrival_date`, `departure_date`, `price`) VALUES ('657', '98', '126', '2731', '2021-02-22', '2021-07-01', '62.11');
INSERT INTO `room_visit` (`id`, `hotel_id`, `room_id`, `guest_id`, `arrival_date`, `departure_date`, `price`) VALUES ('906', '98', '116', '2723', '2021-02-23', '2021-07-15', '716.7');
INSERT INTO `room_visit` (`id`, `hotel_id`, `room_id`, `guest_id`, `arrival_date`, `departure_date`, `price`) VALUES ('770', '99', '489', '2751', '2021-02-24', '2021-06-22', '9.51');
INSERT INTO `room_visit` (`id`, `hotel_id`, `room_id`, `guest_id`, `arrival_date`, `departure_date`, `price`) VALUES ('519', '99', '279', '2799', '2021-02-25', '2021-07-13', '15.7');
INSERT INTO `room_visit` (`id`, `hotel_id`, `room_id`, `guest_id`, `arrival_date`, `departure_date`, `price`) VALUES ('861', '85', '227', '2775', '2021-02-26', '2021-07-13', '696.22');
INSERT INTO `room_visit` (`id`, `hotel_id`, `room_id`, `guest_id`, `arrival_date`, `departure_date`, `price`) VALUES ('570', '89', '396', '2705', '2021-02-27', '2021-07-15', '984');
INSERT INTO `room_visit` (`id`, `hotel_id`, `room_id`, `guest_id`, `arrival_date`, `departure_date`, `price`) VALUES ('776', '89', '460', '2766', '2021-02-27', '2021-06-20', '474.21');
INSERT INTO `room_visit` (`id`, `hotel_id`, `room_id`, `guest_id`, `arrival_date`, `departure_date`, `price`) VALUES ('610', '68', '8', '2759', '2021-02-28', '2021-07-07', '104.59');
INSERT INTO `room_visit` (`id`, `hotel_id`, `room_id`, `guest_id`, `arrival_date`, `departure_date`, `price`) VALUES ('946', '98', '387', '2707', '2021-03-02', '2021-06-28', '246.78');
INSERT INTO `room_visit` (`id`, `hotel_id`, `room_id`, `guest_id`, `arrival_date`, `departure_date`, `price`) VALUES ('638', '75', '53', '2760', '2021-03-03', '2021-07-07', '619.72');
INSERT INTO `room_visit` (`id`, `hotel_id`, `room_id`, `guest_id`, `arrival_date`, `departure_date`, `price`) VALUES ('766', '75', '415', '2800', '2021-03-05', '2021-06-24', '149.98');
INSERT INTO `room_visit` (`id`, `hotel_id`, `room_id`, `guest_id`, `arrival_date`, `departure_date`, `price`) VALUES ('589', '72', '500', '2776', '2021-03-07', '2021-06-22', '619.89');
INSERT INTO `room_visit` (`id`, `hotel_id`, `room_id`, `guest_id`, `arrival_date`, `departure_date`, `price`) VALUES ('964', '65', '456', '2730', '2021-03-08', '2021-07-08', '89.96');
INSERT INTO `room_visit` (`id`, `hotel_id`, `room_id`, `guest_id`, `arrival_date`, `departure_date`, `price`) VALUES ('856', '77', '19', '2756', '2021-03-09', '2021-06-20', '32.51');
INSERT INTO `room_visit` (`id`, `hotel_id`, `room_id`, `guest_id`, `arrival_date`, `departure_date`, `price`) VALUES ('860', '66', '57', '2798', '2021-03-10', '2021-07-04', '9.9');
INSERT INTO `room_visit` (`id`, `hotel_id`, `room_id`, `guest_id`, `arrival_date`, `departure_date`, `price`) VALUES ('569', '70', '11', '2751', '2021-03-10', '2021-07-06', '945.44');
INSERT INTO `room_visit` (`id`, `hotel_id`, `room_id`, `guest_id`, `arrival_date`, `departure_date`, `price`) VALUES ('539', '51', '302', '2705', '2021-03-11', '2021-06-22', '217.46');
INSERT INTO `room_visit` (`id`, `hotel_id`, `room_id`, `guest_id`, `arrival_date`, `departure_date`, `price`) VALUES ('647', '77', '465', '2739', '2021-03-11', '2021-06-26', '50.62');
INSERT INTO `room_visit` (`id`, `hotel_id`, `room_id`, `guest_id`, `arrival_date`, `departure_date`, `price`) VALUES ('944', '99', '434', '2798', '2021-03-11', '2021-06-20', '329.22');
INSERT INTO `room_visit` (`id`, `hotel_id`, `room_id`, `guest_id`, `arrival_date`, `departure_date`, `price`) VALUES ('733', '55', '316', '2707', '2021-03-12', '2021-06-22', '705.74');
INSERT INTO `room_visit` (`id`, `hotel_id`, `room_id`, `guest_id`, `arrival_date`, `departure_date`, `price`) VALUES ('547', '80', '94', '2775', '2021-03-12', '2021-07-07', '217.35');
INSERT INTO `room_visit` (`id`, `hotel_id`, `room_id`, `guest_id`, `arrival_date`, `departure_date`, `price`) VALUES ('625', '83', '211', '2707', '2021-03-12', '2021-06-22', '578.19');
INSERT INTO `room_visit` (`id`, `hotel_id`, `room_id`, `guest_id`, `arrival_date`, `departure_date`, `price`) VALUES ('721', '59', '286', '2739', '2021-03-13', '2021-07-11', '908.67');
INSERT INTO `room_visit` (`id`, `hotel_id`, `room_id`, `guest_id`, `arrival_date`, `departure_date`, `price`) VALUES ('517', '72', '474', '2780', '2021-03-13', '2021-07-05', '896.07');
INSERT INTO `room_visit` (`id`, `hotel_id`, `room_id`, `guest_id`, `arrival_date`, `departure_date`, `price`) VALUES ('952', '81', '380', '2793', '2021-03-13', '2021-06-18', '415.04');
INSERT INTO `room_visit` (`id`, `hotel_id`, `room_id`, `guest_id`, `arrival_date`, `departure_date`, `price`) VALUES ('765', '88', '309', '2734', '2021-03-13', '2021-06-24', '439.69');
INSERT INTO `room_visit` (`id`, `hotel_id`, `room_id`, `guest_id`, `arrival_date`, `departure_date`, `price`) VALUES ('714', '71', '356', '2720', '2021-03-14', '2021-07-05', '848.49');
INSERT INTO `room_visit` (`id`, `hotel_id`, `room_id`, `guest_id`, `arrival_date`, `departure_date`, `price`) VALUES ('970', '61', '491', '2720', '2021-03-16', '2021-06-18', '157');
INSERT INTO `room_visit` (`id`, `hotel_id`, `room_id`, `guest_id`, `arrival_date`, `departure_date`, `price`) VALUES ('681', '75', '20', '2702', '2021-03-18', '2021-07-09', '82.98');
INSERT INTO `room_visit` (`id`, `hotel_id`, `room_id`, `guest_id`, `arrival_date`, `departure_date`, `price`) VALUES ('895', '57', '269', '2703', '2021-03-19', '2021-06-22', '24.3');
INSERT INTO `room_visit` (`id`, `hotel_id`, `room_id`, `guest_id`, `arrival_date`, `departure_date`, `price`) VALUES ('590', '99', '344', '2705', '2021-03-19', '2021-07-10', '774.04');
INSERT INTO `room_visit` (`id`, `hotel_id`, `room_id`, `guest_id`, `arrival_date`, `departure_date`, `price`) VALUES ('911', '59', '114', '2775', '2021-03-20', '2021-07-04', '675.69');
INSERT INTO `room_visit` (`id`, `hotel_id`, `room_id`, `guest_id`, `arrival_date`, `departure_date`, `price`) VALUES ('872', '80', '66', '2721', '2021-03-20', '2021-07-02', '585.23');
INSERT INTO `room_visit` (`id`, `hotel_id`, `room_id`, `guest_id`, `arrival_date`, `departure_date`, `price`) VALUES ('516', '80', '117', '2739', '2021-03-20', '2021-06-18', '265.76');
INSERT INTO `room_visit` (`id`, `hotel_id`, `room_id`, `guest_id`, `arrival_date`, `departure_date`, `price`) VALUES ('649', '66', '67', '2724', '2021-03-22', '2021-07-02', '901.7');
INSERT INTO `room_visit` (`id`, `hotel_id`, `room_id`, `guest_id`, `arrival_date`, `departure_date`, `price`) VALUES ('729', '68', '452', '2747', '2021-03-22', '2021-06-19', '768.38');
INSERT INTO `room_visit` (`id`, `hotel_id`, `room_id`, `guest_id`, `arrival_date`, `departure_date`, `price`) VALUES ('506', '77', '252', '2752', '2021-03-22', '2021-06-22', '613.9');
INSERT INTO `room_visit` (`id`, `hotel_id`, `room_id`, `guest_id`, `arrival_date`, `departure_date`, `price`) VALUES ('611', '66', '488', '2756', '2021-03-23', '2021-06-18', '456.42');
INSERT INTO `room_visit` (`id`, `hotel_id`, `room_id`, `guest_id`, `arrival_date`, `departure_date`, `price`) VALUES ('571', '70', '297', '2739', '2021-03-23', '2021-07-17', '726.24');
INSERT INTO `room_visit` (`id`, `hotel_id`, `room_id`, `guest_id`, `arrival_date`, `departure_date`, `price`) VALUES ('797', '82', '380', '2701', '2021-03-25', '2021-07-16', '126.65');
INSERT INTO `room_visit` (`id`, `hotel_id`, `room_id`, `guest_id`, `arrival_date`, `departure_date`, `price`) VALUES ('886', '65', '57', '2706', '2021-03-26', '2021-07-14', '275.65');
INSERT INTO `room_visit` (`id`, `hotel_id`, `room_id`, `guest_id`, `arrival_date`, `departure_date`, `price`) VALUES ('807', '65', '208', '2729', '2021-03-26', '2021-07-09', '527.89');
INSERT INTO `room_visit` (`id`, `hotel_id`, `room_id`, `guest_id`, `arrival_date`, `departure_date`, `price`) VALUES ('639', '81', '370', '2714', '2021-03-26', '2021-06-30', '760.1');
INSERT INTO `room_visit` (`id`, `hotel_id`, `room_id`, `guest_id`, `arrival_date`, `departure_date`, `price`) VALUES ('808', '66', '244', '2739', '2021-03-27', '2021-07-04', '786.98');
INSERT INTO `room_visit` (`id`, `hotel_id`, `room_id`, `guest_id`, `arrival_date`, `departure_date`, `price`) VALUES ('799', '52', '218', '2755', '2021-03-28', '2021-06-23', '528.27');
INSERT INTO `room_visit` (`id`, `hotel_id`, `room_id`, `guest_id`, `arrival_date`, `departure_date`, `price`) VALUES ('633', '53', '389', '2731', '2021-03-28', '2021-07-11', '56.23');
INSERT INTO `room_visit` (`id`, `hotel_id`, `room_id`, `guest_id`, `arrival_date`, `departure_date`, `price`) VALUES ('929', '72', '277', '2723', '2021-03-28', '2021-07-12', '589.23');
INSERT INTO `room_visit` (`id`, `hotel_id`, `room_id`, `guest_id`, `arrival_date`, `departure_date`, `price`) VALUES ('709', '86', '443', '2787', '2021-03-28', '2021-06-21', '389.8');
INSERT INTO `room_visit` (`id`, `hotel_id`, `room_id`, `guest_id`, `arrival_date`, `departure_date`, `price`) VALUES ('580', '99', '314', '2710', '2021-03-28', '2021-07-13', '485.44');
INSERT INTO `room_visit` (`id`, `hotel_id`, `room_id`, `guest_id`, `arrival_date`, `departure_date`, `price`) VALUES ('842', '60', '443', '2723', '2021-03-29', '2021-07-05', '907.24');
INSERT INTO `room_visit` (`id`, `hotel_id`, `room_id`, `guest_id`, `arrival_date`, `departure_date`, `price`) VALUES ('919', '56', '394', '2703', '2021-03-31', '2021-07-14', '295.67');
INSERT INTO `room_visit` (`id`, `hotel_id`, `room_id`, `guest_id`, `arrival_date`, `departure_date`, `price`) VALUES ('747', '69', '411', '2724', '2021-03-31', '2021-07-10', '904.28');
INSERT INTO `room_visit` (`id`, `hotel_id`, `room_id`, `guest_id`, `arrival_date`, `departure_date`, `price`) VALUES ('853', '92', '32', '2728', '2021-03-31', '2021-06-19', '524.25');
INSERT INTO `room_visit` (`id`, `hotel_id`, `room_id`, `guest_id`, `arrival_date`, `departure_date`, `price`) VALUES ('644', '52', '397', '2787', '2021-04-02', '2021-07-10', '965.81');
INSERT INTO `room_visit` (`id`, `hotel_id`, `room_id`, `guest_id`, `arrival_date`, `departure_date`, `price`) VALUES ('696', '57', '143', '2725', '2021-04-02', '2021-07-06', '489.18');
INSERT INTO `room_visit` (`id`, `hotel_id`, `room_id`, `guest_id`, `arrival_date`, `departure_date`, `price`) VALUES ('636', '68', '413', '2759', '2021-04-02', '2021-07-16', '495.86');
INSERT INTO `room_visit` (`id`, `hotel_id`, `room_id`, `guest_id`, `arrival_date`, `departure_date`, `price`) VALUES ('932', '69', '186', '2766', '2021-04-02', '2021-07-02', '784.92');
INSERT INTO `room_visit` (`id`, `hotel_id`, `room_id`, `guest_id`, `arrival_date`, `departure_date`, `price`) VALUES ('852', '77', '65', '2724', '2021-04-02', '2021-07-15', '140.62');
INSERT INTO `room_visit` (`id`, `hotel_id`, `room_id`, `guest_id`, `arrival_date`, `departure_date`, `price`) VALUES ('912', '84', '92', '2769', '2021-04-03', '2021-06-17', '397.78');
INSERT INTO `room_visit` (`id`, `hotel_id`, `room_id`, `guest_id`, `arrival_date`, `departure_date`, `price`) VALUES ('712', '51', '302', '2772', '2021-04-04', '2021-07-17', '645.64');
INSERT INTO `room_visit` (`id`, `hotel_id`, `room_id`, `guest_id`, `arrival_date`, `departure_date`, `price`) VALUES ('755', '81', '48', '2772', '2021-04-05', '2021-06-29', '249.45');
INSERT INTO `room_visit` (`id`, `hotel_id`, `room_id`, `guest_id`, `arrival_date`, `departure_date`, `price`) VALUES ('937', '82', '18', '2731', '2021-04-05', '2021-07-14', '895.65');
INSERT INTO `room_visit` (`id`, `hotel_id`, `room_id`, `guest_id`, `arrival_date`, `departure_date`, `price`) VALUES ('566', '55', '372', '2781', '2021-04-06', '2021-06-25', '397.83');
INSERT INTO `room_visit` (`id`, `hotel_id`, `room_id`, `guest_id`, `arrival_date`, `departure_date`, `price`) VALUES ('939', '95', '437', '2725', '2021-04-06', '2021-07-01', '713.42');
INSERT INTO `room_visit` (`id`, `hotel_id`, `room_id`, `guest_id`, `arrival_date`, `departure_date`, `price`) VALUES ('904', '92', '60', '2718', '2021-04-07', '2021-07-14', '318.11');
INSERT INTO `room_visit` (`id`, `hotel_id`, `room_id`, `guest_id`, `arrival_date`, `departure_date`, `price`) VALUES ('956', '51', '365', '2760', '2021-04-08', '2021-07-03', '740.3');
INSERT INTO `room_visit` (`id`, `hotel_id`, `room_id`, `guest_id`, `arrival_date`, `departure_date`, `price`) VALUES ('896', '61', '388', '2701', '2021-04-08', '2021-06-26', '806.86');
INSERT INTO `room_visit` (`id`, `hotel_id`, `room_id`, `guest_id`, `arrival_date`, `departure_date`, `price`) VALUES ('567', '81', '190', '2718', '2021-04-08', '2021-07-13', '292.1');
INSERT INTO `room_visit` (`id`, `hotel_id`, `room_id`, `guest_id`, `arrival_date`, `departure_date`, `price`) VALUES ('936', '80', '435', '2724', '2021-04-11', '2021-07-03', '307.73');
INSERT INTO `room_visit` (`id`, `hotel_id`, `room_id`, `guest_id`, `arrival_date`, `departure_date`, `price`) VALUES ('684', '85', '215', '2724', '2021-04-11', '2021-07-06', '472.54');
INSERT INTO `room_visit` (`id`, `hotel_id`, `room_id`, `guest_id`, `arrival_date`, `departure_date`, `price`) VALUES ('891', '86', '111', '2708', '2021-04-11', '2021-06-22', '252.25');
INSERT INTO `room_visit` (`id`, `hotel_id`, `room_id`, `guest_id`, `arrival_date`, `departure_date`, `price`) VALUES ('666', '57', '443', '2708', '2021-04-12', '2021-07-09', '193.37');
INSERT INTO `room_visit` (`id`, `hotel_id`, `room_id`, `guest_id`, `arrival_date`, `departure_date`, `price`) VALUES ('554', '70', '60', '2780', '2021-04-12', '2021-06-20', '985.1');
INSERT INTO `room_visit` (`id`, `hotel_id`, `room_id`, `guest_id`, `arrival_date`, `departure_date`, `price`) VALUES ('874', '72', '178', '2799', '2021-04-12', '2021-06-23', '409.83');
INSERT INTO `room_visit` (`id`, `hotel_id`, `room_id`, `guest_id`, `arrival_date`, `departure_date`, `price`) VALUES ('542', '84', '311', '2730', '2021-04-13', '2021-06-18', '139.45');
INSERT INTO `room_visit` (`id`, `hotel_id`, `room_id`, `guest_id`, `arrival_date`, `departure_date`, `price`) VALUES ('947', '59', '224', '2709', '2021-04-15', '2021-06-17', '953.03');
INSERT INTO `room_visit` (`id`, `hotel_id`, `room_id`, `guest_id`, `arrival_date`, `departure_date`, `price`) VALUES ('553', '58', '143', '2775', '2021-04-16', '2021-06-22', '175.47');
INSERT INTO `room_visit` (`id`, `hotel_id`, `room_id`, `guest_id`, `arrival_date`, `departure_date`, `price`) VALUES ('832', '59', '89', '2765', '2021-04-16', '2021-07-03', '224.49');
INSERT INTO `room_visit` (`id`, `hotel_id`, `room_id`, `guest_id`, `arrival_date`, `departure_date`, `price`) VALUES ('615', '52', '441', '2718', '2021-04-19', '2021-07-09', '18.03');
INSERT INTO `room_visit` (`id`, `hotel_id`, `room_id`, `guest_id`, `arrival_date`, `departure_date`, `price`) VALUES ('902', '70', '194', '2742', '2021-04-19', '2021-06-29', '176.31');
INSERT INTO `room_visit` (`id`, `hotel_id`, `room_id`, `guest_id`, `arrival_date`, `departure_date`, `price`) VALUES ('759', '72', '319', '2731', '2021-04-19', '2021-07-01', '62.37');
INSERT INTO `room_visit` (`id`, `hotel_id`, `room_id`, `guest_id`, `arrival_date`, `departure_date`, `price`) VALUES ('594', '55', '139', '2732', '2021-04-20', '2021-07-10', '579.8');
INSERT INTO `room_visit` (`id`, `hotel_id`, `room_id`, `guest_id`, `arrival_date`, `departure_date`, `price`) VALUES ('651', '59', '359', '2766', '2021-04-20', '2021-07-02', '392.2');
INSERT INTO `room_visit` (`id`, `hotel_id`, `room_id`, `guest_id`, `arrival_date`, `departure_date`, `price`) VALUES ('826', '68', '119', '2775', '2021-04-20', '2021-06-27', '807.11');
INSERT INTO `room_visit` (`id`, `hotel_id`, `room_id`, `guest_id`, `arrival_date`, `departure_date`, `price`) VALUES ('751', '69', '7', '2772', '2021-04-20', '2021-07-04', '793.19');
INSERT INTO `room_visit` (`id`, `hotel_id`, `room_id`, `guest_id`, `arrival_date`, `departure_date`, `price`) VALUES ('703', '80', '287', '2752', '2021-04-20', '2021-07-05', '247.77');
INSERT INTO `room_visit` (`id`, `hotel_id`, `room_id`, `guest_id`, `arrival_date`, `departure_date`, `price`) VALUES ('767', '77', '484', '2701', '2021-04-22', '2021-07-03', '451.04');
INSERT INTO `room_visit` (`id`, `hotel_id`, `room_id`, `guest_id`, `arrival_date`, `departure_date`, `price`) VALUES ('667', '52', '425', '2747', '2021-04-23', '2021-06-21', '595.26');
INSERT INTO `room_visit` (`id`, `hotel_id`, `room_id`, `guest_id`, `arrival_date`, `departure_date`, `price`) VALUES ('650', '75', '13', '2710', '2021-04-23', '2021-07-03', '409.79');
INSERT INTO `room_visit` (`id`, `hotel_id`, `room_id`, `guest_id`, `arrival_date`, `departure_date`, `price`) VALUES ('675', '51', '144', '2775', '2021-04-24', '2021-07-16', '824.64');
INSERT INTO `room_visit` (`id`, `hotel_id`, `room_id`, `guest_id`, `arrival_date`, `departure_date`, `price`) VALUES ('676', '55', '239', '2765', '2021-04-24', '2021-07-15', '350.59');
INSERT INTO `room_visit` (`id`, `hotel_id`, `room_id`, `guest_id`, `arrival_date`, `departure_date`, `price`) VALUES ('601', '98', '476', '2714', '2021-04-25', '2021-06-24', '452.11');
INSERT INTO `room_visit` (`id`, `hotel_id`, `room_id`, `guest_id`, `arrival_date`, `departure_date`, `price`) VALUES ('695', '80', '209', '2769', '2021-04-26', '2021-07-06', '345.88');
INSERT INTO `room_visit` (`id`, `hotel_id`, `room_id`, `guest_id`, `arrival_date`, `departure_date`, `price`) VALUES ('558', '81', '166', '2765', '2021-04-27', '2021-07-15', '561.05');
INSERT INTO `room_visit` (`id`, `hotel_id`, `room_id`, `guest_id`, `arrival_date`, `departure_date`, `price`) VALUES ('618', '98', '491', '2729', '2021-04-27', '2021-06-18', '85.42');
INSERT INTO `room_visit` (`id`, `hotel_id`, `room_id`, `guest_id`, `arrival_date`, `departure_date`, `price`) VALUES ('815', '60', '39', '2772', '2021-04-29', '2021-07-16', '479.48');
INSERT INTO `room_visit` (`id`, `hotel_id`, `room_id`, `guest_id`, `arrival_date`, `departure_date`, `price`) VALUES ('617', '53', '46', '2723', '2021-05-01', '2021-06-26', '354.85');
INSERT INTO `room_visit` (`id`, `hotel_id`, `room_id`, `guest_id`, `arrival_date`, `departure_date`, `price`) VALUES ('514', '84', '20', '2705', '2021-05-01', '2021-07-02', '112.76');
INSERT INTO `room_visit` (`id`, `hotel_id`, `room_id`, `guest_id`, `arrival_date`, `departure_date`, `price`) VALUES ('596', '95', '33', '2709', '2021-05-01', '2021-07-12', '948.8');
INSERT INTO `room_visit` (`id`, `hotel_id`, `room_id`, `guest_id`, `arrival_date`, `departure_date`, `price`) VALUES ('548', '69', '73', '2774', '2021-05-03', '2021-06-23', '164.95');
INSERT INTO `room_visit` (`id`, `hotel_id`, `room_id`, `guest_id`, `arrival_date`, `departure_date`, `price`) VALUES ('841', '53', '258', '2793', '2021-05-04', '2021-07-05', '275.39');
INSERT INTO `room_visit` (`id`, `hotel_id`, `room_id`, `guest_id`, `arrival_date`, `departure_date`, `price`) VALUES ('774', '54', '265', '2721', '2021-05-05', '2021-07-17', '904.66');
INSERT INTO `room_visit` (`id`, `hotel_id`, `room_id`, `guest_id`, `arrival_date`, `departure_date`, `price`) VALUES ('560', '58', '230', '2731', '2021-05-05', '2021-07-08', '259.63');
INSERT INTO `room_visit` (`id`, `hotel_id`, `room_id`, `guest_id`, `arrival_date`, `departure_date`, `price`) VALUES ('847', '83', '313', '2774', '2021-05-05', '2021-07-06', '998.36');
INSERT INTO `room_visit` (`id`, `hotel_id`, `room_id`, `guest_id`, `arrival_date`, `departure_date`, `price`) VALUES ('515', '53', '322', '2757', '2021-05-08', '2021-06-23', '260.18');
INSERT INTO `room_visit` (`id`, `hotel_id`, `room_id`, `guest_id`, `arrival_date`, `departure_date`, `price`) VALUES ('526', '77', '235', '2705', '2021-05-08', '2021-06-17', '55.31');
INSERT INTO `room_visit` (`id`, `hotel_id`, `room_id`, `guest_id`, `arrival_date`, `departure_date`, `price`) VALUES ('865', '81', '336', '2709', '2021-05-08', '2021-06-24', '706.58');
INSERT INTO `room_visit` (`id`, `hotel_id`, `room_id`, `guest_id`, `arrival_date`, `departure_date`, `price`) VALUES ('828', '57', '71', '2787', '2021-05-09', '2021-07-01', '899.93');
INSERT INTO `room_visit` (`id`, `hotel_id`, `room_id`, `guest_id`, `arrival_date`, `departure_date`, `price`) VALUES ('511', '61', '205', '2701', '2021-05-12', '2021-06-29', '966.08');
INSERT INTO `room_visit` (`id`, `hotel_id`, `room_id`, `guest_id`, `arrival_date`, `departure_date`, `price`) VALUES ('959', '85', '11', '2773', '2021-05-12', '2021-07-03', '983.59');
INSERT INTO `room_visit` (`id`, `hotel_id`, `room_id`, `guest_id`, `arrival_date`, `departure_date`, `price`) VALUES ('622', '54', '249', '2798', '2021-05-13', '2021-06-30', '816.18');
INSERT INTO `room_visit` (`id`, `hotel_id`, `room_id`, `guest_id`, `arrival_date`, `departure_date`, `price`) VALUES ('710', '68', '322', '2732', '2021-05-13', '2021-07-07', '223.85');
INSERT INTO `room_visit` (`id`, `hotel_id`, `room_id`, `guest_id`, `arrival_date`, `departure_date`, `price`) VALUES ('734', '68', '321', '2709', '2021-05-15', '2021-07-01', '784.18');
INSERT INTO `room_visit` (`id`, `hotel_id`, `room_id`, `guest_id`, `arrival_date`, `departure_date`, `price`) VALUES ('858', '95', '3', '2779', '2021-05-15', '2021-07-16', '749.9');
INSERT INTO `room_visit` (`id`, `hotel_id`, `room_id`, `guest_id`, `arrival_date`, `departure_date`, `price`) VALUES ('873', '72', '291', '2714', '2021-05-16', '2021-06-20', '159.95');
INSERT INTO `room_visit` (`id`, `hotel_id`, `room_id`, `guest_id`, `arrival_date`, `departure_date`, `price`) VALUES ('827', '75', '232', '2758', '2021-05-16', '2021-07-06', '990.25');
INSERT INTO `room_visit` (`id`, `hotel_id`, `room_id`, `guest_id`, `arrival_date`, `departure_date`, `price`) VALUES ('661', '70', '45', '2766', '2021-05-17', '2021-06-22', '650.64');
INSERT INTO `room_visit` (`id`, `hotel_id`, `room_id`, `guest_id`, `arrival_date`, `departure_date`, `price`) VALUES ('930', '77', '308', '2728', '2021-05-17', '2021-07-05', '620.05');
INSERT INTO `room_visit` (`id`, `hotel_id`, `room_id`, `guest_id`, `arrival_date`, `departure_date`, `price`) VALUES ('541', '85', '361', '2751', '2021-05-17', '2021-07-07', '73.87');
INSERT INTO `room_visit` (`id`, `hotel_id`, `room_id`, `guest_id`, `arrival_date`, `departure_date`, `price`) VALUES ('923', '99', '219', '2724', '2021-05-17', '2021-07-16', '630.96');
INSERT INTO `room_visit` (`id`, `hotel_id`, `room_id`, `guest_id`, `arrival_date`, `departure_date`, `price`) VALUES ('552', '70', '442', '2795', '2021-05-19', '2021-06-26', '629.63');
INSERT INTO `room_visit` (`id`, `hotel_id`, `room_id`, `guest_id`, `arrival_date`, `departure_date`, `price`) VALUES ('927', '56', '44', '2773', '2021-05-20', '2021-07-06', '67.72');
INSERT INTO `room_visit` (`id`, `hotel_id`, `room_id`, `guest_id`, `arrival_date`, `departure_date`, `price`) VALUES ('656', '61', '325', '2739', '2021-05-20', '2021-07-13', '320.69');
INSERT INTO `room_visit` (`id`, `hotel_id`, `room_id`, `guest_id`, `arrival_date`, `departure_date`, `price`) VALUES ('757', '55', '7', '2780', '2021-05-21', '2021-07-09', '524.94');
INSERT INTO `room_visit` (`id`, `hotel_id`, `room_id`, `guest_id`, `arrival_date`, `departure_date`, `price`) VALUES ('708', '99', '440', '2724', '2021-05-21', '2021-06-18', '450.14');
INSERT INTO `room_visit` (`id`, `hotel_id`, `room_id`, `guest_id`, `arrival_date`, `departure_date`, `price`) VALUES ('525', '54', '468', '2708', '2021-05-22', '2021-07-09', '913.77');
INSERT INTO `room_visit` (`id`, `hotel_id`, `room_id`, `guest_id`, `arrival_date`, `departure_date`, `price`) VALUES ('591', '58', '117', '2752', '2021-05-22', '2021-07-07', '196.75');
INSERT INTO `room_visit` (`id`, `hotel_id`, `room_id`, `guest_id`, `arrival_date`, `departure_date`, `price`) VALUES ('955', '85', '390', '2780', '2021-05-22', '2021-07-08', '291.7');
INSERT INTO `room_visit` (`id`, `hotel_id`, `room_id`, `guest_id`, `arrival_date`, `departure_date`, `price`) VALUES ('901', '85', '497', '2720', '2021-05-22', '2021-07-16', '639.41');
INSERT INTO `room_visit` (`id`, `hotel_id`, `room_id`, `guest_id`, `arrival_date`, `departure_date`, `price`) VALUES ('599', '53', '380', '2722', '2021-05-23', '2021-07-01', '980.18');
INSERT INTO `room_visit` (`id`, `hotel_id`, `room_id`, `guest_id`, `arrival_date`, `departure_date`, `price`) VALUES ('745', '58', '44', '2766', '2021-05-24', '2021-07-11', '634.69');
INSERT INTO `room_visit` (`id`, `hotel_id`, `room_id`, `guest_id`, `arrival_date`, `departure_date`, `price`) VALUES ('744', '53', '336', '2776', '2021-05-26', '2021-06-27', '42.47');
INSERT INTO `room_visit` (`id`, `hotel_id`, `room_id`, `guest_id`, `arrival_date`, `departure_date`, `price`) VALUES ('756', '57', '283', '2702', '2021-05-26', '2021-07-07', '109.57');
INSERT INTO `room_visit` (`id`, `hotel_id`, `room_id`, `guest_id`, `arrival_date`, `departure_date`, `price`) VALUES ('530', '58', '46', '2725', '2021-05-27', '2021-06-20', '354.67');
INSERT INTO `room_visit` (`id`, `hotel_id`, `room_id`, `guest_id`, `arrival_date`, `departure_date`, `price`) VALUES ('907', '84', '46', '2768', '2021-05-27', '2021-07-07', '37.58');
INSERT INTO `room_visit` (`id`, `hotel_id`, `room_id`, `guest_id`, `arrival_date`, `departure_date`, `price`) VALUES ('881', '54', '123', '2758', '2021-05-28', '2021-07-10', '136.38');
INSERT INTO `room_visit` (`id`, `hotel_id`, `room_id`, `guest_id`, `arrival_date`, `departure_date`, `price`) VALUES ('900', '71', '95', '2701', '2021-05-28', '2021-06-23', '710.74');
INSERT INTO `room_visit` (`id`, `hotel_id`, `room_id`, `guest_id`, `arrival_date`, `departure_date`, `price`) VALUES ('786', '80', '463', '2734', '2021-05-31', '2021-07-15', '177.66');
INSERT INTO `room_visit` (`id`, `hotel_id`, `room_id`, `guest_id`, `arrival_date`, `departure_date`, `price`) VALUES ('742', '66', '67', '2755', '2021-06-02', '2021-07-02', '451.83');
INSERT INTO `room_visit` (`id`, `hotel_id`, `room_id`, `guest_id`, `arrival_date`, `departure_date`, `price`) VALUES ('565', '72', '306', '2751', '2021-06-03', '2021-07-10', '312.24');
INSERT INTO `room_visit` (`id`, `hotel_id`, `room_id`, `guest_id`, `arrival_date`, `departure_date`, `price`) VALUES ('564', '82', '393', '2761', '2021-06-05', '2021-06-25', '345.73');
INSERT INTO `room_visit` (`id`, `hotel_id`, `room_id`, `guest_id`, `arrival_date`, `departure_date`, `price`) VALUES ('753', '55', '24', '2765', '2021-06-06', '2021-07-04', '411.39');
INSERT INTO `room_visit` (`id`, `hotel_id`, `room_id`, `guest_id`, `arrival_date`, `departure_date`, `price`) VALUES ('582', '82', '140', '2721', '2021-06-06', '2021-07-13', '822.12');
INSERT INTO `room_visit` (`id`, `hotel_id`, `room_id`, `guest_id`, `arrival_date`, `departure_date`, `price`) VALUES ('556', '82', '232', '2731', '2021-06-07', '2021-06-30', '908.21');
INSERT INTO `room_visit` (`id`, `hotel_id`, `room_id`, `guest_id`, `arrival_date`, `departure_date`, `price`) VALUES ('750', '88', '315', '2759', '2021-06-07', '2021-06-19', '135.06');
INSERT INTO `room_visit` (`id`, `hotel_id`, `room_id`, `guest_id`, `arrival_date`, `departure_date`, `price`) VALUES ('551', '55', '489', '2709', '2021-06-09', '2021-07-14', '301.21');
INSERT INTO `room_visit` (`id`, `hotel_id`, `room_id`, `guest_id`, `arrival_date`, `departure_date`, `price`) VALUES ('922', '60', '19', '2720', '2021-06-09', '2021-07-15', '170.34');
INSERT INTO `room_visit` (`id`, `hotel_id`, `room_id`, `guest_id`, `arrival_date`, `departure_date`, `price`) VALUES ('682', '68', '194', '2769', '2021-06-09', '2021-06-29', '187.51');
INSERT INTO `room_visit` (`id`, `hotel_id`, `room_id`, `guest_id`, `arrival_date`, `departure_date`, `price`) VALUES ('719', '98', '269', '2723', '2021-06-10', '2021-06-27', '899.04');
INSERT INTO `room_visit` (`id`, `hotel_id`, `room_id`, `guest_id`, `arrival_date`, `departure_date`, `price`) VALUES ('925', '53', '317', '2728', '2021-06-11', '2021-07-08', '945.56');
INSERT INTO `room_visit` (`id`, `hotel_id`, `room_id`, `guest_id`, `arrival_date`, `departure_date`, `price`) VALUES ('882', '60', '433', '2772', '2021-06-11', '2021-07-02', '224.67');
INSERT INTO `room_visit` (`id`, `hotel_id`, `room_id`, `guest_id`, `arrival_date`, `departure_date`, `price`) VALUES ('978', '70', '222', '2795', '2021-06-11', '2021-07-15', '941.02');
INSERT INTO `room_visit` (`id`, `hotel_id`, `room_id`, `guest_id`, `arrival_date`, `departure_date`, `price`) VALUES ('583', '72', '219', '2773', '2021-06-12', '2021-06-20', '828.85');
INSERT INTO `room_visit` (`id`, `hotel_id`, `room_id`, `guest_id`, `arrival_date`, `departure_date`, `price`) VALUES ('816', '89', '217', '2709', '2021-06-13', '2021-06-24', '629.37');
INSERT INTO `room_visit` (`id`, `hotel_id`, `room_id`, `guest_id`, `arrival_date`, `departure_date`, `price`) VALUES ('820', '56', '74', '2781', '2021-06-14', '2021-06-27', '923.18');
INSERT INTO `room_visit` (`id`, `hotel_id`, `room_id`, `guest_id`, `arrival_date`, `departure_date`, `price`) VALUES ('523', '70', '117', '2722', '2021-06-14', '2021-07-16', '65.67');
INSERT INTO `room_visit` (`id`, `hotel_id`, `room_id`, `guest_id`, `arrival_date`, `departure_date`, `price`) VALUES ('557', '70', '452', '2752', '2021-06-14', '2021-07-15', '753.01');
INSERT INTO `room_visit` (`id`, `hotel_id`, `room_id`, `guest_id`, `arrival_date`, `departure_date`, `price`) VALUES ('921', '70', '154', '2703', '2021-06-16', '2021-07-16', '326.09');
INSERT INTO `room_visit` (`id`, `hotel_id`, `room_id`, `guest_id`, `arrival_date`, `departure_date`, `price`) VALUES ('914', '80', '16', '2722', '2021-06-16', '2021-06-26', '152.63');
INSERT INTO `room_visit` (`id`, `hotel_id`, `room_id`, `guest_id`, `arrival_date`, `departure_date`, `price`) VALUES ('678', '85', '280', '2760', '2021-06-17', '2021-07-12', '642.98');
INSERT INTO `room_visit` (`id`, `hotel_id`, `room_id`, `guest_id`, `arrival_date`, `departure_date`, `price`) VALUES ('706', '71', '372', '2757', '2021-06-19', '2021-06-21', '205.73');
INSERT INTO `room_visit` (`id`, `hotel_id`, `room_id`, `guest_id`, `arrival_date`, `departure_date`, `price`) VALUES ('524', '72', '159', '2787', '2021-06-19', '2021-07-10', '395.59');
INSERT INTO `room_visit` (`id`, `hotel_id`, `room_id`, `guest_id`, `arrival_date`, `departure_date`, `price`) VALUES ('522', '98', '73', '2721', '2021-06-19', '2021-06-28', '190.5');
INSERT INTO `room_visit` (`id`, `hotel_id`, `room_id`, `guest_id`, `arrival_date`, `departure_date`, `price`) VALUES ('646', '99', '247', '2760', '2021-06-19', '2021-06-20', '755.19');
INSERT INTO `room_visit` (`id`, `hotel_id`, `room_id`, `guest_id`, `arrival_date`, `departure_date`, `price`) VALUES ('605', '80', '469', '2799', '2021-06-20', '2021-07-05', '601.18');
INSERT INTO `room_visit` (`id`, `hotel_id`, `room_id`, `guest_id`, `arrival_date`, `departure_date`, `price`) VALUES ('924', '88', '23', '2728', '2021-06-21', '2021-07-08', '440.79');
INSERT INTO `room_visit` (`id`, `hotel_id`, `room_id`, `guest_id`, `arrival_date`, `departure_date`, `price`) VALUES ('699', '51', '303', '2759', '2021-06-22', '2021-07-14', '444.07');
INSERT INTO `room_visit` (`id`, `hotel_id`, `room_id`, `guest_id`, `arrival_date`, `departure_date`, `price`) VALUES ('728', '51', '482', '2798', '2021-06-22', '2021-07-01', '961.08');
INSERT INTO `room_visit` (`id`, `hotel_id`, `room_id`, `guest_id`, `arrival_date`, `departure_date`, `price`) VALUES ('769', '77', '461', '2703', '2021-06-22', '2021-06-30', '855.42');
INSERT INTO `room_visit` (`id`, `hotel_id`, `room_id`, `guest_id`, `arrival_date`, `departure_date`, `price`) VALUES ('838', '88', '114', '2755', '2021-06-22', '2021-07-08', '923.14');
INSERT INTO `room_visit` (`id`, `hotel_id`, `room_id`, `guest_id`, `arrival_date`, `departure_date`, `price`) VALUES ('630', '55', '252', '2775', '2021-06-24', '2021-07-06', '715.66');
INSERT INTO `room_visit` (`id`, `hotel_id`, `room_id`, `guest_id`, `arrival_date`, `departure_date`, `price`) VALUES ('876', '81', '211', '2787', '2021-06-24', '2021-07-05', '832.24');
INSERT INTO `room_visit` (`id`, `hotel_id`, `room_id`, `guest_id`, `arrival_date`, `departure_date`, `price`) VALUES ('741', '66', '35', '2758', '2021-06-25', '2021-07-10', '904.85');
INSERT INTO `room_visit` (`id`, `hotel_id`, `room_id`, `guest_id`, `arrival_date`, `departure_date`, `price`) VALUES ('505', '52', '497', '2728', '2021-06-26', '2021-07-08', '266.34');
INSERT INTO `room_visit` (`id`, `hotel_id`, `room_id`, `guest_id`, `arrival_date`, `departure_date`, `price`) VALUES ('888', '72', '375', '2704', '2021-06-26', '2021-06-30', '169.45');
INSERT INTO `room_visit` (`id`, `hotel_id`, `room_id`, `guest_id`, `arrival_date`, `departure_date`, `price`) VALUES ('909', '52', '33', '2786', '2021-06-28', '2021-07-16', '6.83');
INSERT INTO `room_visit` (`id`, `hotel_id`, `room_id`, `guest_id`, `arrival_date`, `departure_date`, `price`) VALUES ('597', '61', '427', '2768', '2021-06-28', '2021-07-08', '303.01');
INSERT INTO `room_visit` (`id`, `hotel_id`, `room_id`, `guest_id`, `arrival_date`, `departure_date`, `price`) VALUES ('880', '65', '210', '2760', '2021-07-01', '2021-07-10', '941.49');
INSERT INTO `room_visit` (`id`, `hotel_id`, `room_id`, `guest_id`, `arrival_date`, `departure_date`, `price`) VALUES ('645', '86', '44', '2776', '2021-07-01', '2021-07-13', '820.62');
INSERT INTO `room_visit` (`id`, `hotel_id`, `room_id`, `guest_id`, `arrival_date`, `departure_date`, `price`) VALUES ('520', '57', '475', '2775', '2021-07-03', '2021-07-16', '759.62');
INSERT INTO `room_visit` (`id`, `hotel_id`, `room_id`, `guest_id`, `arrival_date`, `departure_date`, `price`) VALUES ('659', '59', '465', '2701', '2021-07-04', '2021-07-06', '370.34');
INSERT INTO `room_visit` (`id`, `hotel_id`, `room_id`, `guest_id`, `arrival_date`, `departure_date`, `price`) VALUES ('785', '95', '29', '2793', '2021-07-04', '2021-07-08', '115.15');
INSERT INTO `room_visit` (`id`, `hotel_id`, `room_id`, `guest_id`, `arrival_date`, `departure_date`, `price`) VALUES ('619', '53', '70', '2747', '2021-07-07', '2021-07-15', '831.28');
INSERT INTO `room_visit` (`id`, `hotel_id`, `room_id`, `guest_id`, `arrival_date`, `departure_date`, `price`) VALUES ('600', '89', '369', '2798', '2021-07-07', '2021-07-15', '698.04');

UPDATE room_visit
	set departure_date = '2021-07-16'
	where id = 600;

# TABLE STRUCTURE FOR: visit_details
#

DROP TABLE IF EXISTS `visit_details`;

CREATE TABLE `visit_details` (
  `id` bigint(20) unsigned NOT NULL AUTO_INCREMENT,
  `room_visit_id` bigint(20) unsigned NOT NULL,
  `adults_nomber` tinyint(3) unsigned DEFAULT NULL,
  `children_nomber` tinyint(3) unsigned DEFAULT NULL,
  `veg_breafast_nomber` tinyint(3) unsigned DEFAULT NULL,
  `non_veg_breafast_nomber` tinyint(3) unsigned DEFAULT NULL,
  `transfer_in_needed` tinyint(1) DEFAULT NULL,
  `transfer_out_needed` tinyint(1) DEFAULT NULL,
  `transfer_in_details` text COLLATE utf8mb4_unicode_ci DEFAULT NULL,
  `transfer_OUT_details` text COLLATE utf8mb4_unicode_ci DEFAULT NULL,
  PRIMARY KEY (`id`),
  KEY `room_visit_id` (`room_visit_id`),
  CONSTRAINT `visit_details_ibfk_1` FOREIGN KEY (`room_visit_id`) REFERENCES `room_visit` (`id`)
) ENGINE=InnoDB AUTO_INCREMENT=483 DEFAULT CHARSET=utf8mb4 COLLATE=utf8mb4_unicode_ci;

ALTER TABLE visit_details 
	ADD created_at DATETIME DEFAULT NOW(),
	ADD updated_at DATETIME ON UPDATE CURRENT_TIMESTAMP;


INSERT INTO `visit_details` (`id`, `room_visit_id`, `adults_nomber`, `children_nomber`, `veg_breafast_nomber`, `non_veg_breafast_nomber`, `transfer_in_needed`, `transfer_out_needed`, `transfer_in_details`, `transfer_OUT_details`) VALUES ('1', '771', 1, 1, 0, 1, 1, 1, 'Mollitia consequuntur accusamus quasi et aperiam.', 'Aut quidem consectetur molestias sint corporis voluptatum soluta vel.');
INSERT INTO `visit_details` (`id`, `room_visit_id`, `adults_nomber`, `children_nomber`, `veg_breafast_nomber`, `non_veg_breafast_nomber`, `transfer_in_needed`, `transfer_out_needed`, `transfer_in_details`, `transfer_OUT_details`) VALUES ('2', '758', 1, 0, 0, 1, 0, 0, 'Dolore doloribus veniam soluta recusandae est earum placeat.', 'Impedit deserunt sit iure laboriosam autem error.');
INSERT INTO `visit_details` (`id`, `room_visit_id`, `adults_nomber`, `children_nomber`, `veg_breafast_nomber`, `non_veg_breafast_nomber`, `transfer_in_needed`, `transfer_out_needed`, `transfer_in_details`, `transfer_OUT_details`) VALUES ('3', '797', 1, 0, 0, 1, 0, 0, 'Omnis repellat aut excepturi debitis.', 'Est quae exercitationem facere.');
INSERT INTO `visit_details` (`id`, `room_visit_id`, `adults_nomber`, `children_nomber`, `veg_breafast_nomber`, `non_veg_breafast_nomber`, `transfer_in_needed`, `transfer_out_needed`, `transfer_in_details`, `transfer_OUT_details`) VALUES ('4', '846', 3, 0, 0, 1, 1, 1, 'Ducimus voluptatem eos neque architecto magni quia.', 'Aut dolores animi dolores totam aut sit delectus.');
INSERT INTO `visit_details` (`id`, `room_visit_id`, `adults_nomber`, `children_nomber`, `veg_breafast_nomber`, `non_veg_breafast_nomber`, `transfer_in_needed`, `transfer_out_needed`, `transfer_in_details`, `transfer_OUT_details`) VALUES ('5', '756', 3, 1, 0, 0, 1, 0, 'Praesentium nihil quis est quia.', 'Labore dolorem rem culpa odio quibusdam fugiat.');
INSERT INTO `visit_details` (`id`, `room_visit_id`, `adults_nomber`, `children_nomber`, `veg_breafast_nomber`, `non_veg_breafast_nomber`, `transfer_in_needed`, `transfer_out_needed`, `transfer_in_details`, `transfer_OUT_details`) VALUES ('6', '825', 3, 0, 0, 1, 0, 0, 'Officia voluptas non sunt in.', 'Laboriosam ea repellendus rem rem in ab suscipit.');
INSERT INTO `visit_details` (`id`, `room_visit_id`, `adults_nomber`, `children_nomber`, `veg_breafast_nomber`, `non_veg_breafast_nomber`, `transfer_in_needed`, `transfer_out_needed`, `transfer_in_details`, `transfer_OUT_details`) VALUES ('7', '539', 2, 2, 1, 0, 1, 0, 'Qui sit esse omnis sed perspiciatis.', 'Voluptas veritatis sint voluptas illo vero voluptatem.');
INSERT INTO `visit_details` (`id`, `room_visit_id`, `adults_nomber`, `children_nomber`, `veg_breafast_nomber`, `non_veg_breafast_nomber`, `transfer_in_needed`, `transfer_out_needed`, `transfer_in_details`, `transfer_OUT_details`) VALUES ('8', '653', 3, 1, 0, 0, 0, 1, 'Et eligendi sint voluptatem alias.', 'Unde consequatur delectus omnis nihil excepturi est error soluta.');
INSERT INTO `visit_details` (`id`, `room_visit_id`, `adults_nomber`, `children_nomber`, `veg_breafast_nomber`, `non_veg_breafast_nomber`, `transfer_in_needed`, `transfer_out_needed`, `transfer_in_details`, `transfer_OUT_details`) VALUES ('9', '886', 1, 2, 0, 0, 1, 1, 'Repellat consequuntur rerum consequuntur cumque fuga.', 'Ut itaque perferendis et minima rerum.');
INSERT INTO `visit_details` (`id`, `room_visit_id`, `adults_nomber`, `children_nomber`, `veg_breafast_nomber`, `non_veg_breafast_nomber`, `transfer_in_needed`, `transfer_out_needed`, `transfer_in_details`, `transfer_OUT_details`) VALUES ('10', '979', 2, 2, 1, 1, 0, 0, 'Qui eum earum voluptatem dolor quidem.', 'Assumenda modi aliquam quo reprehenderit eaque.');
INSERT INTO `visit_details` (`id`, `room_visit_id`, `adults_nomber`, `children_nomber`, `veg_breafast_nomber`, `non_veg_breafast_nomber`, `transfer_in_needed`, `transfer_out_needed`, `transfer_in_details`, `transfer_OUT_details`) VALUES ('11', '871', 1, 0, 0, 0, 0, 0, 'Vitae accusamus voluptatem sint doloribus autem qui.', 'Et veritatis esse repellendus debitis sequi natus tempore aut.');
INSERT INTO `visit_details` (`id`, `room_visit_id`, `adults_nomber`, `children_nomber`, `veg_breafast_nomber`, `non_veg_breafast_nomber`, `transfer_in_needed`, `transfer_out_needed`, `transfer_in_details`, `transfer_OUT_details`) VALUES ('12', '566', 2, 2, 1, 1, 0, 1, 'Est optio dignissimos maxime et eius suscipit velit quia.', 'Aliquam non non natus soluta.');
INSERT INTO `visit_details` (`id`, `room_visit_id`, `adults_nomber`, `children_nomber`, `veg_breafast_nomber`, `non_veg_breafast_nomber`, `transfer_in_needed`, `transfer_out_needed`, `transfer_in_details`, `transfer_OUT_details`) VALUES ('13', '899', 1, 0, 1, 1, 1, 0, 'Consequatur eos nesciunt maxime nobis et.', 'Cumque aspernatur ex dolore dolorem.');
INSERT INTO `visit_details` (`id`, `room_visit_id`, `adults_nomber`, `children_nomber`, `veg_breafast_nomber`, `non_veg_breafast_nomber`, `transfer_in_needed`, `transfer_out_needed`, `transfer_in_details`, `transfer_OUT_details`) VALUES ('14', '612', 2, 0, 1, 0, 0, 0, 'Et unde qui harum doloribus.', 'Assumenda omnis libero est ut omnis.');
INSERT INTO `visit_details` (`id`, `room_visit_id`, `adults_nomber`, `children_nomber`, `veg_breafast_nomber`, `non_veg_breafast_nomber`, `transfer_in_needed`, `transfer_out_needed`, `transfer_in_details`, `transfer_OUT_details`) VALUES ('15', '855', 3, 0, 1, 0, 1, 0, 'Est accusamus distinctio at quo.', 'Et dolores iusto nihil voluptatem temporibus.');
INSERT INTO `visit_details` (`id`, `room_visit_id`, `adults_nomber`, `children_nomber`, `veg_breafast_nomber`, `non_veg_breafast_nomber`, `transfer_in_needed`, `transfer_out_needed`, `transfer_in_details`, `transfer_OUT_details`) VALUES ('16', '645', 2, 2, 1, 1, 1, 1, 'Molestiae itaque perspiciatis velit maxime.', 'Animi corrupti asperiores voluptates et id omnis error.');
INSERT INTO `visit_details` (`id`, `room_visit_id`, `adults_nomber`, `children_nomber`, `veg_breafast_nomber`, `non_veg_breafast_nomber`, `transfer_in_needed`, `transfer_out_needed`, `transfer_in_details`, `transfer_OUT_details`) VALUES ('17', '752', 1, 2, 1, 0, 0, 0, 'Repellat odit itaque qui et harum.', 'Omnis nemo harum eaque omnis et vel placeat.');
INSERT INTO `visit_details` (`id`, `room_visit_id`, `adults_nomber`, `children_nomber`, `veg_breafast_nomber`, `non_veg_breafast_nomber`, `transfer_in_needed`, `transfer_out_needed`, `transfer_in_details`, `transfer_OUT_details`) VALUES ('18', '922', 3, 0, 1, 1, 1, 0, 'Ad culpa ut et adipisci doloremque.', 'Quo repellendus ea vel ipsam delectus aperiam quis debitis.');
INSERT INTO `visit_details` (`id`, `room_visit_id`, `adults_nomber`, `children_nomber`, `veg_breafast_nomber`, `non_veg_breafast_nomber`, `transfer_in_needed`, `transfer_out_needed`, `transfer_in_details`, `transfer_OUT_details`) VALUES ('19', '835', 2, 1, 0, 1, 1, 0, 'Quisquam aperiam eaque itaque fugiat explicabo eaque.', 'Saepe qui corporis omnis labore sunt.');
INSERT INTO `visit_details` (`id`, `room_visit_id`, `adults_nomber`, `children_nomber`, `veg_breafast_nomber`, `non_veg_breafast_nomber`, `transfer_in_needed`, `transfer_out_needed`, `transfer_in_details`, `transfer_OUT_details`) VALUES ('20', '771', 1, 0, 1, 1, 0, 0, 'Esse eveniet quia molestiae eligendi.', 'Quia doloremque sit eos rem eveniet eligendi.');
INSERT INTO `visit_details` (`id`, `room_visit_id`, `adults_nomber`, `children_nomber`, `veg_breafast_nomber`, `non_veg_breafast_nomber`, `transfer_in_needed`, `transfer_out_needed`, `transfer_in_details`, `transfer_OUT_details`) VALUES ('21', '854', 2, 1, 1, 1, 0, 0, 'Ad sint id animi voluptatem sapiente earum.', 'Non iste veniam ad eum temporibus inventore.');
INSERT INTO `visit_details` (`id`, `room_visit_id`, `adults_nomber`, `children_nomber`, `veg_breafast_nomber`, `non_veg_breafast_nomber`, `transfer_in_needed`, `transfer_out_needed`, `transfer_in_details`, `transfer_OUT_details`) VALUES ('22', '529', 3, 0, 0, 0, 0, 0, 'Velit omnis eligendi facilis omnis earum.', 'Vel necessitatibus incidunt aut provident.');
INSERT INTO `visit_details` (`id`, `room_visit_id`, `adults_nomber`, `children_nomber`, `veg_breafast_nomber`, `non_veg_breafast_nomber`, `transfer_in_needed`, `transfer_out_needed`, `transfer_in_details`, `transfer_OUT_details`) VALUES ('23', '663', 3, 0, 0, 1, 1, 1, 'Quisquam est alias amet assumenda.', 'Odit quis possimus nihil cum vel rem inventore.');
INSERT INTO `visit_details` (`id`, `room_visit_id`, `adults_nomber`, `children_nomber`, `veg_breafast_nomber`, `non_veg_breafast_nomber`, `transfer_in_needed`, `transfer_out_needed`, `transfer_in_details`, `transfer_OUT_details`) VALUES ('24', '772', 3, 0, 0, 1, 0, 1, 'Et occaecati ex similique.', 'Sed quidem necessitatibus molestiae et.');
INSERT INTO `visit_details` (`id`, `room_visit_id`, `adults_nomber`, `children_nomber`, `veg_breafast_nomber`, `non_veg_breafast_nomber`, `transfer_in_needed`, `transfer_out_needed`, `transfer_in_details`, `transfer_OUT_details`) VALUES ('25', '671', 1, 0, 0, 0, 0, 0, 'Autem temporibus alias cum.', 'Sit perferendis optio exercitationem rerum mollitia nesciunt recusandae.');
INSERT INTO `visit_details` (`id`, `room_visit_id`, `adults_nomber`, `children_nomber`, `veg_breafast_nomber`, `non_veg_breafast_nomber`, `transfer_in_needed`, `transfer_out_needed`, `transfer_in_details`, `transfer_OUT_details`) VALUES ('26', '850', 3, 0, 0, 0, 1, 0, 'Sint voluptas dolores corporis unde soluta consectetur.', 'Quia et provident pariatur optio.');
INSERT INTO `visit_details` (`id`, `room_visit_id`, `adults_nomber`, `children_nomber`, `veg_breafast_nomber`, `non_veg_breafast_nomber`, `transfer_in_needed`, `transfer_out_needed`, `transfer_in_details`, `transfer_OUT_details`) VALUES ('27', '516', 1, 0, 0, 1, 1, 0, 'Repellat debitis qui non quo.', 'Eum aliquam esse sed inventore ipsam culpa et delectus.');
INSERT INTO `visit_details` (`id`, `room_visit_id`, `adults_nomber`, `children_nomber`, `veg_breafast_nomber`, `non_veg_breafast_nomber`, `transfer_in_needed`, `transfer_out_needed`, `transfer_in_details`, `transfer_OUT_details`) VALUES ('28', '573', 2, 0, 1, 0, 1, 1, 'Est ad fugiat ut hic quo ut sit saepe.', 'Necessitatibus error qui provident est ut quam laborum.');
INSERT INTO `visit_details` (`id`, `room_visit_id`, `adults_nomber`, `children_nomber`, `veg_breafast_nomber`, `non_veg_breafast_nomber`, `transfer_in_needed`, `transfer_out_needed`, `transfer_in_details`, `transfer_OUT_details`) VALUES ('29', '738', 3, 0, 1, 0, 1, 1, 'Exercitationem nam quia voluptas libero.', 'Nihil nobis dolore cumque adipisci provident.');
INSERT INTO `visit_details` (`id`, `room_visit_id`, `adults_nomber`, `children_nomber`, `veg_breafast_nomber`, `non_veg_breafast_nomber`, `transfer_in_needed`, `transfer_out_needed`, `transfer_in_details`, `transfer_OUT_details`) VALUES ('30', '813', 2, 1, 0, 0, 1, 1, 'Delectus natus vero reiciendis sed.', 'Nesciunt nobis exercitationem ducimus sit.');
INSERT INTO `visit_details` (`id`, `room_visit_id`, `adults_nomber`, `children_nomber`, `veg_breafast_nomber`, `non_veg_breafast_nomber`, `transfer_in_needed`, `transfer_out_needed`, `transfer_in_details`, `transfer_OUT_details`) VALUES ('31', '506', 1, 1, 0, 1, 0, 0, 'Omnis quis et impedit aut aliquid quaerat quis.', 'Asperiores architecto neque adipisci.');
INSERT INTO `visit_details` (`id`, `room_visit_id`, `adults_nomber`, `children_nomber`, `veg_breafast_nomber`, `non_veg_breafast_nomber`, `transfer_in_needed`, `transfer_out_needed`, `transfer_in_details`, `transfer_OUT_details`) VALUES ('32', '528', 3, 1, 1, 1, 1, 0, 'Dolorem quod iusto provident unde saepe ex.', 'Id non quisquam ducimus recusandae exercitationem iure qui.');
INSERT INTO `visit_details` (`id`, `room_visit_id`, `adults_nomber`, `children_nomber`, `veg_breafast_nomber`, `non_veg_breafast_nomber`, `transfer_in_needed`, `transfer_out_needed`, `transfer_in_details`, `transfer_OUT_details`) VALUES ('33', '589', 2, 0, 0, 1, 0, 1, 'Sit alias nostrum qui tempore.', 'Magni minus placeat natus nihil.');
INSERT INTO `visit_details` (`id`, `room_visit_id`, `adults_nomber`, `children_nomber`, `veg_breafast_nomber`, `non_veg_breafast_nomber`, `transfer_in_needed`, `transfer_out_needed`, `transfer_in_details`, `transfer_OUT_details`) VALUES ('34', '802', 3, 1, 1, 1, 1, 1, 'Voluptate voluptatibus sapiente soluta.', 'Commodi dolore itaque animi cupiditate cupiditate laboriosam asperiores.');
INSERT INTO `visit_details` (`id`, `room_visit_id`, `adults_nomber`, `children_nomber`, `veg_breafast_nomber`, `non_veg_breafast_nomber`, `transfer_in_needed`, `transfer_out_needed`, `transfer_in_details`, `transfer_OUT_details`) VALUES ('35', '873', 2, 0, 0, 1, 1, 1, 'Eos perferendis id velit error beatae quos soluta.', 'Et velit ab facere voluptas.');
INSERT INTO `visit_details` (`id`, `room_visit_id`, `adults_nomber`, `children_nomber`, `veg_breafast_nomber`, `non_veg_breafast_nomber`, `transfer_in_needed`, `transfer_out_needed`, `transfer_in_details`, `transfer_OUT_details`) VALUES ('36', '844', 3, 1, 1, 1, 0, 1, 'Blanditiis et ut iure earum atque iste.', 'Odio nostrum a aut.');
INSERT INTO `visit_details` (`id`, `room_visit_id`, `adults_nomber`, `children_nomber`, `veg_breafast_nomber`, `non_veg_breafast_nomber`, `transfer_in_needed`, `transfer_out_needed`, `transfer_in_details`, `transfer_OUT_details`) VALUES ('37', '646', 3, 0, 1, 1, 0, 1, 'Numquam qui molestiae et quo est.', 'Voluptates et fugit rerum.');
INSERT INTO `visit_details` (`id`, `room_visit_id`, `adults_nomber`, `children_nomber`, `veg_breafast_nomber`, `non_veg_breafast_nomber`, `transfer_in_needed`, `transfer_out_needed`, `transfer_in_details`, `transfer_OUT_details`) VALUES ('38', '911', 1, 2, 0, 1, 0, 1, 'Ipsam voluptates ut dolor aut porro rerum occaecati quo.', 'Omnis beatae quas est reprehenderit sed maiores.');
INSERT INTO `visit_details` (`id`, `room_visit_id`, `adults_nomber`, `children_nomber`, `veg_breafast_nomber`, `non_veg_breafast_nomber`, `transfer_in_needed`, `transfer_out_needed`, `transfer_in_details`, `transfer_OUT_details`) VALUES ('39', '516', 2, 2, 0, 1, 0, 0, 'Est esse ea aut aliquid.', 'Corporis tempora non fugiat accusamus possimus est officiis nesciunt.');
INSERT INTO `visit_details` (`id`, `room_visit_id`, `adults_nomber`, `children_nomber`, `veg_breafast_nomber`, `non_veg_breafast_nomber`, `transfer_in_needed`, `transfer_out_needed`, `transfer_in_details`, `transfer_OUT_details`) VALUES ('40', '551', 3, 2, 0, 1, 1, 0, 'Numquam nesciunt officiis aut vitae at sed sit.', 'Aut illo qui commodi est tempora error et.');
INSERT INTO `visit_details` (`id`, `room_visit_id`, `adults_nomber`, `children_nomber`, `veg_breafast_nomber`, `non_veg_breafast_nomber`, `transfer_in_needed`, `transfer_out_needed`, `transfer_in_details`, `transfer_OUT_details`) VALUES ('41', '909', 2, 2, 0, 1, 1, 0, 'Blanditiis iste et cumque harum aut aperiam nihil.', 'A omnis facilis nobis nulla vel ducimus.');
INSERT INTO `visit_details` (`id`, `room_visit_id`, `adults_nomber`, `children_nomber`, `veg_breafast_nomber`, `non_veg_breafast_nomber`, `transfer_in_needed`, `transfer_out_needed`, `transfer_in_details`, `transfer_OUT_details`) VALUES ('42', '886', 1, 0, 1, 1, 0, 1, 'Vel quae autem illo officia ut ex libero.', 'Quia libero vitae saepe sit sed.');
INSERT INTO `visit_details` (`id`, `room_visit_id`, `adults_nomber`, `children_nomber`, `veg_breafast_nomber`, `non_veg_breafast_nomber`, `transfer_in_needed`, `transfer_out_needed`, `transfer_in_details`, `transfer_OUT_details`) VALUES ('43', '616', 1, 2, 0, 1, 1, 1, 'Est necessitatibus recusandae quis et illum.', 'Suscipit autem optio qui animi reiciendis quibusdam facere.');
INSERT INTO `visit_details` (`id`, `room_visit_id`, `adults_nomber`, `children_nomber`, `veg_breafast_nomber`, `non_veg_breafast_nomber`, `transfer_in_needed`, `transfer_out_needed`, `transfer_in_details`, `transfer_OUT_details`) VALUES ('44', '827', 1, 1, 1, 1, 0, 0, 'Repudiandae maiores accusantium ut eum qui.', 'Temporibus quo earum dolores sed maxime quia iusto voluptas.');
INSERT INTO `visit_details` (`id`, `room_visit_id`, `adults_nomber`, `children_nomber`, `veg_breafast_nomber`, `non_veg_breafast_nomber`, `transfer_in_needed`, `transfer_out_needed`, `transfer_in_details`, `transfer_OUT_details`) VALUES ('45', '516', 3, 0, 1, 1, 1, 0, 'Magni optio quod ut dolore et enim.', 'Accusantium velit ex provident maxime dolore.');
INSERT INTO `visit_details` (`id`, `room_visit_id`, `adults_nomber`, `children_nomber`, `veg_breafast_nomber`, `non_veg_breafast_nomber`, `transfer_in_needed`, `transfer_out_needed`, `transfer_in_details`, `transfer_OUT_details`) VALUES ('46', '971', 1, 2, 0, 0, 0, 0, 'Repellendus qui quam labore qui sed.', 'Ipsa necessitatibus et porro consequatur doloremque ratione praesentium.');
INSERT INTO `visit_details` (`id`, `room_visit_id`, `adults_nomber`, `children_nomber`, `veg_breafast_nomber`, `non_veg_breafast_nomber`, `transfer_in_needed`, `transfer_out_needed`, `transfer_in_details`, `transfer_OUT_details`) VALUES ('47', '971', 1, 1, 0, 0, 0, 0, 'Doloribus molestiae ab maiores excepturi.', 'Quibusdam consequuntur numquam quo nihil hic nobis.');
INSERT INTO `visit_details` (`id`, `room_visit_id`, `adults_nomber`, `children_nomber`, `veg_breafast_nomber`, `non_veg_breafast_nomber`, `transfer_in_needed`, `transfer_out_needed`, `transfer_in_details`, `transfer_OUT_details`) VALUES ('48', '767', 2, 1, 0, 1, 1, 0, 'Saepe voluptas accusamus dolorem et accusamus natus est.', 'Provident et quia nulla minus in maiores velit quod.');
INSERT INTO `visit_details` (`id`, `room_visit_id`, `adults_nomber`, `children_nomber`, `veg_breafast_nomber`, `non_veg_breafast_nomber`, `transfer_in_needed`, `transfer_out_needed`, `transfer_in_details`, `transfer_OUT_details`) VALUES ('49', '912', 2, 0, 0, 0, 1, 0, 'Tempora pariatur aut magnam est culpa hic.', 'Reiciendis delectus est et.');
INSERT INTO `visit_details` (`id`, `room_visit_id`, `adults_nomber`, `children_nomber`, `veg_breafast_nomber`, `non_veg_breafast_nomber`, `transfer_in_needed`, `transfer_out_needed`, `transfer_in_details`, `transfer_OUT_details`) VALUES ('50', '824', 2, 0, 0, 0, 0, 1, 'Laudantium rerum enim vitae eos.', 'Eligendi quia et voluptas vel deleniti nulla dolorem.');
INSERT INTO `visit_details` (`id`, `room_visit_id`, `adults_nomber`, `children_nomber`, `veg_breafast_nomber`, `non_veg_breafast_nomber`, `transfer_in_needed`, `transfer_out_needed`, `transfer_in_details`, `transfer_OUT_details`) VALUES ('51', '556', 1, 2, 0, 0, 0, 1, 'Iusto facere accusamus nam impedit corporis ipsam.', 'Aut maiores illum magnam recusandae quidem quae.');
INSERT INTO `visit_details` (`id`, `room_visit_id`, `adults_nomber`, `children_nomber`, `veg_breafast_nomber`, `non_veg_breafast_nomber`, `transfer_in_needed`, `transfer_out_needed`, `transfer_in_details`, `transfer_OUT_details`) VALUES ('52', '785', 1, 1, 1, 1, 1, 1, 'Eum consequatur magni qui non eligendi.', 'Esse nesciunt et neque voluptatum laboriosam rerum eos.');
INSERT INTO `visit_details` (`id`, `room_visit_id`, `adults_nomber`, `children_nomber`, `veg_breafast_nomber`, `non_veg_breafast_nomber`, `transfer_in_needed`, `transfer_out_needed`, `transfer_in_details`, `transfer_OUT_details`) VALUES ('53', '853', 3, 1, 1, 0, 0, 1, 'Est culpa exercitationem ad in et et voluptatem.', 'Illum officia ut sed voluptatibus.');
INSERT INTO `visit_details` (`id`, `room_visit_id`, `adults_nomber`, `children_nomber`, `veg_breafast_nomber`, `non_veg_breafast_nomber`, `transfer_in_needed`, `transfer_out_needed`, `transfer_in_details`, `transfer_OUT_details`) VALUES ('54', '719', 1, 2, 1, 0, 0, 1, 'Illo consequatur amet quisquam voluptate.', 'Reprehenderit amet quaerat sed dolorem dolores dolor ea.');
INSERT INTO `visit_details` (`id`, `room_visit_id`, `adults_nomber`, `children_nomber`, `veg_breafast_nomber`, `non_veg_breafast_nomber`, `transfer_in_needed`, `transfer_out_needed`, `transfer_in_details`, `transfer_OUT_details`) VALUES ('55', '575', 3, 1, 1, 0, 1, 0, 'Consequuntur dolor et laudantium magni quia impedit.', 'Inventore assumenda quia similique suscipit accusantium modi.');
INSERT INTO `visit_details` (`id`, `room_visit_id`, `adults_nomber`, `children_nomber`, `veg_breafast_nomber`, `non_veg_breafast_nomber`, `transfer_in_needed`, `transfer_out_needed`, `transfer_in_details`, `transfer_OUT_details`) VALUES ('56', '542', 3, 1, 1, 0, 0, 0, 'Nemo quae eveniet laborum debitis.', 'Ullam sed a ex vitae facere.');
INSERT INTO `visit_details` (`id`, `room_visit_id`, `adults_nomber`, `children_nomber`, `veg_breafast_nomber`, `non_veg_breafast_nomber`, `transfer_in_needed`, `transfer_out_needed`, `transfer_in_details`, `transfer_OUT_details`) VALUES ('57', '587', 1, 0, 0, 0, 0, 0, 'Eum itaque quasi voluptatem aut.', 'Libero a est dolorem sequi minus.');
INSERT INTO `visit_details` (`id`, `room_visit_id`, `adults_nomber`, `children_nomber`, `veg_breafast_nomber`, `non_veg_breafast_nomber`, `transfer_in_needed`, `transfer_out_needed`, `transfer_in_details`, `transfer_OUT_details`) VALUES ('58', '591', 1, 1, 0, 1, 1, 0, 'Et dolore et est doloribus eveniet rerum.', 'Et in corrupti consequuntur ullam impedit.');
INSERT INTO `visit_details` (`id`, `room_visit_id`, `adults_nomber`, `children_nomber`, `veg_breafast_nomber`, `non_veg_breafast_nomber`, `transfer_in_needed`, `transfer_out_needed`, `transfer_in_details`, `transfer_OUT_details`) VALUES ('59', '615', 3, 0, 1, 1, 1, 1, 'Sed sed vel quibusdam vel rerum nulla voluptatem maiores.', 'Numquam consequatur molestias error inventore sit temporibus sequi.');
INSERT INTO `visit_details` (`id`, `room_visit_id`, `adults_nomber`, `children_nomber`, `veg_breafast_nomber`, `non_veg_breafast_nomber`, `transfer_in_needed`, `transfer_out_needed`, `transfer_in_details`, `transfer_OUT_details`) VALUES ('60', '825', 1, 1, 1, 0, 0, 0, 'Reiciendis et ut sit est ullam at ea molestiae.', 'Est sit non voluptatem voluptatem quibusdam laborum occaecati.');
INSERT INTO `visit_details` (`id`, `room_visit_id`, `adults_nomber`, `children_nomber`, `veg_breafast_nomber`, `non_veg_breafast_nomber`, `transfer_in_needed`, `transfer_out_needed`, `transfer_in_details`, `transfer_OUT_details`) VALUES ('61', '903', 3, 0, 1, 1, 0, 0, 'Enim eos a earum adipisci reprehenderit nisi quae.', 'Voluptas placeat dolorem aliquid dolores nihil dolor voluptatum.');
INSERT INTO `visit_details` (`id`, `room_visit_id`, `adults_nomber`, `children_nomber`, `veg_breafast_nomber`, `non_veg_breafast_nomber`, `transfer_in_needed`, `transfer_out_needed`, `transfer_in_details`, `transfer_OUT_details`) VALUES ('62', '620', 3, 2, 1, 0, 0, 1, 'Qui ut accusamus repellendus quam maiores non.', 'Perferendis ut delectus aliquam rerum.');
INSERT INTO `visit_details` (`id`, `room_visit_id`, `adults_nomber`, `children_nomber`, `veg_breafast_nomber`, `non_veg_breafast_nomber`, `transfer_in_needed`, `transfer_out_needed`, `transfer_in_details`, `transfer_OUT_details`) VALUES ('63', '852', 1, 0, 1, 0, 1, 0, 'Iure occaecati fugiat provident est quo possimus sit.', 'Reiciendis ducimus quia laboriosam cupiditate officia est nihil distinctio.');
INSERT INTO `visit_details` (`id`, `room_visit_id`, `adults_nomber`, `children_nomber`, `veg_breafast_nomber`, `non_veg_breafast_nomber`, `transfer_in_needed`, `transfer_out_needed`, `transfer_in_details`, `transfer_OUT_details`) VALUES ('64', '510', 3, 0, 1, 1, 0, 0, 'Ut temporibus expedita qui saepe ex distinctio.', 'Natus aut natus necessitatibus commodi excepturi quidem possimus.');
INSERT INTO `visit_details` (`id`, `room_visit_id`, `adults_nomber`, `children_nomber`, `veg_breafast_nomber`, `non_veg_breafast_nomber`, `transfer_in_needed`, `transfer_out_needed`, `transfer_in_details`, `transfer_OUT_details`) VALUES ('65', '922', 1, 1, 0, 0, 0, 0, 'Rerum quos dolor adipisci et.', 'Nihil enim nam adipisci vero ut.');
INSERT INTO `visit_details` (`id`, `room_visit_id`, `adults_nomber`, `children_nomber`, `veg_breafast_nomber`, `non_veg_breafast_nomber`, `transfer_in_needed`, `transfer_out_needed`, `transfer_in_details`, `transfer_OUT_details`) VALUES ('66', '744', 2, 1, 1, 0, 1, 1, 'Eum odio consequatur fuga sapiente quam tempore.', 'Iste repudiandae rerum est qui vero.');
INSERT INTO `visit_details` (`id`, `room_visit_id`, `adults_nomber`, `children_nomber`, `veg_breafast_nomber`, `non_veg_breafast_nomber`, `transfer_in_needed`, `transfer_out_needed`, `transfer_in_details`, `transfer_OUT_details`) VALUES ('67', '854', 1, 2, 1, 1, 0, 0, 'Sapiente ut rem quo consequuntur dolorum nisi eligendi.', 'Atque odit itaque nemo veniam odit sed.');
INSERT INTO `visit_details` (`id`, `room_visit_id`, `adults_nomber`, `children_nomber`, `veg_breafast_nomber`, `non_veg_breafast_nomber`, `transfer_in_needed`, `transfer_out_needed`, `transfer_in_details`, `transfer_OUT_details`) VALUES ('68', '586', 1, 1, 0, 0, 0, 0, 'Quo ea exercitationem quasi est eum aut ex.', 'Molestiae illum culpa enim corporis odit voluptatum.');
INSERT INTO `visit_details` (`id`, `room_visit_id`, `adults_nomber`, `children_nomber`, `veg_breafast_nomber`, `non_veg_breafast_nomber`, `transfer_in_needed`, `transfer_out_needed`, `transfer_in_details`, `transfer_OUT_details`) VALUES ('69', '674', 2, 0, 1, 0, 1, 0, 'Debitis sit facere voluptas.', 'Ut qui occaecati unde quaerat.');
INSERT INTO `visit_details` (`id`, `room_visit_id`, `adults_nomber`, `children_nomber`, `veg_breafast_nomber`, `non_veg_breafast_nomber`, `transfer_in_needed`, `transfer_out_needed`, `transfer_in_details`, `transfer_OUT_details`) VALUES ('70', '869', 1, 1, 0, 0, 1, 0, 'Sed ea molestiae itaque unde.', 'Tempora minus est molestiae fugit.');
INSERT INTO `visit_details` (`id`, `room_visit_id`, `adults_nomber`, `children_nomber`, `veg_breafast_nomber`, `non_veg_breafast_nomber`, `transfer_in_needed`, `transfer_out_needed`, `transfer_in_details`, `transfer_OUT_details`) VALUES ('71', '637', 2, 0, 1, 0, 0, 0, 'Consequatur assumenda inventore maxime aut.', 'Voluptas incidunt incidunt consectetur debitis accusantium enim velit aliquid.');
INSERT INTO `visit_details` (`id`, `room_visit_id`, `adults_nomber`, `children_nomber`, `veg_breafast_nomber`, `non_veg_breafast_nomber`, `transfer_in_needed`, `transfer_out_needed`, `transfer_in_details`, `transfer_OUT_details`) VALUES ('72', '601', 1, 1, 1, 1, 0, 1, 'Corporis optio qui ratione corrupti sit omnis.', 'Non porro ea assumenda in sed ea natus.');
INSERT INTO `visit_details` (`id`, `room_visit_id`, `adults_nomber`, `children_nomber`, `veg_breafast_nomber`, `non_veg_breafast_nomber`, `transfer_in_needed`, `transfer_out_needed`, `transfer_in_details`, `transfer_OUT_details`) VALUES ('73', '774', 2, 2, 1, 0, 0, 0, 'Dolorem cumque id maxime dolores exercitationem.', 'Illum eum quam ut nulla dolorem qui.');
INSERT INTO `visit_details` (`id`, `room_visit_id`, `adults_nomber`, `children_nomber`, `veg_breafast_nomber`, `non_veg_breafast_nomber`, `transfer_in_needed`, `transfer_out_needed`, `transfer_in_details`, `transfer_OUT_details`) VALUES ('74', '753', 2, 2, 1, 1, 1, 0, 'Et ut voluptas in enim maiores at.', 'Facere adipisci et reprehenderit fugiat blanditiis quos quia.');
INSERT INTO `visit_details` (`id`, `room_visit_id`, `adults_nomber`, `children_nomber`, `veg_breafast_nomber`, `non_veg_breafast_nomber`, `transfer_in_needed`, `transfer_out_needed`, `transfer_in_details`, `transfer_OUT_details`) VALUES ('75', '928', 3, 0, 0, 1, 1, 1, 'Consequatur expedita porro occaecati vel explicabo.', 'Dolores voluptatem non blanditiis et.');
INSERT INTO `visit_details` (`id`, `room_visit_id`, `adults_nomber`, `children_nomber`, `veg_breafast_nomber`, `non_veg_breafast_nomber`, `transfer_in_needed`, `transfer_out_needed`, `transfer_in_details`, `transfer_OUT_details`) VALUES ('76', '790', 2, 2, 1, 1, 0, 1, 'Autem perspiciatis error corporis rem qui.', 'Molestias at molestias cum sequi.');
INSERT INTO `visit_details` (`id`, `room_visit_id`, `adults_nomber`, `children_nomber`, `veg_breafast_nomber`, `non_veg_breafast_nomber`, `transfer_in_needed`, `transfer_out_needed`, `transfer_in_details`, `transfer_OUT_details`) VALUES ('77', '743', 2, 2, 0, 0, 1, 0, 'Veniam nemo sequi quis provident quis et.', 'Aut quos reiciendis laborum consequatur fuga omnis necessitatibus.');
INSERT INTO `visit_details` (`id`, `room_visit_id`, `adults_nomber`, `children_nomber`, `veg_breafast_nomber`, `non_veg_breafast_nomber`, `transfer_in_needed`, `transfer_out_needed`, `transfer_in_details`, `transfer_OUT_details`) VALUES ('78', '917', 1, 2, 0, 0, 0, 0, 'Velit nostrum qui consequuntur.', 'Ut facilis et delectus occaecati praesentium.');
INSERT INTO `visit_details` (`id`, `room_visit_id`, `adults_nomber`, `children_nomber`, `veg_breafast_nomber`, `non_veg_breafast_nomber`, `transfer_in_needed`, `transfer_out_needed`, `transfer_in_details`, `transfer_OUT_details`) VALUES ('79', '575', 2, 0, 1, 0, 0, 1, 'Voluptatem perspiciatis tenetur iste quaerat dolore non.', 'Consectetur delectus tempore in incidunt maxime a.');
INSERT INTO `visit_details` (`id`, `room_visit_id`, `adults_nomber`, `children_nomber`, `veg_breafast_nomber`, `non_veg_breafast_nomber`, `transfer_in_needed`, `transfer_out_needed`, `transfer_in_details`, `transfer_OUT_details`) VALUES ('80', '673', 1, 1, 0, 0, 0, 1, 'Culpa nostrum sequi laborum minima sit omnis.', 'Aut porro aut sed quis fuga.');
INSERT INTO `visit_details` (`id`, `room_visit_id`, `adults_nomber`, `children_nomber`, `veg_breafast_nomber`, `non_veg_breafast_nomber`, `transfer_in_needed`, `transfer_out_needed`, `transfer_in_details`, `transfer_OUT_details`) VALUES ('81', '760', 1, 0, 1, 1, 0, 1, 'Nobis incidunt enim omnis sapiente ut necessitatibus consequuntur excepturi.', 'Rerum dolores et impedit iste.');
INSERT INTO `visit_details` (`id`, `room_visit_id`, `adults_nomber`, `children_nomber`, `veg_breafast_nomber`, `non_veg_breafast_nomber`, `transfer_in_needed`, `transfer_out_needed`, `transfer_in_details`, `transfer_OUT_details`) VALUES ('82', '631', 1, 0, 0, 0, 0, 1, 'Architecto vitae eum laboriosam assumenda voluptatem.', 'Fugiat nihil aut est non.');
INSERT INTO `visit_details` (`id`, `room_visit_id`, `adults_nomber`, `children_nomber`, `veg_breafast_nomber`, `non_veg_breafast_nomber`, `transfer_in_needed`, `transfer_out_needed`, `transfer_in_details`, `transfer_OUT_details`) VALUES ('83', '957', 2, 1, 1, 1, 1, 1, 'Temporibus et quos expedita.', 'Deserunt sapiente ipsam enim sequi sed.');
INSERT INTO `visit_details` (`id`, `room_visit_id`, `adults_nomber`, `children_nomber`, `veg_breafast_nomber`, `non_veg_breafast_nomber`, `transfer_in_needed`, `transfer_out_needed`, `transfer_in_details`, `transfer_OUT_details`) VALUES ('84', '632', 1, 2, 0, 1, 1, 0, 'Nihil suscipit quae mollitia placeat culpa.', 'Modi beatae corporis et tenetur eveniet impedit aut.');
INSERT INTO `visit_details` (`id`, `room_visit_id`, `adults_nomber`, `children_nomber`, `veg_breafast_nomber`, `non_veg_breafast_nomber`, `transfer_in_needed`, `transfer_out_needed`, `transfer_in_details`, `transfer_OUT_details`) VALUES ('85', '849', 1, 2, 1, 0, 1, 0, 'Inventore ut est dolore in et necessitatibus.', 'Est est quia quia minima qui qui.');
INSERT INTO `visit_details` (`id`, `room_visit_id`, `adults_nomber`, `children_nomber`, `veg_breafast_nomber`, `non_veg_breafast_nomber`, `transfer_in_needed`, `transfer_out_needed`, `transfer_in_details`, `transfer_OUT_details`) VALUES ('86', '550', 3, 2, 1, 0, 0, 1, 'Non cumque excepturi sed sint est harum.', 'Quia sed ut porro earum ad commodi velit.');
INSERT INTO `visit_details` (`id`, `room_visit_id`, `adults_nomber`, `children_nomber`, `veg_breafast_nomber`, `non_veg_breafast_nomber`, `transfer_in_needed`, `transfer_out_needed`, `transfer_in_details`, `transfer_OUT_details`) VALUES ('87', '674', 1, 2, 1, 1, 0, 0, 'Ducimus vel iure reprehenderit velit qui debitis.', 'Eos perferendis veritatis dolorem ipsam illum.');
INSERT INTO `visit_details` (`id`, `room_visit_id`, `adults_nomber`, `children_nomber`, `veg_breafast_nomber`, `non_veg_breafast_nomber`, `transfer_in_needed`, `transfer_out_needed`, `transfer_in_details`, `transfer_OUT_details`) VALUES ('88', '936', 3, 0, 0, 0, 1, 1, 'Officiis iusto rerum et et ab incidunt.', 'Voluptatem voluptas aut animi animi.');
INSERT INTO `visit_details` (`id`, `room_visit_id`, `adults_nomber`, `children_nomber`, `veg_breafast_nomber`, `non_veg_breafast_nomber`, `transfer_in_needed`, `transfer_out_needed`, `transfer_in_details`, `transfer_OUT_details`) VALUES ('89', '641', 3, 2, 0, 1, 1, 0, 'Sed iusto et provident eos omnis sit.', 'Sapiente aliquam natus et voluptas minus et molestiae.');
INSERT INTO `visit_details` (`id`, `room_visit_id`, `adults_nomber`, `children_nomber`, `veg_breafast_nomber`, `non_veg_breafast_nomber`, `transfer_in_needed`, `transfer_out_needed`, `transfer_in_details`, `transfer_OUT_details`) VALUES ('90', '788', 2, 0, 1, 1, 0, 1, 'Possimus iusto consequatur modi similique.', 'Quasi qui eveniet est nostrum.');
INSERT INTO `visit_details` (`id`, `room_visit_id`, `adults_nomber`, `children_nomber`, `veg_breafast_nomber`, `non_veg_breafast_nomber`, `transfer_in_needed`, `transfer_out_needed`, `transfer_in_details`, `transfer_OUT_details`) VALUES ('91', '779', 1, 0, 1, 1, 0, 1, 'Laborum voluptate aperiam ipsum earum ea adipisci eveniet vero.', 'Quia id tenetur et natus fugiat.');
INSERT INTO `visit_details` (`id`, `room_visit_id`, `adults_nomber`, `children_nomber`, `veg_breafast_nomber`, `non_veg_breafast_nomber`, `transfer_in_needed`, `transfer_out_needed`, `transfer_in_details`, `transfer_OUT_details`) VALUES ('92', '562', 3, 0, 0, 1, 0, 0, 'Suscipit qui consequatur id magnam.', 'Facere nisi veritatis sit dolorem aut labore.');
INSERT INTO `visit_details` (`id`, `room_visit_id`, `adults_nomber`, `children_nomber`, `veg_breafast_nomber`, `non_veg_breafast_nomber`, `transfer_in_needed`, `transfer_out_needed`, `transfer_in_details`, `transfer_OUT_details`) VALUES ('93', '907', 3, 1, 1, 0, 0, 0, 'Asperiores fugit et et dolor et.', 'Est id aliquam sunt iste culpa minus dolore.');
INSERT INTO `visit_details` (`id`, `room_visit_id`, `adults_nomber`, `children_nomber`, `veg_breafast_nomber`, `non_veg_breafast_nomber`, `transfer_in_needed`, `transfer_out_needed`, `transfer_in_details`, `transfer_OUT_details`) VALUES ('94', '649', 2, 0, 0, 0, 0, 1, 'Quo ut tenetur debitis iste veritatis.', 'Consequuntur omnis minima ducimus laudantium cum ut rerum.');
INSERT INTO `visit_details` (`id`, `room_visit_id`, `adults_nomber`, `children_nomber`, `veg_breafast_nomber`, `non_veg_breafast_nomber`, `transfer_in_needed`, `transfer_out_needed`, `transfer_in_details`, `transfer_OUT_details`) VALUES ('95', '572', 3, 2, 0, 1, 0, 0, 'Quo et voluptate ab id a totam aut.', 'Tempora quas atque accusantium error eius rerum possimus.');
INSERT INTO `visit_details` (`id`, `room_visit_id`, `adults_nomber`, `children_nomber`, `veg_breafast_nomber`, `non_veg_breafast_nomber`, `transfer_in_needed`, `transfer_out_needed`, `transfer_in_details`, `transfer_OUT_details`) VALUES ('96', '848', 3, 2, 1, 0, 0, 0, 'Ut placeat voluptatibus iure quam officiis.', 'Id nihil cupiditate optio labore natus ut.');
INSERT INTO `visit_details` (`id`, `room_visit_id`, `adults_nomber`, `children_nomber`, `veg_breafast_nomber`, `non_veg_breafast_nomber`, `transfer_in_needed`, `transfer_out_needed`, `transfer_in_details`, `transfer_OUT_details`) VALUES ('97', '892', 3, 1, 0, 1, 1, 1, 'Et tempore enim rem.', 'Aut dolorum quisquam culpa et quia voluptas.');
INSERT INTO `visit_details` (`id`, `room_visit_id`, `adults_nomber`, `children_nomber`, `veg_breafast_nomber`, `non_veg_breafast_nomber`, `transfer_in_needed`, `transfer_out_needed`, `transfer_in_details`, `transfer_OUT_details`) VALUES ('98', '925', 3, 0, 1, 1, 1, 1, 'Est suscipit temporibus ullam a in corporis.', 'Magni nihil officiis illo omnis aut soluta.');
INSERT INTO `visit_details` (`id`, `room_visit_id`, `adults_nomber`, `children_nomber`, `veg_breafast_nomber`, `non_veg_breafast_nomber`, `transfer_in_needed`, `transfer_out_needed`, `transfer_in_details`, `transfer_OUT_details`) VALUES ('99', '933', 3, 0, 0, 1, 1, 0, 'Qui sapiente nostrum fugiat iste vero eos.', 'Corrupti sint et ut et sint.');
INSERT INTO `visit_details` (`id`, `room_visit_id`, `adults_nomber`, `children_nomber`, `veg_breafast_nomber`, `non_veg_breafast_nomber`, `transfer_in_needed`, `transfer_out_needed`, `transfer_in_details`, `transfer_OUT_details`) VALUES ('100', '584', 3, 2, 0, 1, 0, 0, 'Consequatur consequatur excepturi modi odio nobis natus sapiente.', 'Voluptate quas sint voluptatem corrupti dolores qui possimus ipsa.');
INSERT INTO `visit_details` (`id`, `room_visit_id`, `adults_nomber`, `children_nomber`, `veg_breafast_nomber`, `non_veg_breafast_nomber`, `transfer_in_needed`, `transfer_out_needed`, `transfer_in_details`, `transfer_OUT_details`) VALUES ('101', '813', 2, 2, 0, 0, 0, 1, 'Soluta doloribus commodi et vel quia.', 'Repudiandae illo atque vitae dolores itaque.');
INSERT INTO `visit_details` (`id`, `room_visit_id`, `adults_nomber`, `children_nomber`, `veg_breafast_nomber`, `non_veg_breafast_nomber`, `transfer_in_needed`, `transfer_out_needed`, `transfer_in_details`, `transfer_OUT_details`) VALUES ('102', '589', 3, 1, 0, 1, 0, 1, 'Minima sed odit tempore fuga.', 'Dolores ea accusantium ex commodi tempore.');
INSERT INTO `visit_details` (`id`, `room_visit_id`, `adults_nomber`, `children_nomber`, `veg_breafast_nomber`, `non_veg_breafast_nomber`, `transfer_in_needed`, `transfer_out_needed`, `transfer_in_details`, `transfer_OUT_details`) VALUES ('103', '685', 3, 1, 0, 0, 0, 0, 'Quam et quaerat velit et eum non.', 'Et qui et ad quidem.');
INSERT INTO `visit_details` (`id`, `room_visit_id`, `adults_nomber`, `children_nomber`, `veg_breafast_nomber`, `non_veg_breafast_nomber`, `transfer_in_needed`, `transfer_out_needed`, `transfer_in_details`, `transfer_OUT_details`) VALUES ('104', '606', 2, 2, 1, 1, 1, 0, 'Commodi voluptates quia unde.', 'Blanditiis ex iste facilis veniam id consectetur.');
INSERT INTO `visit_details` (`id`, `room_visit_id`, `adults_nomber`, `children_nomber`, `veg_breafast_nomber`, `non_veg_breafast_nomber`, `transfer_in_needed`, `transfer_out_needed`, `transfer_in_details`, `transfer_OUT_details`) VALUES ('105', '841', 2, 0, 0, 0, 1, 0, 'Quo est accusamus omnis quia.', 'Voluptate aut nesciunt cum ab quam et dolor.');
INSERT INTO `visit_details` (`id`, `room_visit_id`, `adults_nomber`, `children_nomber`, `veg_breafast_nomber`, `non_veg_breafast_nomber`, `transfer_in_needed`, `transfer_out_needed`, `transfer_in_details`, `transfer_OUT_details`) VALUES ('106', '632', 3, 2, 0, 1, 1, 0, 'Ex hic iste aut nulla iste necessitatibus voluptates autem.', 'Alias ut et et est maxime ut aut officia.');
INSERT INTO `visit_details` (`id`, `room_visit_id`, `adults_nomber`, `children_nomber`, `veg_breafast_nomber`, `non_veg_breafast_nomber`, `transfer_in_needed`, `transfer_out_needed`, `transfer_in_details`, `transfer_OUT_details`) VALUES ('107', '895', 2, 1, 1, 0, 0, 0, 'Iusto laudantium ad ut deleniti est a velit.', 'Impedit repudiandae voluptatem expedita perferendis repudiandae sed.');
INSERT INTO `visit_details` (`id`, `room_visit_id`, `adults_nomber`, `children_nomber`, `veg_breafast_nomber`, `non_veg_breafast_nomber`, `transfer_in_needed`, `transfer_out_needed`, `transfer_in_details`, `transfer_OUT_details`) VALUES ('108', '602', 1, 1, 0, 0, 1, 0, 'Quis ipsa fuga odio excepturi velit sapiente aliquid.', 'Voluptatem animi eius ut.');
INSERT INTO `visit_details` (`id`, `room_visit_id`, `adults_nomber`, `children_nomber`, `veg_breafast_nomber`, `non_veg_breafast_nomber`, `transfer_in_needed`, `transfer_out_needed`, `transfer_in_details`, `transfer_OUT_details`) VALUES ('109', '567', 3, 2, 0, 1, 1, 0, 'Qui ab suscipit et quia maxime nulla neque.', 'Ea minus quam ut eligendi placeat molestias.');
INSERT INTO `visit_details` (`id`, `room_visit_id`, `adults_nomber`, `children_nomber`, `veg_breafast_nomber`, `non_veg_breafast_nomber`, `transfer_in_needed`, `transfer_out_needed`, `transfer_in_details`, `transfer_OUT_details`) VALUES ('110', '969', 1, 2, 1, 1, 0, 1, 'Omnis exercitationem et minus.', 'Nihil et nobis cupiditate in.');
INSERT INTO `visit_details` (`id`, `room_visit_id`, `adults_nomber`, `children_nomber`, `veg_breafast_nomber`, `non_veg_breafast_nomber`, `transfer_in_needed`, `transfer_out_needed`, `transfer_in_details`, `transfer_OUT_details`) VALUES ('111', '774', 3, 1, 1, 1, 1, 1, 'Sed quaerat totam voluptatem.', 'Nulla enim quasi iure eveniet explicabo id quod.');
INSERT INTO `visit_details` (`id`, `room_visit_id`, `adults_nomber`, `children_nomber`, `veg_breafast_nomber`, `non_veg_breafast_nomber`, `transfer_in_needed`, `transfer_out_needed`, `transfer_in_details`, `transfer_OUT_details`) VALUES ('112', '826', 3, 0, 0, 1, 1, 0, 'Dolore nulla expedita eum et voluptas dolore aliquid.', 'Et sequi alias sed doloribus.');
INSERT INTO `visit_details` (`id`, `room_visit_id`, `adults_nomber`, `children_nomber`, `veg_breafast_nomber`, `non_veg_breafast_nomber`, `transfer_in_needed`, `transfer_out_needed`, `transfer_in_details`, `transfer_OUT_details`) VALUES ('113', '619', 1, 2, 1, 1, 0, 0, 'Illum fugiat voluptatibus natus laboriosam perspiciatis non quis laudantium.', 'Qui consequatur nihil nostrum eum eius corporis neque eveniet.');
INSERT INTO `visit_details` (`id`, `room_visit_id`, `adults_nomber`, `children_nomber`, `veg_breafast_nomber`, `non_veg_breafast_nomber`, `transfer_in_needed`, `transfer_out_needed`, `transfer_in_details`, `transfer_OUT_details`) VALUES ('114', '749', 2, 1, 0, 0, 1, 1, 'Quia nihil minima eaque et ducimus.', 'Accusantium nam iste laudantium velit sint placeat voluptatem et.');
INSERT INTO `visit_details` (`id`, `room_visit_id`, `adults_nomber`, `children_nomber`, `veg_breafast_nomber`, `non_veg_breafast_nomber`, `transfer_in_needed`, `transfer_out_needed`, `transfer_in_details`, `transfer_OUT_details`) VALUES ('115', '958', 1, 1, 0, 0, 1, 0, 'Quod qui ducimus repellendus quibusdam.', 'Mollitia fugit et similique consequatur delectus occaecati vero laudantium.');
INSERT INTO `visit_details` (`id`, `room_visit_id`, `adults_nomber`, `children_nomber`, `veg_breafast_nomber`, `non_veg_breafast_nomber`, `transfer_in_needed`, `transfer_out_needed`, `transfer_in_details`, `transfer_OUT_details`) VALUES ('116', '968', 2, 1, 0, 1, 0, 0, 'Numquam ipsum vitae molestiae veritatis.', 'Doloribus molestias tenetur laudantium ut itaque autem dicta rerum.');
INSERT INTO `visit_details` (`id`, `room_visit_id`, `adults_nomber`, `children_nomber`, `veg_breafast_nomber`, `non_veg_breafast_nomber`, `transfer_in_needed`, `transfer_out_needed`, `transfer_in_details`, `transfer_OUT_details`) VALUES ('117', '799', 2, 1, 0, 1, 1, 0, 'Qui eligendi quia dolores aut saepe.', 'Dolor error totam dolorem non voluptatem.');
INSERT INTO `visit_details` (`id`, `room_visit_id`, `adults_nomber`, `children_nomber`, `veg_breafast_nomber`, `non_veg_breafast_nomber`, `transfer_in_needed`, `transfer_out_needed`, `transfer_in_details`, `transfer_OUT_details`) VALUES ('118', '650', 3, 1, 1, 1, 0, 1, 'Alias ratione veniam tenetur sint est assumenda et.', 'Quia fugiat accusamus quia adipisci.');
INSERT INTO `visit_details` (`id`, `room_visit_id`, `adults_nomber`, `children_nomber`, `veg_breafast_nomber`, `non_veg_breafast_nomber`, `transfer_in_needed`, `transfer_out_needed`, `transfer_in_details`, `transfer_OUT_details`) VALUES ('119', '922', 2, 0, 0, 1, 1, 0, 'Eaque quis facilis repudiandae sunt dignissimos et laudantium.', 'Animi laborum atque sunt voluptates voluptas natus.');
INSERT INTO `visit_details` (`id`, `room_visit_id`, `adults_nomber`, `children_nomber`, `veg_breafast_nomber`, `non_veg_breafast_nomber`, `transfer_in_needed`, `transfer_out_needed`, `transfer_in_details`, `transfer_OUT_details`) VALUES ('120', '939', 2, 1, 1, 1, 0, 0, 'Qui ea rerum assumenda nam aut ab est.', 'Quia cumque et alias recusandae.');
INSERT INTO `visit_details` (`id`, `room_visit_id`, `adults_nomber`, `children_nomber`, `veg_breafast_nomber`, `non_veg_breafast_nomber`, `transfer_in_needed`, `transfer_out_needed`, `transfer_in_details`, `transfer_OUT_details`) VALUES ('121', '937', 3, 1, 0, 1, 0, 0, 'Sed necessitatibus eius quia.', 'Ex non consectetur necessitatibus sunt temporibus.');
INSERT INTO `visit_details` (`id`, `room_visit_id`, `adults_nomber`, `children_nomber`, `veg_breafast_nomber`, `non_veg_breafast_nomber`, `transfer_in_needed`, `transfer_out_needed`, `transfer_in_details`, `transfer_OUT_details`) VALUES ('122', '719', 3, 1, 1, 0, 1, 1, 'Explicabo quaerat voluptatum at quod et nihil incidunt soluta.', 'Illo ut voluptatum ipsam explicabo explicabo soluta quisquam.');
INSERT INTO `visit_details` (`id`, `room_visit_id`, `adults_nomber`, `children_nomber`, `veg_breafast_nomber`, `non_veg_breafast_nomber`, `transfer_in_needed`, `transfer_out_needed`, `transfer_in_details`, `transfer_OUT_details`) VALUES ('123', '520', 2, 0, 1, 0, 0, 1, 'Quo suscipit repudiandae tempora aut libero.', 'Id deleniti ipsam velit ullam.');
INSERT INTO `visit_details` (`id`, `room_visit_id`, `adults_nomber`, `children_nomber`, `veg_breafast_nomber`, `non_veg_breafast_nomber`, `transfer_in_needed`, `transfer_out_needed`, `transfer_in_details`, `transfer_OUT_details`) VALUES ('124', '863', 3, 2, 1, 0, 0, 0, 'Nulla vitae ab quod dolorum nostrum assumenda voluptatem saepe.', 'Ut nihil fugit deleniti et quia quis.');
INSERT INTO `visit_details` (`id`, `room_visit_id`, `adults_nomber`, `children_nomber`, `veg_breafast_nomber`, `non_veg_breafast_nomber`, `transfer_in_needed`, `transfer_out_needed`, `transfer_in_details`, `transfer_OUT_details`) VALUES ('125', '868', 3, 2, 0, 1, 1, 1, 'Quia veritatis odit fuga quo.', 'Ut molestiae quisquam eius commodi temporibus porro quis.');
INSERT INTO `visit_details` (`id`, `room_visit_id`, `adults_nomber`, `children_nomber`, `veg_breafast_nomber`, `non_veg_breafast_nomber`, `transfer_in_needed`, `transfer_out_needed`, `transfer_in_details`, `transfer_OUT_details`) VALUES ('126', '591', 1, 1, 1, 0, 0, 0, 'Nostrum et eaque et corporis.', 'Fuga labore iure molestiae eligendi beatae voluptatem.');
INSERT INTO `visit_details` (`id`, `room_visit_id`, `adults_nomber`, `children_nomber`, `veg_breafast_nomber`, `non_veg_breafast_nomber`, `transfer_in_needed`, `transfer_out_needed`, `transfer_in_details`, `transfer_OUT_details`) VALUES ('127', '729', 1, 0, 1, 1, 1, 1, 'Deleniti hic quia pariatur eos vel praesentium et.', 'Repellendus odit laborum quam et ut quos possimus.');
INSERT INTO `visit_details` (`id`, `room_visit_id`, `adults_nomber`, `children_nomber`, `veg_breafast_nomber`, `non_veg_breafast_nomber`, `transfer_in_needed`, `transfer_out_needed`, `transfer_in_details`, `transfer_OUT_details`) VALUES ('128', '778', 1, 2, 1, 0, 1, 1, 'Quo voluptatem occaecati suscipit et voluptatem eaque.', 'Porro iusto quia hic dolores quis non neque.');
INSERT INTO `visit_details` (`id`, `room_visit_id`, `adults_nomber`, `children_nomber`, `veg_breafast_nomber`, `non_veg_breafast_nomber`, `transfer_in_needed`, `transfer_out_needed`, `transfer_in_details`, `transfer_OUT_details`) VALUES ('129', '535', 2, 1, 1, 1, 1, 0, 'Placeat quidem corporis vel consequuntur porro enim earum et.', 'Sed aut dicta nihil omnis.');
INSERT INTO `visit_details` (`id`, `room_visit_id`, `adults_nomber`, `children_nomber`, `veg_breafast_nomber`, `non_veg_breafast_nomber`, `transfer_in_needed`, `transfer_out_needed`, `transfer_in_details`, `transfer_OUT_details`) VALUES ('130', '681', 3, 0, 1, 1, 1, 0, 'Eveniet sit inventore fuga est totam et.', 'Dicta voluptas veritatis occaecati dolor et.');
INSERT INTO `visit_details` (`id`, `room_visit_id`, `adults_nomber`, `children_nomber`, `veg_breafast_nomber`, `non_veg_breafast_nomber`, `transfer_in_needed`, `transfer_out_needed`, `transfer_in_details`, `transfer_OUT_details`) VALUES ('131', '862', 1, 1, 1, 1, 0, 0, 'Sunt natus dignissimos sit quod.', 'Facere voluptas dolor voluptatem rerum aut molestias consequatur.');
INSERT INTO `visit_details` (`id`, `room_visit_id`, `adults_nomber`, `children_nomber`, `veg_breafast_nomber`, `non_veg_breafast_nomber`, `transfer_in_needed`, `transfer_out_needed`, `transfer_in_details`, `transfer_OUT_details`) VALUES ('132', '848', 3, 0, 1, 0, 1, 0, 'Qui repellat et sunt quia sit commodi sunt.', 'Quis ab aut delectus aspernatur.');
INSERT INTO `visit_details` (`id`, `room_visit_id`, `adults_nomber`, `children_nomber`, `veg_breafast_nomber`, `non_veg_breafast_nomber`, `transfer_in_needed`, `transfer_out_needed`, `transfer_in_details`, `transfer_OUT_details`) VALUES ('133', '769', 1, 0, 0, 0, 1, 1, 'Enim quo tempora quo eum sit cupiditate ut.', 'Rerum tenetur ratione quia.');
INSERT INTO `visit_details` (`id`, `room_visit_id`, `adults_nomber`, `children_nomber`, `veg_breafast_nomber`, `non_veg_breafast_nomber`, `transfer_in_needed`, `transfer_out_needed`, `transfer_in_details`, `transfer_OUT_details`) VALUES ('134', '566', 1, 2, 0, 1, 1, 0, 'Est est consequatur aut beatae voluptates quae.', 'Vel soluta explicabo molestiae et.');
INSERT INTO `visit_details` (`id`, `room_visit_id`, `adults_nomber`, `children_nomber`, `veg_breafast_nomber`, `non_veg_breafast_nomber`, `transfer_in_needed`, `transfer_out_needed`, `transfer_in_details`, `transfer_OUT_details`) VALUES ('135', '953', 2, 1, 0, 1, 0, 0, 'Sed nesciunt aliquam aut adipisci consequuntur ab earum voluptate.', 'Fuga est est inventore.');
INSERT INTO `visit_details` (`id`, `room_visit_id`, `adults_nomber`, `children_nomber`, `veg_breafast_nomber`, `non_veg_breafast_nomber`, `transfer_in_needed`, `transfer_out_needed`, `transfer_in_details`, `transfer_OUT_details`) VALUES ('136', '629', 3, 0, 1, 0, 0, 1, 'Numquam voluptatem deserunt repudiandae expedita ut quo omnis magnam.', 'Qui voluptatibus blanditiis laborum sed.');
INSERT INTO `visit_details` (`id`, `room_visit_id`, `adults_nomber`, `children_nomber`, `veg_breafast_nomber`, `non_veg_breafast_nomber`, `transfer_in_needed`, `transfer_out_needed`, `transfer_in_details`, `transfer_OUT_details`) VALUES ('137', '697', 2, 2, 1, 0, 0, 1, 'Molestiae repellat at dolores qui consequatur.', 'Ullam aperiam et neque.');
INSERT INTO `visit_details` (`id`, `room_visit_id`, `adults_nomber`, `children_nomber`, `veg_breafast_nomber`, `non_veg_breafast_nomber`, `transfer_in_needed`, `transfer_out_needed`, `transfer_in_details`, `transfer_OUT_details`) VALUES ('138', '866', 2, 2, 0, 1, 1, 0, 'Placeat nisi dolorem illo quidem temporibus nihil laboriosam.', 'Quis nemo hic alias ut alias eum.');
INSERT INTO `visit_details` (`id`, `room_visit_id`, `adults_nomber`, `children_nomber`, `veg_breafast_nomber`, `non_veg_breafast_nomber`, `transfer_in_needed`, `transfer_out_needed`, `transfer_in_details`, `transfer_OUT_details`) VALUES ('139', '730', 2, 0, 1, 0, 1, 0, 'Cumque reiciendis nihil in at.', 'Quod et qui labore est sunt.');
INSERT INTO `visit_details` (`id`, `room_visit_id`, `adults_nomber`, `children_nomber`, `veg_breafast_nomber`, `non_veg_breafast_nomber`, `transfer_in_needed`, `transfer_out_needed`, `transfer_in_details`, `transfer_OUT_details`) VALUES ('140', '764', 3, 2, 0, 1, 1, 0, 'Dicta est qui amet iure corrupti.', 'Nihil labore est hic et.');
INSERT INTO `visit_details` (`id`, `room_visit_id`, `adults_nomber`, `children_nomber`, `veg_breafast_nomber`, `non_veg_breafast_nomber`, `transfer_in_needed`, `transfer_out_needed`, `transfer_in_details`, `transfer_OUT_details`) VALUES ('141', '854', 2, 1, 0, 1, 0, 0, 'Recusandae exercitationem et ut illo eos.', 'Consequatur nemo eos nobis voluptatem suscipit.');
INSERT INTO `visit_details` (`id`, `room_visit_id`, `adults_nomber`, `children_nomber`, `veg_breafast_nomber`, `non_veg_breafast_nomber`, `transfer_in_needed`, `transfer_out_needed`, `transfer_in_details`, `transfer_OUT_details`) VALUES ('142', '523', 2, 1, 0, 0, 1, 0, 'Aliquid provident culpa est ex eos.', 'Et aut illum et unde dolores non.');
INSERT INTO `visit_details` (`id`, `room_visit_id`, `adults_nomber`, `children_nomber`, `veg_breafast_nomber`, `non_veg_breafast_nomber`, `transfer_in_needed`, `transfer_out_needed`, `transfer_in_details`, `transfer_OUT_details`) VALUES ('143', '609', 2, 1, 0, 0, 0, 0, 'Maxime possimus minima eaque aut possimus nihil nihil.', 'Non at reprehenderit quo maiores exercitationem nesciunt deserunt.');
INSERT INTO `visit_details` (`id`, `room_visit_id`, `adults_nomber`, `children_nomber`, `veg_breafast_nomber`, `non_veg_breafast_nomber`, `transfer_in_needed`, `transfer_out_needed`, `transfer_in_details`, `transfer_OUT_details`) VALUES ('144', '973', 1, 0, 0, 0, 1, 1, 'Commodi quos illum quo maxime quasi.', 'Doloribus et voluptate et aliquam et.');
INSERT INTO `visit_details` (`id`, `room_visit_id`, `adults_nomber`, `children_nomber`, `veg_breafast_nomber`, `non_veg_breafast_nomber`, `transfer_in_needed`, `transfer_out_needed`, `transfer_in_details`, `transfer_OUT_details`) VALUES ('145', '772', 1, 1, 1, 1, 0, 1, 'Quo ipsa error repudiandae sit id praesentium ea.', 'Ut fugiat voluptate consequatur.');
INSERT INTO `visit_details` (`id`, `room_visit_id`, `adults_nomber`, `children_nomber`, `veg_breafast_nomber`, `non_veg_breafast_nomber`, `transfer_in_needed`, `transfer_out_needed`, `transfer_in_details`, `transfer_OUT_details`) VALUES ('146', '585', 2, 1, 0, 1, 0, 1, 'Qui dicta minus molestiae distinctio.', 'Quia quidem et est nobis.');
INSERT INTO `visit_details` (`id`, `room_visit_id`, `adults_nomber`, `children_nomber`, `veg_breafast_nomber`, `non_veg_breafast_nomber`, `transfer_in_needed`, `transfer_out_needed`, `transfer_in_details`, `transfer_OUT_details`) VALUES ('147', '959', 1, 2, 1, 1, 0, 0, 'Voluptas nulla accusantium ducimus sit facere aperiam.', 'Deserunt quia error qui recusandae earum reiciendis cupiditate.');
INSERT INTO `visit_details` (`id`, `room_visit_id`, `adults_nomber`, `children_nomber`, `veg_breafast_nomber`, `non_veg_breafast_nomber`, `transfer_in_needed`, `transfer_out_needed`, `transfer_in_details`, `transfer_OUT_details`) VALUES ('148', '590', 2, 0, 0, 0, 0, 0, 'Eveniet placeat fuga ipsa voluptate consectetur quidem.', 'Assumenda similique eum similique.');
INSERT INTO `visit_details` (`id`, `room_visit_id`, `adults_nomber`, `children_nomber`, `veg_breafast_nomber`, `non_veg_breafast_nomber`, `transfer_in_needed`, `transfer_out_needed`, `transfer_in_details`, `transfer_OUT_details`) VALUES ('149', '734', 2, 1, 1, 0, 1, 1, 'Placeat asperiores voluptatem dolores fuga quod doloremque.', 'Ea quis et vitae aut error non explicabo nobis.');
INSERT INTO `visit_details` (`id`, `room_visit_id`, `adults_nomber`, `children_nomber`, `veg_breafast_nomber`, `non_veg_breafast_nomber`, `transfer_in_needed`, `transfer_out_needed`, `transfer_in_details`, `transfer_OUT_details`) VALUES ('150', '899', 2, 1, 1, 1, 1, 1, 'Dicta magnam esse et eius excepturi.', 'Quia dolorem doloribus minima.');
INSERT INTO `visit_details` (`id`, `room_visit_id`, `adults_nomber`, `children_nomber`, `veg_breafast_nomber`, `non_veg_breafast_nomber`, `transfer_in_needed`, `transfer_out_needed`, `transfer_in_details`, `transfer_OUT_details`) VALUES ('151', '548', 2, 0, 1, 1, 1, 0, 'Itaque ea dolorum enim placeat voluptate ut dolorem.', 'Rerum eos quod molestias accusantium enim.');
INSERT INTO `visit_details` (`id`, `room_visit_id`, `adults_nomber`, `children_nomber`, `veg_breafast_nomber`, `non_veg_breafast_nomber`, `transfer_in_needed`, `transfer_out_needed`, `transfer_in_details`, `transfer_OUT_details`) VALUES ('152', '690', 1, 2, 1, 0, 0, 1, 'Quo consequatur et debitis tenetur est.', 'Quia sit sunt inventore quia ea odio amet.');
INSERT INTO `visit_details` (`id`, `room_visit_id`, `adults_nomber`, `children_nomber`, `veg_breafast_nomber`, `non_veg_breafast_nomber`, `transfer_in_needed`, `transfer_out_needed`, `transfer_in_details`, `transfer_OUT_details`) VALUES ('153', '637', 1, 0, 0, 1, 1, 0, 'Consectetur nam qui eaque earum quasi officiis eos cum.', 'Sed rerum similique itaque et.');
INSERT INTO `visit_details` (`id`, `room_visit_id`, `adults_nomber`, `children_nomber`, `veg_breafast_nomber`, `non_veg_breafast_nomber`, `transfer_in_needed`, `transfer_out_needed`, `transfer_in_details`, `transfer_OUT_details`) VALUES ('154', '567', 2, 0, 1, 1, 1, 0, 'Ut non earum iusto velit eaque consectetur.', 'Nihil omnis quia atque.');
INSERT INTO `visit_details` (`id`, `room_visit_id`, `adults_nomber`, `children_nomber`, `veg_breafast_nomber`, `non_veg_breafast_nomber`, `transfer_in_needed`, `transfer_out_needed`, `transfer_in_details`, `transfer_OUT_details`) VALUES ('155', '572', 2, 2, 1, 0, 1, 0, 'Quo sit possimus a.', 'Harum eum amet et molestiae qui voluptates error.');
INSERT INTO `visit_details` (`id`, `room_visit_id`, `adults_nomber`, `children_nomber`, `veg_breafast_nomber`, `non_veg_breafast_nomber`, `transfer_in_needed`, `transfer_out_needed`, `transfer_in_details`, `transfer_OUT_details`) VALUES ('156', '523', 2, 1, 1, 0, 0, 0, 'Vel placeat quasi aut.', 'Possimus aut eum qui quos adipisci consequatur.');
INSERT INTO `visit_details` (`id`, `room_visit_id`, `adults_nomber`, `children_nomber`, `veg_breafast_nomber`, `non_veg_breafast_nomber`, `transfer_in_needed`, `transfer_out_needed`, `transfer_in_details`, `transfer_OUT_details`) VALUES ('157', '658', 3, 1, 0, 1, 0, 1, 'Harum repellat illo ullam sequi.', 'Eveniet aut vel facere.');
INSERT INTO `visit_details` (`id`, `room_visit_id`, `adults_nomber`, `children_nomber`, `veg_breafast_nomber`, `non_veg_breafast_nomber`, `transfer_in_needed`, `transfer_out_needed`, `transfer_in_details`, `transfer_OUT_details`) VALUES ('158', '801', 3, 2, 0, 0, 0, 0, 'Est sunt perspiciatis inventore aperiam aut sapiente.', 'Sit est cum sed quidem fuga rerum qui.');
INSERT INTO `visit_details` (`id`, `room_visit_id`, `adults_nomber`, `children_nomber`, `veg_breafast_nomber`, `non_veg_breafast_nomber`, `transfer_in_needed`, `transfer_out_needed`, `transfer_in_details`, `transfer_OUT_details`) VALUES ('159', '801', 1, 2, 1, 0, 0, 1, 'Cum ea odio provident voluptas perferendis.', 'Ea ullam totam quo aliquid qui.');
INSERT INTO `visit_details` (`id`, `room_visit_id`, `adults_nomber`, `children_nomber`, `veg_breafast_nomber`, `non_veg_breafast_nomber`, `transfer_in_needed`, `transfer_out_needed`, `transfer_in_details`, `transfer_OUT_details`) VALUES ('160', '693', 3, 1, 0, 1, 1, 1, 'Ab voluptates veniam reprehenderit maiores exercitationem amet voluptatem.', 'Similique quam adipisci sit porro odio et quos.');
INSERT INTO `visit_details` (`id`, `room_visit_id`, `adults_nomber`, `children_nomber`, `veg_breafast_nomber`, `non_veg_breafast_nomber`, `transfer_in_needed`, `transfer_out_needed`, `transfer_in_details`, `transfer_OUT_details`) VALUES ('161', '981', 2, 0, 0, 1, 1, 1, 'Inventore et sequi voluptatem officiis id pariatur sint.', 'Explicabo labore iste occaecati.');
INSERT INTO `visit_details` (`id`, `room_visit_id`, `adults_nomber`, `children_nomber`, `veg_breafast_nomber`, `non_veg_breafast_nomber`, `transfer_in_needed`, `transfer_out_needed`, `transfer_in_details`, `transfer_OUT_details`) VALUES ('162', '681', 1, 2, 0, 1, 0, 1, 'Sequi est facilis eum qui placeat esse.', 'Voluptatem dolorem labore vitae et voluptatem sed repellat ut.');
INSERT INTO `visit_details` (`id`, `room_visit_id`, `adults_nomber`, `children_nomber`, `veg_breafast_nomber`, `non_veg_breafast_nomber`, `transfer_in_needed`, `transfer_out_needed`, `transfer_in_details`, `transfer_OUT_details`) VALUES ('163', '559', 3, 0, 1, 0, 1, 1, 'Voluptatem omnis est minus quos recusandae.', 'Aut omnis possimus qui consequatur deserunt et.');
INSERT INTO `visit_details` (`id`, `room_visit_id`, `adults_nomber`, `children_nomber`, `veg_breafast_nomber`, `non_veg_breafast_nomber`, `transfer_in_needed`, `transfer_out_needed`, `transfer_in_details`, `transfer_OUT_details`) VALUES ('164', '769', 2, 2, 0, 0, 0, 0, 'Culpa dolorem molestias ad.', 'Et molestias aut et commodi.');
INSERT INTO `visit_details` (`id`, `room_visit_id`, `adults_nomber`, `children_nomber`, `veg_breafast_nomber`, `non_veg_breafast_nomber`, `transfer_in_needed`, `transfer_out_needed`, `transfer_in_details`, `transfer_OUT_details`) VALUES ('165', '747', 1, 1, 0, 1, 1, 1, 'Aut est voluptatem est sed sed tenetur.', 'Architecto sed cupiditate natus.');
INSERT INTO `visit_details` (`id`, `room_visit_id`, `adults_nomber`, `children_nomber`, `veg_breafast_nomber`, `non_veg_breafast_nomber`, `transfer_in_needed`, `transfer_out_needed`, `transfer_in_details`, `transfer_OUT_details`) VALUES ('166', '531', 1, 2, 0, 1, 1, 0, 'Deserunt eos rerum est.', 'Atque commodi voluptatem veniam et dolor molestiae.');
INSERT INTO `visit_details` (`id`, `room_visit_id`, `adults_nomber`, `children_nomber`, `veg_breafast_nomber`, `non_veg_breafast_nomber`, `transfer_in_needed`, `transfer_out_needed`, `transfer_in_details`, `transfer_OUT_details`) VALUES ('167', '898', 3, 2, 0, 0, 1, 1, 'Ut praesentium quisquam sit suscipit iusto.', 'Repellendus quo rerum vel tempora magnam architecto quod.');
INSERT INTO `visit_details` (`id`, `room_visit_id`, `adults_nomber`, `children_nomber`, `veg_breafast_nomber`, `non_veg_breafast_nomber`, `transfer_in_needed`, `transfer_out_needed`, `transfer_in_details`, `transfer_OUT_details`) VALUES ('168', '944', 1, 0, 1, 1, 0, 1, 'Eos nihil tempora sunt mollitia labore.', 'Aliquam recusandae odio quam sunt nesciunt.');
INSERT INTO `visit_details` (`id`, `room_visit_id`, `adults_nomber`, `children_nomber`, `veg_breafast_nomber`, `non_veg_breafast_nomber`, `transfer_in_needed`, `transfer_out_needed`, `transfer_in_details`, `transfer_OUT_details`) VALUES ('169', '897', 1, 1, 0, 0, 0, 0, 'Error a sunt ullam vel labore facere.', 'Et ut quod sit non.');
INSERT INTO `visit_details` (`id`, `room_visit_id`, `adults_nomber`, `children_nomber`, `veg_breafast_nomber`, `non_veg_breafast_nomber`, `transfer_in_needed`, `transfer_out_needed`, `transfer_in_details`, `transfer_OUT_details`) VALUES ('170', '646', 1, 2, 1, 0, 0, 0, 'Cumque architecto quis qui officiis quae est ad velit.', 'Exercitationem nemo iste est incidunt.');
INSERT INTO `visit_details` (`id`, `room_visit_id`, `adults_nomber`, `children_nomber`, `veg_breafast_nomber`, `non_veg_breafast_nomber`, `transfer_in_needed`, `transfer_out_needed`, `transfer_in_details`, `transfer_OUT_details`) VALUES ('171', '726', 3, 2, 0, 1, 1, 0, 'Eveniet commodi quos a nihil inventore velit id.', 'Labore ducimus eveniet esse deleniti rerum saepe non quibusdam.');
INSERT INTO `visit_details` (`id`, `room_visit_id`, `adults_nomber`, `children_nomber`, `veg_breafast_nomber`, `non_veg_breafast_nomber`, `transfer_in_needed`, `transfer_out_needed`, `transfer_in_details`, `transfer_OUT_details`) VALUES ('172', '770', 2, 1, 0, 1, 1, 1, 'Exercitationem omnis ducimus eius assumenda ut totam.', 'Ut corrupti dolorem consequuntur adipisci.');
INSERT INTO `visit_details` (`id`, `room_visit_id`, `adults_nomber`, `children_nomber`, `veg_breafast_nomber`, `non_veg_breafast_nomber`, `transfer_in_needed`, `transfer_out_needed`, `transfer_in_details`, `transfer_OUT_details`) VALUES ('173', '669', 1, 0, 1, 1, 0, 0, 'Similique dolor et ut placeat at accusantium.', 'Quidem possimus pariatur necessitatibus cumque et qui consectetur.');
INSERT INTO `visit_details` (`id`, `room_visit_id`, `adults_nomber`, `children_nomber`, `veg_breafast_nomber`, `non_veg_breafast_nomber`, `transfer_in_needed`, `transfer_out_needed`, `transfer_in_details`, `transfer_OUT_details`) VALUES ('174', '834', 1, 0, 0, 1, 0, 0, 'Dolores debitis id provident voluptatem odio aut id.', 'Cumque quam consequuntur dolor molestiae et nemo.');
INSERT INTO `visit_details` (`id`, `room_visit_id`, `adults_nomber`, `children_nomber`, `veg_breafast_nomber`, `non_veg_breafast_nomber`, `transfer_in_needed`, `transfer_out_needed`, `transfer_in_details`, `transfer_OUT_details`) VALUES ('175', '761', 2, 0, 0, 0, 0, 1, 'Excepturi qui ab consequatur sint.', 'Fugit quis ipsum a.');
INSERT INTO `visit_details` (`id`, `room_visit_id`, `adults_nomber`, `children_nomber`, `veg_breafast_nomber`, `non_veg_breafast_nomber`, `transfer_in_needed`, `transfer_out_needed`, `transfer_in_details`, `transfer_OUT_details`) VALUES ('176', '940', 1, 0, 0, 1, 1, 1, 'Est consequatur dolorem necessitatibus dolor.', 'Voluptate qui sequi consectetur qui asperiores sunt non.');
INSERT INTO `visit_details` (`id`, `room_visit_id`, `adults_nomber`, `children_nomber`, `veg_breafast_nomber`, `non_veg_breafast_nomber`, `transfer_in_needed`, `transfer_out_needed`, `transfer_in_details`, `transfer_OUT_details`) VALUES ('177', '918', 2, 2, 0, 0, 0, 1, 'Et eos tenetur dolores minus.', 'Ex ad et laboriosam recusandae.');
INSERT INTO `visit_details` (`id`, `room_visit_id`, `adults_nomber`, `children_nomber`, `veg_breafast_nomber`, `non_veg_breafast_nomber`, `transfer_in_needed`, `transfer_out_needed`, `transfer_in_details`, `transfer_OUT_details`) VALUES ('178', '739', 2, 1, 1, 0, 1, 1, 'Voluptas est qui sit ea debitis quis voluptatem.', 'Consequuntur voluptas optio unde debitis occaecati dicta sint autem.');
INSERT INTO `visit_details` (`id`, `room_visit_id`, `adults_nomber`, `children_nomber`, `veg_breafast_nomber`, `non_veg_breafast_nomber`, `transfer_in_needed`, `transfer_out_needed`, `transfer_in_details`, `transfer_OUT_details`) VALUES ('179', '548', 1, 1, 0, 1, 0, 0, 'Quae ex quisquam rem rem rerum doloribus.', 'Quia odit veniam est reiciendis omnis dolor voluptatum.');
INSERT INTO `visit_details` (`id`, `room_visit_id`, `adults_nomber`, `children_nomber`, `veg_breafast_nomber`, `non_veg_breafast_nomber`, `transfer_in_needed`, `transfer_out_needed`, `transfer_in_details`, `transfer_OUT_details`) VALUES ('180', '671', 2, 1, 1, 1, 1, 0, 'Voluptatibus et quisquam molestiae neque.', 'Ad molestias ullam modi nulla.');
INSERT INTO `visit_details` (`id`, `room_visit_id`, `adults_nomber`, `children_nomber`, `veg_breafast_nomber`, `non_veg_breafast_nomber`, `transfer_in_needed`, `transfer_out_needed`, `transfer_in_details`, `transfer_OUT_details`) VALUES ('181', '656', 3, 0, 1, 0, 0, 1, 'Esse qui possimus voluptas dolor.', 'Aut dolorem amet id qui mollitia aut.');
INSERT INTO `visit_details` (`id`, `room_visit_id`, `adults_nomber`, `children_nomber`, `veg_breafast_nomber`, `non_veg_breafast_nomber`, `transfer_in_needed`, `transfer_out_needed`, `transfer_in_details`, `transfer_OUT_details`) VALUES ('182', '595', 3, 0, 1, 0, 1, 1, 'Consectetur a quibusdam odio incidunt explicabo aperiam.', 'Ab omnis autem dolorem.');
INSERT INTO `visit_details` (`id`, `room_visit_id`, `adults_nomber`, `children_nomber`, `veg_breafast_nomber`, `non_veg_breafast_nomber`, `transfer_in_needed`, `transfer_out_needed`, `transfer_in_details`, `transfer_OUT_details`) VALUES ('183', '861', 2, 0, 0, 0, 1, 0, 'Rerum delectus facilis sit esse adipisci.', 'Architecto et voluptas ipsa sint quia laboriosam.');
INSERT INTO `visit_details` (`id`, `room_visit_id`, `adults_nomber`, `children_nomber`, `veg_breafast_nomber`, `non_veg_breafast_nomber`, `transfer_in_needed`, `transfer_out_needed`, `transfer_in_details`, `transfer_OUT_details`) VALUES ('184', '792', 3, 2, 0, 1, 1, 1, 'Debitis aut explicabo ut.', 'Quasi maxime deserunt autem deserunt qui quidem nesciunt ipsam.');
INSERT INTO `visit_details` (`id`, `room_visit_id`, `adults_nomber`, `children_nomber`, `veg_breafast_nomber`, `non_veg_breafast_nomber`, `transfer_in_needed`, `transfer_out_needed`, `transfer_in_details`, `transfer_OUT_details`) VALUES ('185', '662', 2, 1, 1, 0, 0, 0, 'Fugiat illo accusamus odit rem consequuntur quas doloremque.', 'Dolorem aliquam sunt nulla.');
INSERT INTO `visit_details` (`id`, `room_visit_id`, `adults_nomber`, `children_nomber`, `veg_breafast_nomber`, `non_veg_breafast_nomber`, `transfer_in_needed`, `transfer_out_needed`, `transfer_in_details`, `transfer_OUT_details`) VALUES ('186', '932', 2, 0, 0, 0, 0, 1, 'Nihil omnis iure repudiandae ab saepe eum.', 'Vel excepturi cumque modi repellendus culpa.');
INSERT INTO `visit_details` (`id`, `room_visit_id`, `adults_nomber`, `children_nomber`, `veg_breafast_nomber`, `non_veg_breafast_nomber`, `transfer_in_needed`, `transfer_out_needed`, `transfer_in_details`, `transfer_OUT_details`) VALUES ('187', '814', 3, 0, 1, 0, 0, 1, 'Molestias reprehenderit et reiciendis magnam in.', 'Voluptas fuga sapiente omnis.');
INSERT INTO `visit_details` (`id`, `room_visit_id`, `adults_nomber`, `children_nomber`, `veg_breafast_nomber`, `non_veg_breafast_nomber`, `transfer_in_needed`, `transfer_out_needed`, `transfer_in_details`, `transfer_OUT_details`) VALUES ('188', '819', 1, 2, 1, 1, 0, 0, 'Repellendus et aut dolor esse et.', 'Rem hic est dicta consequatur enim provident aliquam.');
INSERT INTO `visit_details` (`id`, `room_visit_id`, `adults_nomber`, `children_nomber`, `veg_breafast_nomber`, `non_veg_breafast_nomber`, `transfer_in_needed`, `transfer_out_needed`, `transfer_in_details`, `transfer_OUT_details`) VALUES ('189', '751', 1, 2, 0, 0, 1, 1, 'Quam incidunt optio eaque inventore sed laboriosam rem.', 'Dolor a quia animi eos sit tempore voluptatum.');
INSERT INTO `visit_details` (`id`, `room_visit_id`, `adults_nomber`, `children_nomber`, `veg_breafast_nomber`, `non_veg_breafast_nomber`, `transfer_in_needed`, `transfer_out_needed`, `transfer_in_details`, `transfer_OUT_details`) VALUES ('190', '633', 1, 2, 1, 0, 1, 0, 'Repellendus quibusdam commodi non ad.', 'Dolores quasi mollitia nisi dolor aperiam est necessitatibus voluptas.');
INSERT INTO `visit_details` (`id`, `room_visit_id`, `adults_nomber`, `children_nomber`, `veg_breafast_nomber`, `non_veg_breafast_nomber`, `transfer_in_needed`, `transfer_out_needed`, `transfer_in_details`, `transfer_OUT_details`) VALUES ('191', '531', 2, 0, 0, 1, 0, 1, 'Officiis ullam sit fugiat ullam neque.', 'Sit quis nesciunt asperiores necessitatibus.');
INSERT INTO `visit_details` (`id`, `room_visit_id`, `adults_nomber`, `children_nomber`, `veg_breafast_nomber`, `non_veg_breafast_nomber`, `transfer_in_needed`, `transfer_out_needed`, `transfer_in_details`, `transfer_OUT_details`) VALUES ('192', '751', 3, 2, 1, 0, 1, 0, 'Omnis qui ipsum rerum expedita.', 'Optio dolores at est dolor amet et debitis sit.');
INSERT INTO `visit_details` (`id`, `room_visit_id`, `adults_nomber`, `children_nomber`, `veg_breafast_nomber`, `non_veg_breafast_nomber`, `transfer_in_needed`, `transfer_out_needed`, `transfer_in_details`, `transfer_OUT_details`) VALUES ('193', '814', 3, 2, 1, 0, 0, 1, 'Repudiandae fuga explicabo excepturi nostrum doloribus et veritatis.', 'Omnis illo eligendi est magni quis.');
INSERT INTO `visit_details` (`id`, `room_visit_id`, `adults_nomber`, `children_nomber`, `veg_breafast_nomber`, `non_veg_breafast_nomber`, `transfer_in_needed`, `transfer_out_needed`, `transfer_in_details`, `transfer_OUT_details`) VALUES ('194', '590', 1, 2, 1, 1, 0, 1, 'Quis impedit eaque veritatis quae odio repudiandae vitae.', 'Sit et nihil hic.');
INSERT INTO `visit_details` (`id`, `room_visit_id`, `adults_nomber`, `children_nomber`, `veg_breafast_nomber`, `non_veg_breafast_nomber`, `transfer_in_needed`, `transfer_out_needed`, `transfer_in_details`, `transfer_OUT_details`) VALUES ('195', '539', 2, 0, 0, 0, 0, 0, 'Ex expedita expedita mollitia deleniti.', 'Quos placeat eveniet ullam quo ab dolores quasi.');
INSERT INTO `visit_details` (`id`, `room_visit_id`, `adults_nomber`, `children_nomber`, `veg_breafast_nomber`, `non_veg_breafast_nomber`, `transfer_in_needed`, `transfer_out_needed`, `transfer_in_details`, `transfer_OUT_details`) VALUES ('196', '580', 1, 2, 1, 0, 1, 0, 'Numquam et facere sed est quidem eligendi debitis quo.', 'Laboriosam iste quae quibusdam dolorum.');
INSERT INTO `visit_details` (`id`, `room_visit_id`, `adults_nomber`, `children_nomber`, `veg_breafast_nomber`, `non_veg_breafast_nomber`, `transfer_in_needed`, `transfer_out_needed`, `transfer_in_details`, `transfer_OUT_details`) VALUES ('197', '620', 3, 2, 1, 1, 1, 1, 'Nesciunt expedita labore id repellat enim voluptatem et illo.', 'Deserunt cupiditate magni itaque ipsum laboriosam repellat.');
INSERT INTO `visit_details` (`id`, `room_visit_id`, `adults_nomber`, `children_nomber`, `veg_breafast_nomber`, `non_veg_breafast_nomber`, `transfer_in_needed`, `transfer_out_needed`, `transfer_in_details`, `transfer_OUT_details`) VALUES ('198', '936', 3, 0, 1, 0, 0, 1, 'Doloremque illo tenetur iusto iusto inventore illum tempora nulla.', 'Iste distinctio ut id quos veritatis culpa quia.');
INSERT INTO `visit_details` (`id`, `room_visit_id`, `adults_nomber`, `children_nomber`, `veg_breafast_nomber`, `non_veg_breafast_nomber`, `transfer_in_needed`, `transfer_out_needed`, `transfer_in_details`, `transfer_OUT_details`) VALUES ('199', '542', 3, 0, 1, 1, 1, 0, 'Nihil est soluta rerum qui.', 'Ducimus repellendus consectetur fugiat exercitationem non perspiciatis praesentium.');
INSERT INTO `visit_details` (`id`, `room_visit_id`, `adults_nomber`, `children_nomber`, `veg_breafast_nomber`, `non_veg_breafast_nomber`, `transfer_in_needed`, `transfer_out_needed`, `transfer_in_details`, `transfer_OUT_details`) VALUES ('200', '536', 2, 2, 1, 1, 0, 0, 'Nemo sapiente quo est velit consequatur.', 'Facere ipsa adipisci veritatis non eveniet.');
INSERT INTO `visit_details` (`id`, `room_visit_id`, `adults_nomber`, `children_nomber`, `veg_breafast_nomber`, `non_veg_breafast_nomber`, `transfer_in_needed`, `transfer_out_needed`, `transfer_in_details`, `transfer_OUT_details`) VALUES ('201', '601', 2, 0, 0, 0, 0, 0, 'Sequi facilis consectetur vitae nemo voluptatum consequatur modi quia.', 'Ipsam eveniet ut dolor deserunt.');
INSERT INTO `visit_details` (`id`, `room_visit_id`, `adults_nomber`, `children_nomber`, `veg_breafast_nomber`, `non_veg_breafast_nomber`, `transfer_in_needed`, `transfer_out_needed`, `transfer_in_details`, `transfer_OUT_details`) VALUES ('202', '768', 2, 2, 1, 1, 1, 0, 'Aut voluptas maiores qui quibusdam aspernatur est.', 'Quia sequi accusamus harum iste et sapiente eligendi ut.');
INSERT INTO `visit_details` (`id`, `room_visit_id`, `adults_nomber`, `children_nomber`, `veg_breafast_nomber`, `non_veg_breafast_nomber`, `transfer_in_needed`, `transfer_out_needed`, `transfer_in_details`, `transfer_OUT_details`) VALUES ('203', '806', 2, 2, 0, 1, 0, 1, 'Sunt beatae ipsum quis eos.', 'Dolore ipsum deserunt harum odit.');
INSERT INTO `visit_details` (`id`, `room_visit_id`, `adults_nomber`, `children_nomber`, `veg_breafast_nomber`, `non_veg_breafast_nomber`, `transfer_in_needed`, `transfer_out_needed`, `transfer_in_details`, `transfer_OUT_details`) VALUES ('204', '769', 3, 2, 1, 0, 0, 0, 'Eaque at tempora dolores ducimus repellendus ut.', 'Aut enim qui et ullam.');
INSERT INTO `visit_details` (`id`, `room_visit_id`, `adults_nomber`, `children_nomber`, `veg_breafast_nomber`, `non_veg_breafast_nomber`, `transfer_in_needed`, `transfer_out_needed`, `transfer_in_details`, `transfer_OUT_details`) VALUES ('205', '620', 3, 2, 0, 1, 0, 0, 'Officiis qui praesentium autem rem quibusdam aperiam.', 'Quo voluptatem omnis animi adipisci voluptas voluptas.');
INSERT INTO `visit_details` (`id`, `room_visit_id`, `adults_nomber`, `children_nomber`, `veg_breafast_nomber`, `non_veg_breafast_nomber`, `transfer_in_needed`, `transfer_out_needed`, `transfer_in_details`, `transfer_OUT_details`) VALUES ('206', '585', 2, 0, 1, 0, 1, 1, 'Provident rem quia quis sunt animi officia.', 'Omnis ut saepe tempore et adipisci id illo.');
INSERT INTO `visit_details` (`id`, `room_visit_id`, `adults_nomber`, `children_nomber`, `veg_breafast_nomber`, `non_veg_breafast_nomber`, `transfer_in_needed`, `transfer_out_needed`, `transfer_in_details`, `transfer_OUT_details`) VALUES ('207', '728', 1, 1, 1, 0, 1, 0, 'Vel quae ut odit libero assumenda.', 'Corporis facere sequi laborum mollitia.');
INSERT INTO `visit_details` (`id`, `room_visit_id`, `adults_nomber`, `children_nomber`, `veg_breafast_nomber`, `non_veg_breafast_nomber`, `transfer_in_needed`, `transfer_out_needed`, `transfer_in_details`, `transfer_OUT_details`) VALUES ('208', '557', 3, 0, 0, 0, 1, 0, 'Dolor aut aut nihil ea eum non et.', 'Hic omnis et earum veniam voluptas suscipit.');
INSERT INTO `visit_details` (`id`, `room_visit_id`, `adults_nomber`, `children_nomber`, `veg_breafast_nomber`, `non_veg_breafast_nomber`, `transfer_in_needed`, `transfer_out_needed`, `transfer_in_details`, `transfer_OUT_details`) VALUES ('209', '823', 2, 2, 0, 1, 0, 0, 'Animi ipsum consequatur consequatur dolorem aut praesentium.', 'Recusandae minus numquam excepturi nostrum.');
INSERT INTO `visit_details` (`id`, `room_visit_id`, `adults_nomber`, `children_nomber`, `veg_breafast_nomber`, `non_veg_breafast_nomber`, `transfer_in_needed`, `transfer_out_needed`, `transfer_in_details`, `transfer_OUT_details`) VALUES ('210', '776', 1, 2, 1, 1, 1, 0, 'Accusamus harum nostrum ea eum laboriosam deserunt qui.', 'Mollitia nulla enim nihil sunt necessitatibus iste.');
INSERT INTO `visit_details` (`id`, `room_visit_id`, `adults_nomber`, `children_nomber`, `veg_breafast_nomber`, `non_veg_breafast_nomber`, `transfer_in_needed`, `transfer_out_needed`, `transfer_in_details`, `transfer_OUT_details`) VALUES ('211', '728', 3, 1, 1, 1, 1, 0, 'Velit magni provident esse possimus.', 'Id autem nihil exercitationem facere.');
INSERT INTO `visit_details` (`id`, `room_visit_id`, `adults_nomber`, `children_nomber`, `veg_breafast_nomber`, `non_veg_breafast_nomber`, `transfer_in_needed`, `transfer_out_needed`, `transfer_in_details`, `transfer_OUT_details`) VALUES ('212', '979', 2, 0, 1, 0, 1, 0, 'Mollitia vel cumque dicta est asperiores commodi est sunt.', 'Minima odio sit omnis voluptatem quidem voluptatum.');
INSERT INTO `visit_details` (`id`, `room_visit_id`, `adults_nomber`, `children_nomber`, `veg_breafast_nomber`, `non_veg_breafast_nomber`, `transfer_in_needed`, `transfer_out_needed`, `transfer_in_details`, `transfer_OUT_details`) VALUES ('213', '871', 3, 0, 0, 1, 0, 0, 'Totam et in deserunt consequatur tempora ut.', 'Enim ab error repudiandae.');
INSERT INTO `visit_details` (`id`, `room_visit_id`, `adults_nomber`, `children_nomber`, `veg_breafast_nomber`, `non_veg_breafast_nomber`, `transfer_in_needed`, `transfer_out_needed`, `transfer_in_details`, `transfer_OUT_details`) VALUES ('214', '607', 1, 1, 1, 0, 1, 1, 'Eos inventore omnis sunt alias consequuntur iure quo.', 'Neque consequatur nam voluptatem sapiente sit.');
INSERT INTO `visit_details` (`id`, `room_visit_id`, `adults_nomber`, `children_nomber`, `veg_breafast_nomber`, `non_veg_breafast_nomber`, `transfer_in_needed`, `transfer_out_needed`, `transfer_in_details`, `transfer_OUT_details`) VALUES ('215', '790', 1, 1, 0, 1, 1, 1, 'Quis tenetur repudiandae mollitia eum enim qui quasi.', 'Exercitationem accusamus aut enim iste ab blanditiis.');
INSERT INTO `visit_details` (`id`, `room_visit_id`, `adults_nomber`, `children_nomber`, `veg_breafast_nomber`, `non_veg_breafast_nomber`, `transfer_in_needed`, `transfer_out_needed`, `transfer_in_details`, `transfer_OUT_details`) VALUES ('216', '551', 2, 1, 0, 0, 1, 1, 'Nihil repudiandae mollitia consequuntur.', 'Illo cupiditate ut ullam quos et.');
INSERT INTO `visit_details` (`id`, `room_visit_id`, `adults_nomber`, `children_nomber`, `veg_breafast_nomber`, `non_veg_breafast_nomber`, `transfer_in_needed`, `transfer_out_needed`, `transfer_in_details`, `transfer_OUT_details`) VALUES ('217', '558', 2, 2, 0, 0, 1, 0, 'Nulla vitae molestiae recusandae voluptates sunt.', 'Quam nisi consectetur aut sint sunt repellat non.');
INSERT INTO `visit_details` (`id`, `room_visit_id`, `adults_nomber`, `children_nomber`, `veg_breafast_nomber`, `non_veg_breafast_nomber`, `transfer_in_needed`, `transfer_out_needed`, `transfer_in_details`, `transfer_OUT_details`) VALUES ('218', '623', 3, 1, 1, 1, 0, 0, 'In minus nam suscipit deserunt aspernatur.', 'Saepe hic et officia et.');
INSERT INTO `visit_details` (`id`, `room_visit_id`, `adults_nomber`, `children_nomber`, `veg_breafast_nomber`, `non_veg_breafast_nomber`, `transfer_in_needed`, `transfer_out_needed`, `transfer_in_details`, `transfer_OUT_details`) VALUES ('219', '870', 3, 1, 1, 1, 0, 1, 'Maxime saepe natus odit sunt aut qui.', 'Natus exercitationem aspernatur qui.');
INSERT INTO `visit_details` (`id`, `room_visit_id`, `adults_nomber`, `children_nomber`, `veg_breafast_nomber`, `non_veg_breafast_nomber`, `transfer_in_needed`, `transfer_out_needed`, `transfer_in_details`, `transfer_OUT_details`) VALUES ('220', '809', 1, 2, 1, 0, 1, 0, 'Aut earum sunt quam inventore corporis dolorem.', 'Repellat dolorem impedit sunt voluptatem alias iusto tempora.');
INSERT INTO `visit_details` (`id`, `room_visit_id`, `adults_nomber`, `children_nomber`, `veg_breafast_nomber`, `non_veg_breafast_nomber`, `transfer_in_needed`, `transfer_out_needed`, `transfer_in_details`, `transfer_OUT_details`) VALUES ('221', '756', 3, 0, 1, 0, 1, 0, 'Velit et voluptatem numquam ullam omnis.', 'Dolorum suscipit facere aut tempore repellendus porro autem.');
INSERT INTO `visit_details` (`id`, `room_visit_id`, `adults_nomber`, `children_nomber`, `veg_breafast_nomber`, `non_veg_breafast_nomber`, `transfer_in_needed`, `transfer_out_needed`, `transfer_in_details`, `transfer_OUT_details`) VALUES ('222', '900', 2, 2, 0, 0, 1, 0, 'Ut aliquid hic in suscipit excepturi enim ab.', 'Corrupti eos minus debitis tempore eaque.');
INSERT INTO `visit_details` (`id`, `room_visit_id`, `adults_nomber`, `children_nomber`, `veg_breafast_nomber`, `non_veg_breafast_nomber`, `transfer_in_needed`, `transfer_out_needed`, `transfer_in_details`, `transfer_OUT_details`) VALUES ('223', '579', 1, 0, 0, 1, 1, 1, 'Iusto dicta aspernatur laboriosam provident odio rerum enim.', 'Ipsa voluptas molestiae alias vero voluptas labore quis ut.');
INSERT INTO `visit_details` (`id`, `room_visit_id`, `adults_nomber`, `children_nomber`, `veg_breafast_nomber`, `non_veg_breafast_nomber`, `transfer_in_needed`, `transfer_out_needed`, `transfer_in_details`, `transfer_OUT_details`) VALUES ('224', '589', 1, 1, 0, 1, 1, 1, 'Quaerat omnis rerum atque non.', 'Eos et porro et totam.');
INSERT INTO `visit_details` (`id`, `room_visit_id`, `adults_nomber`, `children_nomber`, `veg_breafast_nomber`, `non_veg_breafast_nomber`, `transfer_in_needed`, `transfer_out_needed`, `transfer_in_details`, `transfer_OUT_details`) VALUES ('225', '508', 3, 2, 0, 1, 0, 0, 'Odio aspernatur minus tempore occaecati excepturi ex.', 'Consectetur vitae quos quia nihil aliquid repudiandae nulla.');
INSERT INTO `visit_details` (`id`, `room_visit_id`, `adults_nomber`, `children_nomber`, `veg_breafast_nomber`, `non_veg_breafast_nomber`, `transfer_in_needed`, `transfer_out_needed`, `transfer_in_details`, `transfer_OUT_details`) VALUES ('226', '617', 3, 2, 0, 1, 1, 1, 'Ipsum harum qui nulla quae assumenda.', 'Ipsa minima delectus et.');
INSERT INTO `visit_details` (`id`, `room_visit_id`, `adults_nomber`, `children_nomber`, `veg_breafast_nomber`, `non_veg_breafast_nomber`, `transfer_in_needed`, `transfer_out_needed`, `transfer_in_details`, `transfer_OUT_details`) VALUES ('227', '668', 2, 1, 1, 1, 0, 1, 'Accusamus iure labore dolorem explicabo dolorum doloremque.', 'Enim fugiat iusto atque cum iusto.');
INSERT INTO `visit_details` (`id`, `room_visit_id`, `adults_nomber`, `children_nomber`, `veg_breafast_nomber`, `non_veg_breafast_nomber`, `transfer_in_needed`, `transfer_out_needed`, `transfer_in_details`, `transfer_OUT_details`) VALUES ('228', '628', 1, 2, 0, 0, 0, 0, 'Nam suscipit deserunt ex eveniet iusto voluptate illo.', 'Libero in dolorem expedita neque consequuntur.');
INSERT INTO `visit_details` (`id`, `room_visit_id`, `adults_nomber`, `children_nomber`, `veg_breafast_nomber`, `non_veg_breafast_nomber`, `transfer_in_needed`, `transfer_out_needed`, `transfer_in_details`, `transfer_OUT_details`) VALUES ('229', '572', 3, 2, 0, 1, 1, 0, 'Suscipit atque dicta praesentium nesciunt occaecati.', 'Non voluptates ratione culpa.');
INSERT INTO `visit_details` (`id`, `room_visit_id`, `adults_nomber`, `children_nomber`, `veg_breafast_nomber`, `non_veg_breafast_nomber`, `transfer_in_needed`, `transfer_out_needed`, `transfer_in_details`, `transfer_OUT_details`) VALUES ('230', '709', 2, 2, 0, 1, 0, 1, 'Sed eligendi et perferendis ut voluptates esse iste.', 'Autem a est ipsum nisi excepturi.');
INSERT INTO `visit_details` (`id`, `room_visit_id`, `adults_nomber`, `children_nomber`, `veg_breafast_nomber`, `non_veg_breafast_nomber`, `transfer_in_needed`, `transfer_out_needed`, `transfer_in_details`, `transfer_OUT_details`) VALUES ('231', '663', 1, 1, 0, 1, 1, 0, 'Ut nesciunt harum voluptatem ipsa quibusdam non et.', 'Omnis quia voluptas ducimus cupiditate velit dignissimos.');
INSERT INTO `visit_details` (`id`, `room_visit_id`, `adults_nomber`, `children_nomber`, `veg_breafast_nomber`, `non_veg_breafast_nomber`, `transfer_in_needed`, `transfer_out_needed`, `transfer_in_details`, `transfer_OUT_details`) VALUES ('232', '672', 2, 0, 1, 0, 0, 1, 'Molestiae distinctio nostrum culpa sint dolore fuga voluptas.', 'Quibusdam molestias qui esse et consequatur.');
INSERT INTO `visit_details` (`id`, `room_visit_id`, `adults_nomber`, `children_nomber`, `veg_breafast_nomber`, `non_veg_breafast_nomber`, `transfer_in_needed`, `transfer_out_needed`, `transfer_in_details`, `transfer_OUT_details`) VALUES ('233', '976', 3, 1, 0, 0, 0, 1, 'Doloribus repellendus id consequatur et totam aut qui.', 'Magni maxime et natus qui et nobis.');
INSERT INTO `visit_details` (`id`, `room_visit_id`, `adults_nomber`, `children_nomber`, `veg_breafast_nomber`, `non_veg_breafast_nomber`, `transfer_in_needed`, `transfer_out_needed`, `transfer_in_details`, `transfer_OUT_details`) VALUES ('234', '969', 3, 0, 0, 0, 1, 0, 'Accusamus libero voluptatem earum labore dolor voluptatibus.', 'Eius aut id autem sit.');
INSERT INTO `visit_details` (`id`, `room_visit_id`, `adults_nomber`, `children_nomber`, `veg_breafast_nomber`, `non_veg_breafast_nomber`, `transfer_in_needed`, `transfer_out_needed`, `transfer_in_details`, `transfer_OUT_details`) VALUES ('235', '941', 2, 0, 1, 0, 1, 0, 'Vero qui totam dolor voluptas possimus consequatur omnis excepturi.', 'Sed qui laboriosam facere culpa ut.');
INSERT INTO `visit_details` (`id`, `room_visit_id`, `adults_nomber`, `children_nomber`, `veg_breafast_nomber`, `non_veg_breafast_nomber`, `transfer_in_needed`, `transfer_out_needed`, `transfer_in_details`, `transfer_OUT_details`) VALUES ('236', '615', 1, 2, 0, 0, 1, 0, 'Qui commodi sed nesciunt sint quis ullam quis.', 'Voluptates tenetur consectetur nostrum labore neque qui magnam.');
INSERT INTO `visit_details` (`id`, `room_visit_id`, `adults_nomber`, `children_nomber`, `veg_breafast_nomber`, `non_veg_breafast_nomber`, `transfer_in_needed`, `transfer_out_needed`, `transfer_in_details`, `transfer_OUT_details`) VALUES ('237', '572', 1, 0, 1, 1, 1, 1, 'Nihil culpa sunt veritatis quod.', 'Pariatur exercitationem provident dolores ut aut.');
INSERT INTO `visit_details` (`id`, `room_visit_id`, `adults_nomber`, `children_nomber`, `veg_breafast_nomber`, `non_veg_breafast_nomber`, `transfer_in_needed`, `transfer_out_needed`, `transfer_in_details`, `transfer_OUT_details`) VALUES ('238', '688', 3, 2, 1, 0, 1, 1, 'Esse unde officia et incidunt praesentium omnis.', 'Reprehenderit ut voluptatem possimus voluptatem et.');
INSERT INTO `visit_details` (`id`, `room_visit_id`, `adults_nomber`, `children_nomber`, `veg_breafast_nomber`, `non_veg_breafast_nomber`, `transfer_in_needed`, `transfer_out_needed`, `transfer_in_details`, `transfer_OUT_details`) VALUES ('239', '672', 2, 2, 1, 0, 1, 1, 'Architecto mollitia non exercitationem animi.', 'Quis voluptatem aperiam qui sequi mollitia.');
INSERT INTO `visit_details` (`id`, `room_visit_id`, `adults_nomber`, `children_nomber`, `veg_breafast_nomber`, `non_veg_breafast_nomber`, `transfer_in_needed`, `transfer_out_needed`, `transfer_in_details`, `transfer_OUT_details`) VALUES ('240', '895', 2, 2, 1, 0, 0, 1, 'Error voluptatum vitae sed enim et molestiae consequatur.', 'Ex voluptatibus saepe distinctio quae.');
INSERT INTO `visit_details` (`id`, `room_visit_id`, `adults_nomber`, `children_nomber`, `veg_breafast_nomber`, `non_veg_breafast_nomber`, `transfer_in_needed`, `transfer_out_needed`, `transfer_in_details`, `transfer_OUT_details`) VALUES ('241', '963', 3, 2, 1, 0, 1, 0, 'Dolor in nostrum qui quasi.', 'Autem velit illo aut explicabo nemo temporibus.');
INSERT INTO `visit_details` (`id`, `room_visit_id`, `adults_nomber`, `children_nomber`, `veg_breafast_nomber`, `non_veg_breafast_nomber`, `transfer_in_needed`, `transfer_out_needed`, `transfer_in_details`, `transfer_OUT_details`) VALUES ('242', '899', 2, 1, 0, 1, 0, 0, 'Quisquam ipsam voluptate commodi est eos accusamus.', 'Labore ut sit omnis laboriosam.');
INSERT INTO `visit_details` (`id`, `room_visit_id`, `adults_nomber`, `children_nomber`, `veg_breafast_nomber`, `non_veg_breafast_nomber`, `transfer_in_needed`, `transfer_out_needed`, `transfer_in_details`, `transfer_OUT_details`) VALUES ('243', '893', 1, 1, 1, 1, 1, 1, 'Consequuntur suscipit quis ut omnis eos earum doloremque.', 'Voluptatem nesciunt non et quo consequuntur.');
INSERT INTO `visit_details` (`id`, `room_visit_id`, `adults_nomber`, `children_nomber`, `veg_breafast_nomber`, `non_veg_breafast_nomber`, `transfer_in_needed`, `transfer_out_needed`, `transfer_in_details`, `transfer_OUT_details`) VALUES ('244', '853', 1, 2, 0, 1, 1, 1, 'Aut rem consequuntur fugit corporis inventore similique sint.', 'Dicta quasi modi perspiciatis repudiandae.');
INSERT INTO `visit_details` (`id`, `room_visit_id`, `adults_nomber`, `children_nomber`, `veg_breafast_nomber`, `non_veg_breafast_nomber`, `transfer_in_needed`, `transfer_out_needed`, `transfer_in_details`, `transfer_OUT_details`) VALUES ('245', '525', 3, 2, 1, 0, 1, 1, 'Quisquam et aliquid magni magnam deleniti.', 'Possimus quod dicta dolorem deserunt aut voluptatum nostrum.');
INSERT INTO `visit_details` (`id`, `room_visit_id`, `adults_nomber`, `children_nomber`, `veg_breafast_nomber`, `non_veg_breafast_nomber`, `transfer_in_needed`, `transfer_out_needed`, `transfer_in_details`, `transfer_OUT_details`) VALUES ('246', '701', 2, 1, 1, 1, 1, 0, 'Consequuntur impedit praesentium ratione aliquid ea ipsum accusamus.', 'Labore nostrum cumque ab odio amet.');
INSERT INTO `visit_details` (`id`, `room_visit_id`, `adults_nomber`, `children_nomber`, `veg_breafast_nomber`, `non_veg_breafast_nomber`, `transfer_in_needed`, `transfer_out_needed`, `transfer_in_details`, `transfer_OUT_details`) VALUES ('247', '903', 3, 0, 0, 0, 1, 0, 'Ducimus tempora enim quos ipsa magni.', 'Sed nulla omnis dolores praesentium voluptas temporibus debitis ipsam.');
INSERT INTO `visit_details` (`id`, `room_visit_id`, `adults_nomber`, `children_nomber`, `veg_breafast_nomber`, `non_veg_breafast_nomber`, `transfer_in_needed`, `transfer_out_needed`, `transfer_in_details`, `transfer_OUT_details`) VALUES ('248', '582', 1, 2, 1, 0, 1, 0, 'Eius voluptatibus provident aspernatur dolor voluptas laborum.', 'Velit et repellendus officia praesentium non.');
INSERT INTO `visit_details` (`id`, `room_visit_id`, `adults_nomber`, `children_nomber`, `veg_breafast_nomber`, `non_veg_breafast_nomber`, `transfer_in_needed`, `transfer_out_needed`, `transfer_in_details`, `transfer_OUT_details`) VALUES ('249', '824', 2, 0, 0, 0, 0, 1, 'Fuga totam excepturi ullam voluptatem.', 'Ratione voluptatibus ut quasi possimus voluptatibus qui sunt.');
INSERT INTO `visit_details` (`id`, `room_visit_id`, `adults_nomber`, `children_nomber`, `veg_breafast_nomber`, `non_veg_breafast_nomber`, `transfer_in_needed`, `transfer_out_needed`, `transfer_in_details`, `transfer_OUT_details`) VALUES ('250', '792', 3, 2, 0, 1, 0, 0, 'Soluta blanditiis consequatur omnis omnis quasi.', 'Cum autem ut at.');
INSERT INTO `visit_details` (`id`, `room_visit_id`, `adults_nomber`, `children_nomber`, `veg_breafast_nomber`, `non_veg_breafast_nomber`, `transfer_in_needed`, `transfer_out_needed`, `transfer_in_details`, `transfer_OUT_details`) VALUES ('251', '890', 1, 1, 0, 1, 0, 0, 'Impedit ipsam soluta aperiam exercitationem rerum atque quia.', 'Consequatur modi similique laborum omnis.');
INSERT INTO `visit_details` (`id`, `room_visit_id`, `adults_nomber`, `children_nomber`, `veg_breafast_nomber`, `non_veg_breafast_nomber`, `transfer_in_needed`, `transfer_out_needed`, `transfer_in_details`, `transfer_OUT_details`) VALUES ('252', '598', 2, 0, 1, 1, 0, 1, 'Non in quos neque aut.', 'Illum perferendis sit aut aliquid officia expedita id adipisci.');
INSERT INTO `visit_details` (`id`, `room_visit_id`, `adults_nomber`, `children_nomber`, `veg_breafast_nomber`, `non_veg_breafast_nomber`, `transfer_in_needed`, `transfer_out_needed`, `transfer_in_details`, `transfer_OUT_details`) VALUES ('253', '710', 2, 0, 0, 1, 0, 1, 'Ullam rerum officia pariatur expedita.', 'Cumque sit cumque at saepe magnam molestias laboriosam et.');
INSERT INTO `visit_details` (`id`, `room_visit_id`, `adults_nomber`, `children_nomber`, `veg_breafast_nomber`, `non_veg_breafast_nomber`, `transfer_in_needed`, `transfer_out_needed`, `transfer_in_details`, `transfer_OUT_details`) VALUES ('254', '968', 2, 0, 0, 0, 1, 0, 'Cum in quae est quod deleniti.', 'Ut dolor porro aut nulla nihil sunt.');
INSERT INTO `visit_details` (`id`, `room_visit_id`, `adults_nomber`, `children_nomber`, `veg_breafast_nomber`, `non_veg_breafast_nomber`, `transfer_in_needed`, `transfer_out_needed`, `transfer_in_details`, `transfer_OUT_details`) VALUES ('255', '686', 1, 2, 1, 0, 0, 1, 'Possimus quis quisquam beatae sequi.', 'Vel odio nisi quo rerum necessitatibus ut quam.');
INSERT INTO `visit_details` (`id`, `room_visit_id`, `adults_nomber`, `children_nomber`, `veg_breafast_nomber`, `non_veg_breafast_nomber`, `transfer_in_needed`, `transfer_out_needed`, `transfer_in_details`, `transfer_OUT_details`) VALUES ('256', '718', 2, 1, 0, 1, 1, 1, 'Dolor voluptatibus qui odio deleniti.', 'Repellat unde sed delectus enim ea quia magnam.');
INSERT INTO `visit_details` (`id`, `room_visit_id`, `adults_nomber`, `children_nomber`, `veg_breafast_nomber`, `non_veg_breafast_nomber`, `transfer_in_needed`, `transfer_out_needed`, `transfer_in_details`, `transfer_OUT_details`) VALUES ('257', '604', 3, 1, 1, 0, 1, 1, 'Ullam iusto dolorem dolorem fuga.', 'Consequatur debitis et mollitia dolores quibusdam.');
INSERT INTO `visit_details` (`id`, `room_visit_id`, `adults_nomber`, `children_nomber`, `veg_breafast_nomber`, `non_veg_breafast_nomber`, `transfer_in_needed`, `transfer_out_needed`, `transfer_in_details`, `transfer_OUT_details`) VALUES ('258', '853', 3, 2, 0, 0, 1, 0, 'Ea voluptates asperiores eos porro facere hic quis.', 'Est aut in quo suscipit voluptas.');
INSERT INTO `visit_details` (`id`, `room_visit_id`, `adults_nomber`, `children_nomber`, `veg_breafast_nomber`, `non_veg_breafast_nomber`, `transfer_in_needed`, `transfer_out_needed`, `transfer_in_details`, `transfer_OUT_details`) VALUES ('259', '845', 1, 1, 0, 0, 1, 0, 'Consequatur rerum facilis dolorem eaque omnis iure sit explicabo.', 'Ullam magni praesentium corrupti dolorem.');
INSERT INTO `visit_details` (`id`, `room_visit_id`, `adults_nomber`, `children_nomber`, `veg_breafast_nomber`, `non_veg_breafast_nomber`, `transfer_in_needed`, `transfer_out_needed`, `transfer_in_details`, `transfer_OUT_details`) VALUES ('260', '675', 3, 1, 1, 0, 0, 1, 'Labore aut reprehenderit consequatur.', 'Error incidunt soluta excepturi dolorum nihil eligendi autem.');
INSERT INTO `visit_details` (`id`, `room_visit_id`, `adults_nomber`, `children_nomber`, `veg_breafast_nomber`, `non_veg_breafast_nomber`, `transfer_in_needed`, `transfer_out_needed`, `transfer_in_details`, `transfer_OUT_details`) VALUES ('261', '581', 2, 0, 1, 0, 0, 1, 'Qui ratione nihil quidem distinctio impedit.', 'Aliquid recusandae corporis voluptatem dolores maxime non.');
INSERT INTO `visit_details` (`id`, `room_visit_id`, `adults_nomber`, `children_nomber`, `veg_breafast_nomber`, `non_veg_breafast_nomber`, `transfer_in_needed`, `transfer_out_needed`, `transfer_in_details`, `transfer_OUT_details`) VALUES ('262', '527', 1, 2, 0, 1, 1, 1, 'Aliquam et asperiores et dolor deserunt ut.', 'Ad cum fugit modi perferendis quibusdam.');
INSERT INTO `visit_details` (`id`, `room_visit_id`, `adults_nomber`, `children_nomber`, `veg_breafast_nomber`, `non_veg_breafast_nomber`, `transfer_in_needed`, `transfer_out_needed`, `transfer_in_details`, `transfer_OUT_details`) VALUES ('263', '847', 1, 2, 0, 0, 1, 0, 'Voluptatum iure magnam sunt reiciendis dolorem velit rerum.', 'Ad a molestiae maxime quam.');
INSERT INTO `visit_details` (`id`, `room_visit_id`, `adults_nomber`, `children_nomber`, `veg_breafast_nomber`, `non_veg_breafast_nomber`, `transfer_in_needed`, `transfer_out_needed`, `transfer_in_details`, `transfer_OUT_details`) VALUES ('264', '576', 3, 1, 1, 0, 1, 1, 'Provident distinctio cum est explicabo et ut ab.', 'Consequatur consequatur occaecati debitis sapiente non.');
INSERT INTO `visit_details` (`id`, `room_visit_id`, `adults_nomber`, `children_nomber`, `veg_breafast_nomber`, `non_veg_breafast_nomber`, `transfer_in_needed`, `transfer_out_needed`, `transfer_in_details`, `transfer_OUT_details`) VALUES ('265', '514', 2, 2, 1, 0, 1, 1, 'Perspiciatis omnis autem et numquam ipsa consequatur optio placeat.', 'Mollitia exercitationem delectus totam similique nihil voluptas natus.');
INSERT INTO `visit_details` (`id`, `room_visit_id`, `adults_nomber`, `children_nomber`, `veg_breafast_nomber`, `non_veg_breafast_nomber`, `transfer_in_needed`, `transfer_out_needed`, `transfer_in_details`, `transfer_OUT_details`) VALUES ('266', '807', 2, 2, 0, 1, 1, 0, 'Et consequatur voluptates modi aut molestiae nostrum.', 'At ut fuga eum incidunt delectus libero.');
INSERT INTO `visit_details` (`id`, `room_visit_id`, `adults_nomber`, `children_nomber`, `veg_breafast_nomber`, `non_veg_breafast_nomber`, `transfer_in_needed`, `transfer_out_needed`, `transfer_in_details`, `transfer_OUT_details`) VALUES ('267', '691', 2, 0, 0, 1, 1, 0, 'Possimus maiores nesciunt similique autem non repellat quo veritatis.', 'Cum dignissimos voluptas suscipit provident et provident autem amet.');
INSERT INTO `visit_details` (`id`, `room_visit_id`, `adults_nomber`, `children_nomber`, `veg_breafast_nomber`, `non_veg_breafast_nomber`, `transfer_in_needed`, `transfer_out_needed`, `transfer_in_details`, `transfer_OUT_details`) VALUES ('268', '586', 1, 0, 1, 1, 1, 0, 'Fuga magni quae qui consectetur.', 'Aut tempore architecto minus iure eos.');
INSERT INTO `visit_details` (`id`, `room_visit_id`, `adults_nomber`, `children_nomber`, `veg_breafast_nomber`, `non_veg_breafast_nomber`, `transfer_in_needed`, `transfer_out_needed`, `transfer_in_details`, `transfer_OUT_details`) VALUES ('269', '514', 2, 2, 0, 0, 0, 1, 'Ullam incidunt sunt ut totam quidem dolore voluptas.', 'Et dicta at sint mollitia sint.');
INSERT INTO `visit_details` (`id`, `room_visit_id`, `adults_nomber`, `children_nomber`, `veg_breafast_nomber`, `non_veg_breafast_nomber`, `transfer_in_needed`, `transfer_out_needed`, `transfer_in_details`, `transfer_OUT_details`) VALUES ('270', '862', 3, 0, 1, 0, 0, 1, 'Laudantium veniam modi velit alias et.', 'Ullam et quis veniam cumque consequatur vitae consequatur.');
INSERT INTO `visit_details` (`id`, `room_visit_id`, `adults_nomber`, `children_nomber`, `veg_breafast_nomber`, `non_veg_breafast_nomber`, `transfer_in_needed`, `transfer_out_needed`, `transfer_in_details`, `transfer_OUT_details`) VALUES ('271', '981', 2, 0, 0, 1, 0, 0, 'Hic et amet eum ut ut minima dolorem.', 'Quos quas minima ut ducimus voluptas.');
INSERT INTO `visit_details` (`id`, `room_visit_id`, `adults_nomber`, `children_nomber`, `veg_breafast_nomber`, `non_veg_breafast_nomber`, `transfer_in_needed`, `transfer_out_needed`, `transfer_in_details`, `transfer_OUT_details`) VALUES ('272', '977', 1, 1, 0, 0, 0, 0, 'Consectetur ut aut quia deleniti ipsam.', 'Qui ratione porro vero voluptas.');
INSERT INTO `visit_details` (`id`, `room_visit_id`, `adults_nomber`, `children_nomber`, `veg_breafast_nomber`, `non_veg_breafast_nomber`, `transfer_in_needed`, `transfer_out_needed`, `transfer_in_details`, `transfer_OUT_details`) VALUES ('273', '779', 3, 1, 1, 1, 0, 0, 'Dignissimos dolorum laborum ut quidem cum sint.', 'Voluptate vel est asperiores rerum dolores.');
INSERT INTO `visit_details` (`id`, `room_visit_id`, `adults_nomber`, `children_nomber`, `veg_breafast_nomber`, `non_veg_breafast_nomber`, `transfer_in_needed`, `transfer_out_needed`, `transfer_in_details`, `transfer_OUT_details`) VALUES ('274', '892', 2, 1, 1, 1, 0, 1, 'Ut ipsum quia consequuntur ex sit in.', 'Ipsam blanditiis expedita sed modi maxime quibusdam voluptatem.');
INSERT INTO `visit_details` (`id`, `room_visit_id`, `adults_nomber`, `children_nomber`, `veg_breafast_nomber`, `non_veg_breafast_nomber`, `transfer_in_needed`, `transfer_out_needed`, `transfer_in_details`, `transfer_OUT_details`) VALUES ('275', '848', 2, 2, 0, 1, 1, 0, 'Maxime ut impedit quia quia distinctio vero inventore.', 'Eum officiis omnis corrupti sequi odit dolores.');
INSERT INTO `visit_details` (`id`, `room_visit_id`, `adults_nomber`, `children_nomber`, `veg_breafast_nomber`, `non_veg_breafast_nomber`, `transfer_in_needed`, `transfer_out_needed`, `transfer_in_details`, `transfer_OUT_details`) VALUES ('276', '804', 2, 1, 1, 1, 0, 0, 'Quisquam molestias facilis autem consequatur ut.', 'Fugiat reiciendis explicabo eos nihil quod dignissimos assumenda.');
INSERT INTO `visit_details` (`id`, `room_visit_id`, `adults_nomber`, `children_nomber`, `veg_breafast_nomber`, `non_veg_breafast_nomber`, `transfer_in_needed`, `transfer_out_needed`, `transfer_in_details`, `transfer_OUT_details`) VALUES ('277', '612', 1, 2, 0, 0, 1, 1, 'Quidem aperiam non sit ut aut.', 'Est ipsa aut ex distinctio quae sed.');
INSERT INTO `visit_details` (`id`, `room_visit_id`, `adults_nomber`, `children_nomber`, `veg_breafast_nomber`, `non_veg_breafast_nomber`, `transfer_in_needed`, `transfer_out_needed`, `transfer_in_details`, `transfer_OUT_details`) VALUES ('278', '770', 1, 2, 1, 1, 1, 0, 'Est itaque tempore vel dignissimos minima.', 'Illo totam atque neque enim sit reiciendis.');
INSERT INTO `visit_details` (`id`, `room_visit_id`, `adults_nomber`, `children_nomber`, `veg_breafast_nomber`, `non_veg_breafast_nomber`, `transfer_in_needed`, `transfer_out_needed`, `transfer_in_details`, `transfer_OUT_details`) VALUES ('279', '885', 2, 1, 0, 1, 0, 1, 'Consequatur ratione est maxime delectus corporis.', 'Quam in ut nesciunt molestias quis.');
INSERT INTO `visit_details` (`id`, `room_visit_id`, `adults_nomber`, `children_nomber`, `veg_breafast_nomber`, `non_veg_breafast_nomber`, `transfer_in_needed`, `transfer_out_needed`, `transfer_in_details`, `transfer_OUT_details`) VALUES ('280', '935', 1, 0, 1, 0, 0, 0, 'Odit asperiores sed laborum corporis a.', 'Rerum suscipit sit amet ducimus facilis.');
INSERT INTO `visit_details` (`id`, `room_visit_id`, `adults_nomber`, `children_nomber`, `veg_breafast_nomber`, `non_veg_breafast_nomber`, `transfer_in_needed`, `transfer_out_needed`, `transfer_in_details`, `transfer_OUT_details`) VALUES ('281', '580', 3, 1, 1, 0, 0, 1, 'Nobis libero culpa tempore ad atque rerum.', 'Beatae sed illum cupiditate aut est sed architecto.');
INSERT INTO `visit_details` (`id`, `room_visit_id`, `adults_nomber`, `children_nomber`, `veg_breafast_nomber`, `non_veg_breafast_nomber`, `transfer_in_needed`, `transfer_out_needed`, `transfer_in_details`, `transfer_OUT_details`) VALUES ('282', '794', 2, 1, 0, 0, 1, 1, 'Tenetur in at dolorem aperiam laboriosam laboriosam omnis.', 'Rerum velit nemo alias aut porro.');
INSERT INTO `visit_details` (`id`, `room_visit_id`, `adults_nomber`, `children_nomber`, `veg_breafast_nomber`, `non_veg_breafast_nomber`, `transfer_in_needed`, `transfer_out_needed`, `transfer_in_details`, `transfer_OUT_details`) VALUES ('283', '552', 1, 1, 0, 1, 0, 0, 'Accusamus qui molestiae minima quod sunt et.', 'Aliquam temporibus cupiditate eos molestiae architecto asperiores rem.');
INSERT INTO `visit_details` (`id`, `room_visit_id`, `adults_nomber`, `children_nomber`, `veg_breafast_nomber`, `non_veg_breafast_nomber`, `transfer_in_needed`, `transfer_out_needed`, `transfer_in_details`, `transfer_OUT_details`) VALUES ('284', '790', 3, 0, 0, 0, 1, 0, 'Voluptatum ut provident commodi.', 'Pariatur sint rerum laborum ratione rerum architecto.');
INSERT INTO `visit_details` (`id`, `room_visit_id`, `adults_nomber`, `children_nomber`, `veg_breafast_nomber`, `non_veg_breafast_nomber`, `transfer_in_needed`, `transfer_out_needed`, `transfer_in_details`, `transfer_OUT_details`) VALUES ('285', '781', 1, 0, 1, 1, 1, 1, 'Eligendi ea harum earum fuga unde.', 'Eaque quo quia aliquid in facilis.');
INSERT INTO `visit_details` (`id`, `room_visit_id`, `adults_nomber`, `children_nomber`, `veg_breafast_nomber`, `non_veg_breafast_nomber`, `transfer_in_needed`, `transfer_out_needed`, `transfer_in_details`, `transfer_OUT_details`) VALUES ('286', '737', 2, 2, 0, 0, 1, 1, 'Modi et cumque nemo maxime est.', 'Assumenda reprehenderit consectetur sint et.');
INSERT INTO `visit_details` (`id`, `room_visit_id`, `adults_nomber`, `children_nomber`, `veg_breafast_nomber`, `non_veg_breafast_nomber`, `transfer_in_needed`, `transfer_out_needed`, `transfer_in_details`, `transfer_OUT_details`) VALUES ('287', '526', 2, 2, 1, 1, 1, 0, 'Occaecati pariatur quia maiores adipisci ducimus ut.', 'Illum itaque libero aut molestias occaecati.');
INSERT INTO `visit_details` (`id`, `room_visit_id`, `adults_nomber`, `children_nomber`, `veg_breafast_nomber`, `non_veg_breafast_nomber`, `transfer_in_needed`, `transfer_out_needed`, `transfer_in_details`, `transfer_OUT_details`) VALUES ('288', '884', 2, 0, 1, 0, 1, 0, 'Distinctio odio cum deleniti fuga eos.', 'Nulla labore qui quis accusantium autem similique sapiente.');
INSERT INTO `visit_details` (`id`, `room_visit_id`, `adults_nomber`, `children_nomber`, `veg_breafast_nomber`, `non_veg_breafast_nomber`, `transfer_in_needed`, `transfer_out_needed`, `transfer_in_details`, `transfer_OUT_details`) VALUES ('289', '609', 2, 0, 1, 1, 0, 1, 'Quis necessitatibus consequatur totam aut delectus.', 'Et facere dolorem sed.');
INSERT INTO `visit_details` (`id`, `room_visit_id`, `adults_nomber`, `children_nomber`, `veg_breafast_nomber`, `non_veg_breafast_nomber`, `transfer_in_needed`, `transfer_out_needed`, `transfer_in_details`, `transfer_OUT_details`) VALUES ('290', '871', 1, 2, 0, 0, 0, 1, 'Placeat voluptates minima itaque blanditiis asperiores qui assumenda.', 'Laborum quisquam occaecati nihil libero corporis doloribus doloremque.');
INSERT INTO `visit_details` (`id`, `room_visit_id`, `adults_nomber`, `children_nomber`, `veg_breafast_nomber`, `non_veg_breafast_nomber`, `transfer_in_needed`, `transfer_out_needed`, `transfer_in_details`, `transfer_OUT_details`) VALUES ('291', '578', 3, 1, 0, 1, 1, 0, 'Maxime quis ducimus qui corrupti sit alias.', 'Tempora debitis molestias magni sed ipsam nemo.');
INSERT INTO `visit_details` (`id`, `room_visit_id`, `adults_nomber`, `children_nomber`, `veg_breafast_nomber`, `non_veg_breafast_nomber`, `transfer_in_needed`, `transfer_out_needed`, `transfer_in_details`, `transfer_OUT_details`) VALUES ('292', '689', 3, 0, 0, 1, 0, 0, 'Ducimus illum nihil sed ea sequi amet.', 'Deleniti sequi qui animi rerum corporis.');
INSERT INTO `visit_details` (`id`, `room_visit_id`, `adults_nomber`, `children_nomber`, `veg_breafast_nomber`, `non_veg_breafast_nomber`, `transfer_in_needed`, `transfer_out_needed`, `transfer_in_details`, `transfer_OUT_details`) VALUES ('293', '898', 2, 1, 0, 0, 0, 1, 'Quis ex est a itaque illo molestiae excepturi.', 'Mollitia qui molestiae et veniam error doloremque impedit minus.');
INSERT INTO `visit_details` (`id`, `room_visit_id`, `adults_nomber`, `children_nomber`, `veg_breafast_nomber`, `non_veg_breafast_nomber`, `transfer_in_needed`, `transfer_out_needed`, `transfer_in_details`, `transfer_OUT_details`) VALUES ('294', '925', 1, 0, 0, 1, 1, 0, 'Dolorem quasi ut culpa.', 'Adipisci aliquid quaerat et quod perferendis ipsa id vitae.');
INSERT INTO `visit_details` (`id`, `room_visit_id`, `adults_nomber`, `children_nomber`, `veg_breafast_nomber`, `non_veg_breafast_nomber`, `transfer_in_needed`, `transfer_out_needed`, `transfer_in_details`, `transfer_OUT_details`) VALUES ('295', '765', 2, 0, 1, 0, 0, 1, 'Aspernatur ipsam consectetur doloribus perspiciatis.', 'Voluptatem et et unde officia voluptas voluptatem autem rem.');
INSERT INTO `visit_details` (`id`, `room_visit_id`, `adults_nomber`, `children_nomber`, `veg_breafast_nomber`, `non_veg_breafast_nomber`, `transfer_in_needed`, `transfer_out_needed`, `transfer_in_details`, `transfer_OUT_details`) VALUES ('296', '912', 2, 0, 0, 1, 1, 0, 'Repellat aut id tempora sint itaque sit.', 'Totam ipsam quidem voluptatem vitae soluta.');
INSERT INTO `visit_details` (`id`, `room_visit_id`, `adults_nomber`, `children_nomber`, `veg_breafast_nomber`, `non_veg_breafast_nomber`, `transfer_in_needed`, `transfer_out_needed`, `transfer_in_details`, `transfer_OUT_details`) VALUES ('297', '751', 2, 2, 0, 0, 0, 0, 'Nostrum quae dolor alias ratione maxime quaerat.', 'Dignissimos consequuntur et cupiditate necessitatibus.');
INSERT INTO `visit_details` (`id`, `room_visit_id`, `adults_nomber`, `children_nomber`, `veg_breafast_nomber`, `non_veg_breafast_nomber`, `transfer_in_needed`, `transfer_out_needed`, `transfer_in_details`, `transfer_OUT_details`) VALUES ('298', '955', 1, 1, 1, 0, 1, 1, 'Reprehenderit sit ut laborum fugit.', 'Nisi ut soluta dolorem libero eum quos.');
INSERT INTO `visit_details` (`id`, `room_visit_id`, `adults_nomber`, `children_nomber`, `veg_breafast_nomber`, `non_veg_breafast_nomber`, `transfer_in_needed`, `transfer_out_needed`, `transfer_in_details`, `transfer_OUT_details`) VALUES ('299', '517', 2, 2, 1, 0, 0, 0, 'Omnis necessitatibus id consequatur voluptatibus.', 'Eligendi fugiat repellendus dolorum dolor.');
INSERT INTO `visit_details` (`id`, `room_visit_id`, `adults_nomber`, `children_nomber`, `veg_breafast_nomber`, `non_veg_breafast_nomber`, `transfer_in_needed`, `transfer_out_needed`, `transfer_in_details`, `transfer_OUT_details`) VALUES ('300', '764', 2, 0, 0, 0, 1, 1, 'Et quia expedita id et.', 'Commodi quia enim repellendus eum error sint rem nulla.');
INSERT INTO `visit_details` (`id`, `room_visit_id`, `adults_nomber`, `children_nomber`, `veg_breafast_nomber`, `non_veg_breafast_nomber`, `transfer_in_needed`, `transfer_out_needed`, `transfer_in_details`, `transfer_OUT_details`) VALUES ('301', '836', 2, 0, 1, 0, 1, 1, 'Nemo aliquam consequatur doloribus dolores unde sit.', 'Asperiores veritatis iure eligendi voluptas.');
INSERT INTO `visit_details` (`id`, `room_visit_id`, `adults_nomber`, `children_nomber`, `veg_breafast_nomber`, `non_veg_breafast_nomber`, `transfer_in_needed`, `transfer_out_needed`, `transfer_in_details`, `transfer_OUT_details`) VALUES ('302', '516', 3, 2, 0, 0, 1, 1, 'Sunt nam magnam explicabo aut.', 'Magni sed modi eos quod animi accusantium.');
INSERT INTO `visit_details` (`id`, `room_visit_id`, `adults_nomber`, `children_nomber`, `veg_breafast_nomber`, `non_veg_breafast_nomber`, `transfer_in_needed`, `transfer_out_needed`, `transfer_in_details`, `transfer_OUT_details`) VALUES ('303', '759', 3, 0, 1, 1, 0, 0, 'Aspernatur tenetur minus voluptas hic et nostrum laboriosam voluptatem.', 'Odio maxime accusantium ut placeat ducimus officiis molestiae.');
INSERT INTO `visit_details` (`id`, `room_visit_id`, `adults_nomber`, `children_nomber`, `veg_breafast_nomber`, `non_veg_breafast_nomber`, `transfer_in_needed`, `transfer_out_needed`, `transfer_in_details`, `transfer_OUT_details`) VALUES ('304', '634', 3, 2, 1, 1, 1, 1, 'Consequatur a alias sed nulla ipsum.', 'Nihil nisi velit vel ut officia aliquid qui.');
INSERT INTO `visit_details` (`id`, `room_visit_id`, `adults_nomber`, `children_nomber`, `veg_breafast_nomber`, `non_veg_breafast_nomber`, `transfer_in_needed`, `transfer_out_needed`, `transfer_in_details`, `transfer_OUT_details`) VALUES ('305', '908', 2, 1, 1, 1, 0, 0, 'Porro voluptates excepturi eius nihil aliquam.', 'Minima ratione amet harum quia.');
INSERT INTO `visit_details` (`id`, `room_visit_id`, `adults_nomber`, `children_nomber`, `veg_breafast_nomber`, `non_veg_breafast_nomber`, `transfer_in_needed`, `transfer_out_needed`, `transfer_in_details`, `transfer_OUT_details`) VALUES ('306', '625', 2, 1, 1, 0, 0, 0, 'Accusamus asperiores qui et nisi atque ipsam quas alias.', 'Reiciendis ut voluptates ut enim in possimus.');
INSERT INTO `visit_details` (`id`, `room_visit_id`, `adults_nomber`, `children_nomber`, `veg_breafast_nomber`, `non_veg_breafast_nomber`, `transfer_in_needed`, `transfer_out_needed`, `transfer_in_details`, `transfer_OUT_details`) VALUES ('307', '937', 2, 1, 0, 1, 0, 0, 'Voluptas et modi tempora modi labore occaecati et et.', 'Dignissimos tempore rerum non dolores et optio rerum.');
INSERT INTO `visit_details` (`id`, `room_visit_id`, `adults_nomber`, `children_nomber`, `veg_breafast_nomber`, `non_veg_breafast_nomber`, `transfer_in_needed`, `transfer_out_needed`, `transfer_in_details`, `transfer_OUT_details`) VALUES ('308', '539', 1, 0, 0, 0, 1, 0, 'Temporibus est quia aut animi totam delectus.', 'Amet officia fugiat nihil velit dicta.');
INSERT INTO `visit_details` (`id`, `room_visit_id`, `adults_nomber`, `children_nomber`, `veg_breafast_nomber`, `non_veg_breafast_nomber`, `transfer_in_needed`, `transfer_out_needed`, `transfer_in_details`, `transfer_OUT_details`) VALUES ('309', '894', 2, 0, 1, 1, 0, 1, 'Doloremque earum perferendis autem corrupti recusandae iste.', 'Odit repudiandae voluptates aut voluptatibus mollitia.');
INSERT INTO `visit_details` (`id`, `room_visit_id`, `adults_nomber`, `children_nomber`, `veg_breafast_nomber`, `non_veg_breafast_nomber`, `transfer_in_needed`, `transfer_out_needed`, `transfer_in_details`, `transfer_OUT_details`) VALUES ('310', '841', 1, 1, 1, 0, 1, 0, 'Quaerat perspiciatis sed nobis perferendis velit.', 'Iste consequuntur consequatur rerum illum aut a laudantium.');
INSERT INTO `visit_details` (`id`, `room_visit_id`, `adults_nomber`, `children_nomber`, `veg_breafast_nomber`, `non_veg_breafast_nomber`, `transfer_in_needed`, `transfer_out_needed`, `transfer_in_details`, `transfer_OUT_details`) VALUES ('311', '973', 3, 0, 1, 0, 1, 1, 'Consequatur ex repudiandae nesciunt repudiandae.', 'Sequi et id officiis laboriosam corporis voluptatibus voluptatem.');
INSERT INTO `visit_details` (`id`, `room_visit_id`, `adults_nomber`, `children_nomber`, `veg_breafast_nomber`, `non_veg_breafast_nomber`, `transfer_in_needed`, `transfer_out_needed`, `transfer_in_details`, `transfer_OUT_details`) VALUES ('312', '974', 2, 0, 0, 0, 1, 0, 'In repudiandae quo dolorem non omnis.', 'Officia nihil consequatur tenetur et similique eos.');
INSERT INTO `visit_details` (`id`, `room_visit_id`, `adults_nomber`, `children_nomber`, `veg_breafast_nomber`, `non_veg_breafast_nomber`, `transfer_in_needed`, `transfer_out_needed`, `transfer_in_details`, `transfer_OUT_details`) VALUES ('313', '653', 3, 2, 1, 0, 0, 0, 'Soluta aliquam sit quasi non consequatur aspernatur porro.', 'Occaecati iure sunt minus vitae facere cumque.');
INSERT INTO `visit_details` (`id`, `room_visit_id`, `adults_nomber`, `children_nomber`, `veg_breafast_nomber`, `non_veg_breafast_nomber`, `transfer_in_needed`, `transfer_out_needed`, `transfer_in_details`, `transfer_OUT_details`) VALUES ('314', '543', 1, 2, 0, 0, 1, 1, 'Quae quia voluptas cumque cum.', 'Nulla libero reiciendis illum reiciendis sed velit.');
INSERT INTO `visit_details` (`id`, `room_visit_id`, `adults_nomber`, `children_nomber`, `veg_breafast_nomber`, `non_veg_breafast_nomber`, `transfer_in_needed`, `transfer_out_needed`, `transfer_in_details`, `transfer_OUT_details`) VALUES ('315', '782', 1, 0, 0, 0, 1, 1, 'Consequatur voluptas et quia magni et eum earum.', 'Sequi perspiciatis aspernatur qui laborum.');
INSERT INTO `visit_details` (`id`, `room_visit_id`, `adults_nomber`, `children_nomber`, `veg_breafast_nomber`, `non_veg_breafast_nomber`, `transfer_in_needed`, `transfer_out_needed`, `transfer_in_details`, `transfer_OUT_details`) VALUES ('316', '934', 2, 1, 0, 0, 1, 0, 'Illum consectetur reprehenderit at porro et quia.', 'Reprehenderit sed non voluptatem.');
INSERT INTO `visit_details` (`id`, `room_visit_id`, `adults_nomber`, `children_nomber`, `veg_breafast_nomber`, `non_veg_breafast_nomber`, `transfer_in_needed`, `transfer_out_needed`, `transfer_in_details`, `transfer_OUT_details`) VALUES ('317', '780', 2, 2, 0, 0, 0, 1, 'Aliquam deleniti pariatur recusandae qui nam voluptatibus.', 'Itaque saepe error enim neque dolorum sit.');
INSERT INTO `visit_details` (`id`, `room_visit_id`, `adults_nomber`, `children_nomber`, `veg_breafast_nomber`, `non_veg_breafast_nomber`, `transfer_in_needed`, `transfer_out_needed`, `transfer_in_details`, `transfer_OUT_details`) VALUES ('318', '808', 2, 2, 0, 1, 1, 0, 'Et non et aut vitae dolore quisquam.', 'Ut sunt distinctio mollitia.');
INSERT INTO `visit_details` (`id`, `room_visit_id`, `adults_nomber`, `children_nomber`, `veg_breafast_nomber`, `non_veg_breafast_nomber`, `transfer_in_needed`, `transfer_out_needed`, `transfer_in_details`, `transfer_OUT_details`) VALUES ('319', '836', 1, 1, 0, 1, 1, 1, 'Voluptatem possimus rerum dicta in esse.', 'Accusantium impedit rerum aspernatur ut.');
INSERT INTO `visit_details` (`id`, `room_visit_id`, `adults_nomber`, `children_nomber`, `veg_breafast_nomber`, `non_veg_breafast_nomber`, `transfer_in_needed`, `transfer_out_needed`, `transfer_in_details`, `transfer_OUT_details`) VALUES ('320', '888', 1, 1, 1, 0, 1, 1, 'Laborum accusantium nobis voluptatem veritatis delectus praesentium.', 'Provident voluptatem dolor inventore sed sint.');
INSERT INTO `visit_details` (`id`, `room_visit_id`, `adults_nomber`, `children_nomber`, `veg_breafast_nomber`, `non_veg_breafast_nomber`, `transfer_in_needed`, `transfer_out_needed`, `transfer_in_details`, `transfer_OUT_details`) VALUES ('321', '697', 1, 0, 0, 1, 0, 1, 'Illum quod impedit ab voluptates autem corrupti.', 'Maxime eligendi quam dignissimos.');
INSERT INTO `visit_details` (`id`, `room_visit_id`, `adults_nomber`, `children_nomber`, `veg_breafast_nomber`, `non_veg_breafast_nomber`, `transfer_in_needed`, `transfer_out_needed`, `transfer_in_details`, `transfer_OUT_details`) VALUES ('322', '914', 2, 2, 1, 0, 0, 1, 'Omnis explicabo non cum beatae.', 'Assumenda adipisci enim sunt voluptatibus repudiandae rerum sit.');
INSERT INTO `visit_details` (`id`, `room_visit_id`, `adults_nomber`, `children_nomber`, `veg_breafast_nomber`, `non_veg_breafast_nomber`, `transfer_in_needed`, `transfer_out_needed`, `transfer_in_details`, `transfer_OUT_details`) VALUES ('323', '596', 3, 1, 1, 1, 1, 0, 'Aspernatur repellat omnis sequi aut accusamus quis sed.', 'Est tempora minus tempora.');
INSERT INTO `visit_details` (`id`, `room_visit_id`, `adults_nomber`, `children_nomber`, `veg_breafast_nomber`, `non_veg_breafast_nomber`, `transfer_in_needed`, `transfer_out_needed`, `transfer_in_details`, `transfer_OUT_details`) VALUES ('324', '614', 1, 2, 0, 1, 0, 0, 'Qui ut autem possimus repudiandae quis.', 'Dolorum ullam quod ipsum quisquam ut corporis.');
INSERT INTO `visit_details` (`id`, `room_visit_id`, `adults_nomber`, `children_nomber`, `veg_breafast_nomber`, `non_veg_breafast_nomber`, `transfer_in_needed`, `transfer_out_needed`, `transfer_in_details`, `transfer_OUT_details`) VALUES ('325', '858', 2, 0, 1, 0, 0, 1, 'Qui molestias enim sequi molestias repellendus qui.', 'Quae dicta in sed est et culpa.');
INSERT INTO `visit_details` (`id`, `room_visit_id`, `adults_nomber`, `children_nomber`, `veg_breafast_nomber`, `non_veg_breafast_nomber`, `transfer_in_needed`, `transfer_out_needed`, `transfer_in_details`, `transfer_OUT_details`) VALUES ('326', '860', 2, 1, 1, 0, 1, 1, 'Consequatur laboriosam voluptatum ullam illo sunt.', 'Et nesciunt velit omnis consequatur dolor dolore rerum.');
INSERT INTO `visit_details` (`id`, `room_visit_id`, `adults_nomber`, `children_nomber`, `veg_breafast_nomber`, `non_veg_breafast_nomber`, `transfer_in_needed`, `transfer_out_needed`, `transfer_in_details`, `transfer_OUT_details`) VALUES ('327', '544', 1, 1, 0, 1, 1, 1, 'Consectetur quis autem inventore molestias perspiciatis non accusamus.', 'Ea in consectetur voluptatem voluptatem inventore ipsam.');
INSERT INTO `visit_details` (`id`, `room_visit_id`, `adults_nomber`, `children_nomber`, `veg_breafast_nomber`, `non_veg_breafast_nomber`, `transfer_in_needed`, `transfer_out_needed`, `transfer_in_details`, `transfer_OUT_details`) VALUES ('328', '627', 3, 0, 1, 1, 0, 0, 'Et nihil animi in dolore.', 'Omnis et eius saepe pariatur qui.');
INSERT INTO `visit_details` (`id`, `room_visit_id`, `adults_nomber`, `children_nomber`, `veg_breafast_nomber`, `non_veg_breafast_nomber`, `transfer_in_needed`, `transfer_out_needed`, `transfer_in_details`, `transfer_OUT_details`) VALUES ('329', '834', 2, 0, 1, 0, 1, 1, 'Animi consequatur excepturi in exercitationem earum impedit et.', 'Et reprehenderit quia pariatur beatae dolorem tempore.');
INSERT INTO `visit_details` (`id`, `room_visit_id`, `adults_nomber`, `children_nomber`, `veg_breafast_nomber`, `non_veg_breafast_nomber`, `transfer_in_needed`, `transfer_out_needed`, `transfer_in_details`, `transfer_OUT_details`) VALUES ('330', '560', 1, 0, 0, 0, 1, 0, 'Necessitatibus vero neque eum nihil excepturi repudiandae.', 'Velit vero et sit voluptatem recusandae at.');
INSERT INTO `visit_details` (`id`, `room_visit_id`, `adults_nomber`, `children_nomber`, `veg_breafast_nomber`, `non_veg_breafast_nomber`, `transfer_in_needed`, `transfer_out_needed`, `transfer_in_details`, `transfer_OUT_details`) VALUES ('331', '890', 2, 1, 0, 1, 0, 0, 'Illum omnis est molestiae ut eum magni.', 'Voluptatem repudiandae dolores est hic dolor.');
INSERT INTO `visit_details` (`id`, `room_visit_id`, `adults_nomber`, `children_nomber`, `veg_breafast_nomber`, `non_veg_breafast_nomber`, `transfer_in_needed`, `transfer_out_needed`, `transfer_in_details`, `transfer_OUT_details`) VALUES ('332', '688', 3, 2, 0, 1, 1, 1, 'Quia eaque numquam et voluptatum dolores.', 'Voluptatibus illo ut eos veniam blanditiis consequuntur id doloremque.');
INSERT INTO `visit_details` (`id`, `room_visit_id`, `adults_nomber`, `children_nomber`, `veg_breafast_nomber`, `non_veg_breafast_nomber`, `transfer_in_needed`, `transfer_out_needed`, `transfer_in_details`, `transfer_OUT_details`) VALUES ('333', '576', 1, 2, 0, 1, 1, 0, 'Eum reprehenderit asperiores cupiditate repellendus itaque.', 'Optio est natus dolore.');
INSERT INTO `visit_details` (`id`, `room_visit_id`, `adults_nomber`, `children_nomber`, `veg_breafast_nomber`, `non_veg_breafast_nomber`, `transfer_in_needed`, `transfer_out_needed`, `transfer_in_details`, `transfer_OUT_details`) VALUES ('334', '667', 1, 2, 0, 1, 0, 0, 'A aut doloribus fugit aliquid cumque.', 'Quae commodi officia ut amet sunt optio.');
INSERT INTO `visit_details` (`id`, `room_visit_id`, `adults_nomber`, `children_nomber`, `veg_breafast_nomber`, `non_veg_breafast_nomber`, `transfer_in_needed`, `transfer_out_needed`, `transfer_in_details`, `transfer_OUT_details`) VALUES ('335', '821', 3, 1, 0, 1, 0, 0, 'Exercitationem voluptatum libero laborum autem tenetur.', 'Architecto veniam provident reprehenderit aperiam doloribus non aut.');
INSERT INTO `visit_details` (`id`, `room_visit_id`, `adults_nomber`, `children_nomber`, `veg_breafast_nomber`, `non_veg_breafast_nomber`, `transfer_in_needed`, `transfer_out_needed`, `transfer_in_details`, `transfer_OUT_details`) VALUES ('336', '502', 2, 0, 1, 1, 1, 1, 'Est consequuntur molestiae natus laborum odit praesentium fuga natus.', 'Mollitia pariatur est perspiciatis impedit eveniet quo corrupti.');
INSERT INTO `visit_details` (`id`, `room_visit_id`, `adults_nomber`, `children_nomber`, `veg_breafast_nomber`, `non_veg_breafast_nomber`, `transfer_in_needed`, `transfer_out_needed`, `transfer_in_details`, `transfer_OUT_details`) VALUES ('337', '792', 2, 1, 0, 0, 0, 1, 'Ea laborum et impedit enim velit a.', 'Sed sint fugiat quisquam non omnis architecto quo.');
INSERT INTO `visit_details` (`id`, `room_visit_id`, `adults_nomber`, `children_nomber`, `veg_breafast_nomber`, `non_veg_breafast_nomber`, `transfer_in_needed`, `transfer_out_needed`, `transfer_in_details`, `transfer_OUT_details`) VALUES ('338', '776', 1, 1, 0, 0, 0, 0, 'Sequi et expedita optio quasi ducimus.', 'Cupiditate consequatur consequatur sit doloremque consectetur.');
INSERT INTO `visit_details` (`id`, `room_visit_id`, `adults_nomber`, `children_nomber`, `veg_breafast_nomber`, `non_veg_breafast_nomber`, `transfer_in_needed`, `transfer_out_needed`, `transfer_in_details`, `transfer_OUT_details`) VALUES ('339', '540', 3, 0, 0, 1, 0, 1, 'Voluptatem quos quia nulla asperiores doloremque nam pariatur numquam.', 'Et consequatur porro blanditiis voluptatibus nobis omnis quia.');
INSERT INTO `visit_details` (`id`, `room_visit_id`, `adults_nomber`, `children_nomber`, `veg_breafast_nomber`, `non_veg_breafast_nomber`, `transfer_in_needed`, `transfer_out_needed`, `transfer_in_details`, `transfer_OUT_details`) VALUES ('340', '705', 2, 0, 1, 0, 0, 1, 'Tenetur fugiat eum placeat ipsum quia excepturi.', 'Consequuntur magni itaque eius commodi.');
INSERT INTO `visit_details` (`id`, `room_visit_id`, `adults_nomber`, `children_nomber`, `veg_breafast_nomber`, `non_veg_breafast_nomber`, `transfer_in_needed`, `transfer_out_needed`, `transfer_in_details`, `transfer_OUT_details`) VALUES ('341', '635', 1, 2, 1, 1, 0, 1, 'Et quasi quidem animi repellendus eveniet et voluptatem.', 'Omnis sint reiciendis quasi possimus quas dignissimos voluptatem sit.');
INSERT INTO `visit_details` (`id`, `room_visit_id`, `adults_nomber`, `children_nomber`, `veg_breafast_nomber`, `non_veg_breafast_nomber`, `transfer_in_needed`, `transfer_out_needed`, `transfer_in_details`, `transfer_OUT_details`) VALUES ('342', '532', 2, 2, 0, 0, 0, 1, 'Dolorem sit aliquid alias aliquid quibusdam facere blanditiis.', 'Enim eligendi voluptatem suscipit consequatur assumenda.');
INSERT INTO `visit_details` (`id`, `room_visit_id`, `adults_nomber`, `children_nomber`, `veg_breafast_nomber`, `non_veg_breafast_nomber`, `transfer_in_needed`, `transfer_out_needed`, `transfer_in_details`, `transfer_OUT_details`) VALUES ('343', '697', 1, 1, 1, 1, 1, 1, 'Sed maxime ut voluptatibus qui temporibus commodi.', 'Aut facilis accusantium aut laborum alias ipsum.');
INSERT INTO `visit_details` (`id`, `room_visit_id`, `adults_nomber`, `children_nomber`, `veg_breafast_nomber`, `non_veg_breafast_nomber`, `transfer_in_needed`, `transfer_out_needed`, `transfer_in_details`, `transfer_OUT_details`) VALUES ('344', '788', 3, 0, 0, 1, 1, 0, 'Quia tempore ut quaerat.', 'Et officiis sint asperiores id quia expedita.');
INSERT INTO `visit_details` (`id`, `room_visit_id`, `adults_nomber`, `children_nomber`, `veg_breafast_nomber`, `non_veg_breafast_nomber`, `transfer_in_needed`, `transfer_out_needed`, `transfer_in_details`, `transfer_OUT_details`) VALUES ('345', '575', 3, 2, 0, 1, 1, 0, 'Animi perferendis earum quidem qui at blanditiis.', 'Qui ullam maxime nam aut et blanditiis ut.');
INSERT INTO `visit_details` (`id`, `room_visit_id`, `adults_nomber`, `children_nomber`, `veg_breafast_nomber`, `non_veg_breafast_nomber`, `transfer_in_needed`, `transfer_out_needed`, `transfer_in_details`, `transfer_OUT_details`) VALUES ('346', '978', 2, 0, 1, 0, 0, 0, 'At consequatur optio dolores cupiditate.', 'Qui eos aliquam aspernatur rem ea reprehenderit sed.');
INSERT INTO `visit_details` (`id`, `room_visit_id`, `adults_nomber`, `children_nomber`, `veg_breafast_nomber`, `non_veg_breafast_nomber`, `transfer_in_needed`, `transfer_out_needed`, `transfer_in_details`, `transfer_OUT_details`) VALUES ('347', '740', 2, 2, 1, 0, 0, 1, 'Voluptates dicta earum nobis eligendi quas tenetur ipsa sint.', 'Ut quas molestiae dolorum sit architecto ut aut et.');
INSERT INTO `visit_details` (`id`, `room_visit_id`, `adults_nomber`, `children_nomber`, `veg_breafast_nomber`, `non_veg_breafast_nomber`, `transfer_in_needed`, `transfer_out_needed`, `transfer_in_details`, `transfer_OUT_details`) VALUES ('348', '854', 3, 2, 0, 1, 1, 0, 'Alias et sint exercitationem ullam voluptatem nesciunt natus numquam.', 'Impedit id animi ipsam enim quia.');
INSERT INTO `visit_details` (`id`, `room_visit_id`, `adults_nomber`, `children_nomber`, `veg_breafast_nomber`, `non_veg_breafast_nomber`, `transfer_in_needed`, `transfer_out_needed`, `transfer_in_details`, `transfer_OUT_details`) VALUES ('349', '804', 2, 1, 0, 0, 1, 0, 'Dolores cumque totam rerum ipsum.', 'Minima consequatur quas dolor laboriosam.');
INSERT INTO `visit_details` (`id`, `room_visit_id`, `adults_nomber`, `children_nomber`, `veg_breafast_nomber`, `non_veg_breafast_nomber`, `transfer_in_needed`, `transfer_out_needed`, `transfer_in_details`, `transfer_OUT_details`) VALUES ('350', '595', 2, 0, 0, 1, 1, 0, 'Quibusdam a modi non laborum.', 'Suscipit impedit esse vel magni est numquam autem.');
INSERT INTO `visit_details` (`id`, `room_visit_id`, `adults_nomber`, `children_nomber`, `veg_breafast_nomber`, `non_veg_breafast_nomber`, `transfer_in_needed`, `transfer_out_needed`, `transfer_in_details`, `transfer_OUT_details`) VALUES ('351', '761', 1, 1, 0, 1, 1, 1, 'Alias dolores ducimus at animi.', 'Omnis vitae iure alias aspernatur.');
INSERT INTO `visit_details` (`id`, `room_visit_id`, `adults_nomber`, `children_nomber`, `veg_breafast_nomber`, `non_veg_breafast_nomber`, `transfer_in_needed`, `transfer_out_needed`, `transfer_in_details`, `transfer_OUT_details`) VALUES ('352', '520', 1, 1, 1, 1, 1, 1, 'Accusamus est nemo quia omnis est.', 'Qui aut qui suscipit aperiam.');
INSERT INTO `visit_details` (`id`, `room_visit_id`, `adults_nomber`, `children_nomber`, `veg_breafast_nomber`, `non_veg_breafast_nomber`, `transfer_in_needed`, `transfer_out_needed`, `transfer_in_details`, `transfer_OUT_details`) VALUES ('353', '528', 1, 0, 1, 0, 0, 1, 'Sint mollitia corporis cupiditate recusandae.', 'Est error ratione assumenda est.');
INSERT INTO `visit_details` (`id`, `room_visit_id`, `adults_nomber`, `children_nomber`, `veg_breafast_nomber`, `non_veg_breafast_nomber`, `transfer_in_needed`, `transfer_out_needed`, `transfer_in_details`, `transfer_OUT_details`) VALUES ('354', '856', 3, 0, 1, 0, 1, 0, 'In vitae sunt nobis voluptas nostrum.', 'Minus delectus nihil illo voluptatem ex accusamus autem.');
INSERT INTO `visit_details` (`id`, `room_visit_id`, `adults_nomber`, `children_nomber`, `veg_breafast_nomber`, `non_veg_breafast_nomber`, `transfer_in_needed`, `transfer_out_needed`, `transfer_in_details`, `transfer_OUT_details`) VALUES ('355', '633', 2, 0, 0, 1, 1, 1, 'Eaque repellat incidunt quisquam ullam.', 'Quidem enim numquam sit hic dolores iste.');
INSERT INTO `visit_details` (`id`, `room_visit_id`, `adults_nomber`, `children_nomber`, `veg_breafast_nomber`, `non_veg_breafast_nomber`, `transfer_in_needed`, `transfer_out_needed`, `transfer_in_details`, `transfer_OUT_details`) VALUES ('356', '885', 2, 2, 1, 0, 1, 1, 'Architecto voluptatem ad et laboriosam quia debitis.', 'Autem perferendis dolores est.');
INSERT INTO `visit_details` (`id`, `room_visit_id`, `adults_nomber`, `children_nomber`, `veg_breafast_nomber`, `non_veg_breafast_nomber`, `transfer_in_needed`, `transfer_out_needed`, `transfer_in_details`, `transfer_OUT_details`) VALUES ('357', '735', 3, 2, 1, 1, 0, 0, 'Reiciendis mollitia ipsam dolorem quod aperiam provident.', 'Ad quas error natus cum ea commodi dolorem voluptas.');
INSERT INTO `visit_details` (`id`, `room_visit_id`, `adults_nomber`, `children_nomber`, `veg_breafast_nomber`, `non_veg_breafast_nomber`, `transfer_in_needed`, `transfer_out_needed`, `transfer_in_details`, `transfer_OUT_details`) VALUES ('358', '676', 1, 2, 1, 0, 0, 1, 'Libero omnis perferendis distinctio numquam.', 'Rem beatae aut voluptatem voluptatibus vitae.');
INSERT INTO `visit_details` (`id`, `room_visit_id`, `adults_nomber`, `children_nomber`, `veg_breafast_nomber`, `non_veg_breafast_nomber`, `transfer_in_needed`, `transfer_out_needed`, `transfer_in_details`, `transfer_OUT_details`) VALUES ('359', '530', 3, 0, 1, 1, 1, 1, 'Sit temporibus nihil aut et officia amet eum.', 'Quo aut a neque sint.');
INSERT INTO `visit_details` (`id`, `room_visit_id`, `adults_nomber`, `children_nomber`, `veg_breafast_nomber`, `non_veg_breafast_nomber`, `transfer_in_needed`, `transfer_out_needed`, `transfer_in_details`, `transfer_OUT_details`) VALUES ('360', '588', 1, 2, 0, 0, 1, 0, 'Et non et magnam.', 'Rerum ea molestiae pariatur facere.');
INSERT INTO `visit_details` (`id`, `room_visit_id`, `adults_nomber`, `children_nomber`, `veg_breafast_nomber`, `non_veg_breafast_nomber`, `transfer_in_needed`, `transfer_out_needed`, `transfer_in_details`, `transfer_OUT_details`) VALUES ('361', '736', 3, 2, 1, 0, 1, 1, 'Suscipit voluptas molestias ratione.', 'Ut omnis natus molestias quae sed.');
INSERT INTO `visit_details` (`id`, `room_visit_id`, `adults_nomber`, `children_nomber`, `veg_breafast_nomber`, `non_veg_breafast_nomber`, `transfer_in_needed`, `transfer_out_needed`, `transfer_in_details`, `transfer_OUT_details`) VALUES ('362', '919', 2, 0, 0, 0, 1, 1, 'Quia in qui iste quod fugit voluptatem dolor reprehenderit.', 'Deleniti sequi laudantium hic illo alias.');
INSERT INTO `visit_details` (`id`, `room_visit_id`, `adults_nomber`, `children_nomber`, `veg_breafast_nomber`, `non_veg_breafast_nomber`, `transfer_in_needed`, `transfer_out_needed`, `transfer_in_details`, `transfer_OUT_details`) VALUES ('363', '775', 3, 0, 1, 0, 0, 1, 'Est odio facilis tenetur id fugit est.', 'Voluptatem consequatur libero quas voluptatem ea magni.');
INSERT INTO `visit_details` (`id`, `room_visit_id`, `adults_nomber`, `children_nomber`, `veg_breafast_nomber`, `non_veg_breafast_nomber`, `transfer_in_needed`, `transfer_out_needed`, `transfer_in_details`, `transfer_OUT_details`) VALUES ('364', '811', 1, 1, 1, 1, 0, 1, 'Esse ut cupiditate esse distinctio qui.', 'Qui quia sunt iure nam ut consequatur nostrum sapiente.');
INSERT INTO `visit_details` (`id`, `room_visit_id`, `adults_nomber`, `children_nomber`, `veg_breafast_nomber`, `non_veg_breafast_nomber`, `transfer_in_needed`, `transfer_out_needed`, `transfer_in_details`, `transfer_OUT_details`) VALUES ('365', '605', 3, 1, 0, 1, 1, 1, 'Minus dignissimos deleniti accusantium voluptatem nihil id sed.', 'Quaerat saepe voluptatem ullam et quam aspernatur nisi.');
INSERT INTO `visit_details` (`id`, `room_visit_id`, `adults_nomber`, `children_nomber`, `veg_breafast_nomber`, `non_veg_breafast_nomber`, `transfer_in_needed`, `transfer_out_needed`, `transfer_in_details`, `transfer_OUT_details`) VALUES ('366', '615', 1, 2, 0, 1, 1, 1, 'Sit repellat eum quibusdam laborum asperiores.', 'Nulla quisquam ullam perspiciatis error omnis eos fuga.');
INSERT INTO `visit_details` (`id`, `room_visit_id`, `adults_nomber`, `children_nomber`, `veg_breafast_nomber`, `non_veg_breafast_nomber`, `transfer_in_needed`, `transfer_out_needed`, `transfer_in_details`, `transfer_OUT_details`) VALUES ('367', '813', 2, 0, 1, 1, 1, 1, 'A exercitationem enim quo eum.', 'Aperiam ut accusantium doloremque distinctio error.');
INSERT INTO `visit_details` (`id`, `room_visit_id`, `adults_nomber`, `children_nomber`, `veg_breafast_nomber`, `non_veg_breafast_nomber`, `transfer_in_needed`, `transfer_out_needed`, `transfer_in_details`, `transfer_OUT_details`) VALUES ('368', '896', 2, 2, 0, 0, 1, 0, 'Hic facilis adipisci similique asperiores cum quae illum omnis.', 'Est qui perspiciatis voluptatibus adipisci.');
INSERT INTO `visit_details` (`id`, `room_visit_id`, `adults_nomber`, `children_nomber`, `veg_breafast_nomber`, `non_veg_breafast_nomber`, `transfer_in_needed`, `transfer_out_needed`, `transfer_in_details`, `transfer_OUT_details`) VALUES ('369', '891', 1, 0, 1, 1, 1, 1, 'Amet nesciunt aperiam similique quam cumque sit quas.', 'Dolorem hic quaerat numquam magnam nostrum distinctio ad atque.');
INSERT INTO `visit_details` (`id`, `room_visit_id`, `adults_nomber`, `children_nomber`, `veg_breafast_nomber`, `non_veg_breafast_nomber`, `transfer_in_needed`, `transfer_out_needed`, `transfer_in_details`, `transfer_OUT_details`) VALUES ('370', '852', 3, 0, 1, 1, 0, 1, 'Esse qui qui delectus nihil.', 'Quos quisquam odio dolore corporis et unde.');
INSERT INTO `visit_details` (`id`, `room_visit_id`, `adults_nomber`, `children_nomber`, `veg_breafast_nomber`, `non_veg_breafast_nomber`, `transfer_in_needed`, `transfer_out_needed`, `transfer_in_details`, `transfer_OUT_details`) VALUES ('371', '619', 3, 1, 1, 0, 0, 0, 'Vero ad neque nihil qui eius facilis sed illum.', 'Deleniti asperiores aut consequatur error.');
INSERT INTO `visit_details` (`id`, `room_visit_id`, `adults_nomber`, `children_nomber`, `veg_breafast_nomber`, `non_veg_breafast_nomber`, `transfer_in_needed`, `transfer_out_needed`, `transfer_in_details`, `transfer_OUT_details`) VALUES ('372', '545', 2, 1, 1, 0, 0, 0, 'Pariatur omnis sequi qui repellendus fugit.', 'Est officiis quibusdam quis nihil laborum eum omnis.');
INSERT INTO `visit_details` (`id`, `room_visit_id`, `adults_nomber`, `children_nomber`, `veg_breafast_nomber`, `non_veg_breafast_nomber`, `transfer_in_needed`, `transfer_out_needed`, `transfer_in_details`, `transfer_OUT_details`) VALUES ('373', '883', 3, 1, 0, 1, 1, 1, 'Sit excepturi rerum incidunt ducimus necessitatibus.', 'Nulla cupiditate magni officia molestiae ex occaecati.');
INSERT INTO `visit_details` (`id`, `room_visit_id`, `adults_nomber`, `children_nomber`, `veg_breafast_nomber`, `non_veg_breafast_nomber`, `transfer_in_needed`, `transfer_out_needed`, `transfer_in_details`, `transfer_OUT_details`) VALUES ('374', '816', 1, 0, 1, 0, 1, 0, 'Et eius quod at.', 'Ab perferendis id aut non est.');
INSERT INTO `visit_details` (`id`, `room_visit_id`, `adults_nomber`, `children_nomber`, `veg_breafast_nomber`, `non_veg_breafast_nomber`, `transfer_in_needed`, `transfer_out_needed`, `transfer_in_details`, `transfer_OUT_details`) VALUES ('375', '832', 2, 1, 1, 0, 1, 1, 'Mollitia quam adipisci praesentium dolorem maiores facilis sint error.', 'A necessitatibus harum eius est qui autem rerum sunt.');
INSERT INTO `visit_details` (`id`, `room_visit_id`, `adults_nomber`, `children_nomber`, `veg_breafast_nomber`, `non_veg_breafast_nomber`, `transfer_in_needed`, `transfer_out_needed`, `transfer_in_details`, `transfer_OUT_details`) VALUES ('376', '958', 2, 1, 0, 1, 1, 1, 'Quia eligendi aut commodi laborum.', 'Deleniti illo vero et recusandae cupiditate.');
INSERT INTO `visit_details` (`id`, `room_visit_id`, `adults_nomber`, `children_nomber`, `veg_breafast_nomber`, `non_veg_breafast_nomber`, `transfer_in_needed`, `transfer_out_needed`, `transfer_in_details`, `transfer_OUT_details`) VALUES ('377', '812', 1, 1, 0, 0, 1, 0, 'Eos reprehenderit officiis autem minus eveniet quia ea.', 'Omnis omnis molestiae illo soluta.');
INSERT INTO `visit_details` (`id`, `room_visit_id`, `adults_nomber`, `children_nomber`, `veg_breafast_nomber`, `non_veg_breafast_nomber`, `transfer_in_needed`, `transfer_out_needed`, `transfer_in_details`, `transfer_OUT_details`) VALUES ('378', '591', 3, 0, 1, 1, 0, 0, 'Sint tenetur ut dolorum qui ut sint.', 'Non a vel quam ad et voluptatibus.');
INSERT INTO `visit_details` (`id`, `room_visit_id`, `adults_nomber`, `children_nomber`, `veg_breafast_nomber`, `non_veg_breafast_nomber`, `transfer_in_needed`, `transfer_out_needed`, `transfer_in_details`, `transfer_OUT_details`) VALUES ('379', '830', 3, 0, 1, 1, 0, 1, 'Dolorum voluptate consequuntur facere et saepe.', 'Quas harum praesentium mollitia et nam praesentium suscipit.');
INSERT INTO `visit_details` (`id`, `room_visit_id`, `adults_nomber`, `children_nomber`, `veg_breafast_nomber`, `non_veg_breafast_nomber`, `transfer_in_needed`, `transfer_out_needed`, `transfer_in_details`, `transfer_OUT_details`) VALUES ('380', '635', 2, 0, 1, 0, 1, 0, 'Enim unde ea culpa ducimus repellendus cum quod.', 'Placeat suscipit quo explicabo velit esse et fugiat.');
INSERT INTO `visit_details` (`id`, `room_visit_id`, `adults_nomber`, `children_nomber`, `veg_breafast_nomber`, `non_veg_breafast_nomber`, `transfer_in_needed`, `transfer_out_needed`, `transfer_in_details`, `transfer_OUT_details`) VALUES ('381', '685', 3, 2, 1, 1, 0, 0, 'At dolorem et quod qui atque.', 'Ea voluptatem officia ducimus totam.');
INSERT INTO `visit_details` (`id`, `room_visit_id`, `adults_nomber`, `children_nomber`, `veg_breafast_nomber`, `non_veg_breafast_nomber`, `transfer_in_needed`, `transfer_out_needed`, `transfer_in_details`, `transfer_OUT_details`) VALUES ('382', '609', 2, 1, 1, 1, 0, 1, 'Consequatur voluptatibus nihil ut sit nam ut.', 'Aut corrupti dolorum enim omnis dolores quos et ad.');
INSERT INTO `visit_details` (`id`, `room_visit_id`, `adults_nomber`, `children_nomber`, `veg_breafast_nomber`, `non_veg_breafast_nomber`, `transfer_in_needed`, `transfer_out_needed`, `transfer_in_details`, `transfer_OUT_details`) VALUES ('383', '654', 3, 1, 0, 1, 1, 1, 'Quis molestiae dignissimos autem commodi.', 'Quia illum qui et non aut veniam.');
INSERT INTO `visit_details` (`id`, `room_visit_id`, `adults_nomber`, `children_nomber`, `veg_breafast_nomber`, `non_veg_breafast_nomber`, `transfer_in_needed`, `transfer_out_needed`, `transfer_in_details`, `transfer_OUT_details`) VALUES ('384', '712', 3, 0, 0, 1, 0, 1, 'Quo non nulla cupiditate molestiae itaque dolore odit.', 'Placeat rerum quia ut illo.');
INSERT INTO `visit_details` (`id`, `room_visit_id`, `adults_nomber`, `children_nomber`, `veg_breafast_nomber`, `non_veg_breafast_nomber`, `transfer_in_needed`, `transfer_out_needed`, `transfer_in_details`, `transfer_OUT_details`) VALUES ('385', '965', 3, 1, 0, 1, 0, 0, 'Doloribus nisi animi aperiam neque maxime incidunt.', 'Necessitatibus omnis temporibus quo vero.');
INSERT INTO `visit_details` (`id`, `room_visit_id`, `adults_nomber`, `children_nomber`, `veg_breafast_nomber`, `non_veg_breafast_nomber`, `transfer_in_needed`, `transfer_out_needed`, `transfer_in_details`, `transfer_OUT_details`) VALUES ('386', '787', 1, 2, 1, 1, 0, 0, 'Iste qui ut quaerat quisquam est.', 'Illo doloremque atque ut animi ipsum.');
INSERT INTO `visit_details` (`id`, `room_visit_id`, `adults_nomber`, `children_nomber`, `veg_breafast_nomber`, `non_veg_breafast_nomber`, `transfer_in_needed`, `transfer_out_needed`, `transfer_in_details`, `transfer_OUT_details`) VALUES ('387', '615', 3, 1, 1, 1, 0, 1, 'Distinctio numquam unde temporibus debitis sed id ad.', 'Beatae blanditiis quasi rerum aut.');
INSERT INTO `visit_details` (`id`, `room_visit_id`, `adults_nomber`, `children_nomber`, `veg_breafast_nomber`, `non_veg_breafast_nomber`, `transfer_in_needed`, `transfer_out_needed`, `transfer_in_details`, `transfer_OUT_details`) VALUES ('388', '719', 2, 2, 0, 1, 0, 1, 'Itaque et rem exercitationem adipisci.', 'Aut quo quis laudantium id.');
INSERT INTO `visit_details` (`id`, `room_visit_id`, `adults_nomber`, `children_nomber`, `veg_breafast_nomber`, `non_veg_breafast_nomber`, `transfer_in_needed`, `transfer_out_needed`, `transfer_in_details`, `transfer_OUT_details`) VALUES ('389', '963', 1, 2, 0, 1, 1, 0, 'Id odio expedita consectetur repudiandae quam quas.', 'Aut est nobis quas omnis accusantium et beatae.');
INSERT INTO `visit_details` (`id`, `room_visit_id`, `adults_nomber`, `children_nomber`, `veg_breafast_nomber`, `non_veg_breafast_nomber`, `transfer_in_needed`, `transfer_out_needed`, `transfer_in_details`, `transfer_OUT_details`) VALUES ('390', '645', 1, 2, 0, 1, 1, 1, 'Sunt nobis commodi aut natus culpa quidem sit.', 'Sit ex eos cupiditate omnis.');
INSERT INTO `visit_details` (`id`, `room_visit_id`, `adults_nomber`, `children_nomber`, `veg_breafast_nomber`, `non_veg_breafast_nomber`, `transfer_in_needed`, `transfer_out_needed`, `transfer_in_details`, `transfer_OUT_details`) VALUES ('391', '806', 3, 1, 1, 1, 1, 1, 'Iure est cum voluptatibus aspernatur reprehenderit voluptatum.', 'Labore accusamus nobis dolorem.');
INSERT INTO `visit_details` (`id`, `room_visit_id`, `adults_nomber`, `children_nomber`, `veg_breafast_nomber`, `non_veg_breafast_nomber`, `transfer_in_needed`, `transfer_out_needed`, `transfer_in_details`, `transfer_OUT_details`) VALUES ('392', '717', 2, 2, 0, 0, 1, 1, 'Facere aut eum sit et voluptatem deleniti.', 'Est velit qui molestiae occaecati dolorem.');
INSERT INTO `visit_details` (`id`, `room_visit_id`, `adults_nomber`, `children_nomber`, `veg_breafast_nomber`, `non_veg_breafast_nomber`, `transfer_in_needed`, `transfer_out_needed`, `transfer_in_details`, `transfer_OUT_details`) VALUES ('393', '583', 1, 2, 0, 1, 1, 1, 'Odit rem ratione placeat autem nobis accusamus enim.', 'Non ut qui corrupti est autem iure vero.');
INSERT INTO `visit_details` (`id`, `room_visit_id`, `adults_nomber`, `children_nomber`, `veg_breafast_nomber`, `non_veg_breafast_nomber`, `transfer_in_needed`, `transfer_out_needed`, `transfer_in_details`, `transfer_OUT_details`) VALUES ('394', '600', 3, 1, 0, 0, 1, 1, 'Quam culpa ea accusantium.', 'Aut quod eos et laboriosam nihil rerum.');
INSERT INTO `visit_details` (`id`, `room_visit_id`, `adults_nomber`, `children_nomber`, `veg_breafast_nomber`, `non_veg_breafast_nomber`, `transfer_in_needed`, `transfer_out_needed`, `transfer_in_details`, `transfer_OUT_details`) VALUES ('395', '547', 3, 1, 1, 1, 1, 1, 'Eum voluptas consequatur accusamus quam harum ut.', 'Possimus omnis fugiat quibusdam rerum.');
INSERT INTO `visit_details` (`id`, `room_visit_id`, `adults_nomber`, `children_nomber`, `veg_breafast_nomber`, `non_veg_breafast_nomber`, `transfer_in_needed`, `transfer_out_needed`, `transfer_in_details`, `transfer_OUT_details`) VALUES ('396', '687', 1, 1, 0, 0, 0, 0, 'Voluptatem quod quasi aspernatur id.', 'Doloribus et fuga nisi soluta ut voluptas voluptatum.');
INSERT INTO `visit_details` (`id`, `room_visit_id`, `adults_nomber`, `children_nomber`, `veg_breafast_nomber`, `non_veg_breafast_nomber`, `transfer_in_needed`, `transfer_out_needed`, `transfer_in_details`, `transfer_OUT_details`) VALUES ('397', '714', 1, 0, 0, 1, 0, 0, 'Sunt dignissimos ducimus dolore.', 'Vel cupiditate recusandae similique ipsam.');
INSERT INTO `visit_details` (`id`, `room_visit_id`, `adults_nomber`, `children_nomber`, `veg_breafast_nomber`, `non_veg_breafast_nomber`, `transfer_in_needed`, `transfer_out_needed`, `transfer_in_details`, `transfer_OUT_details`) VALUES ('398', '859', 1, 2, 0, 1, 0, 1, 'Velit voluptatum modi autem voluptatem adipisci inventore soluta.', 'Sed non omnis nihil quod dolorem rerum culpa.');
INSERT INTO `visit_details` (`id`, `room_visit_id`, `adults_nomber`, `children_nomber`, `veg_breafast_nomber`, `non_veg_breafast_nomber`, `transfer_in_needed`, `transfer_out_needed`, `transfer_in_details`, `transfer_OUT_details`) VALUES ('399', '602', 2, 2, 1, 1, 0, 1, 'Et enim aut tempora cupiditate recusandae est.', 'Ut molestiae sapiente eos explicabo.');
INSERT INTO `visit_details` (`id`, `room_visit_id`, `adults_nomber`, `children_nomber`, `veg_breafast_nomber`, `non_veg_breafast_nomber`, `transfer_in_needed`, `transfer_out_needed`, `transfer_in_details`, `transfer_OUT_details`) VALUES ('400', '624', 1, 0, 1, 1, 1, 0, 'Enim hic omnis debitis quisquam perspiciatis eius.', 'Ut saepe et excepturi.');
INSERT INTO `visit_details` (`id`, `room_visit_id`, `adults_nomber`, `children_nomber`, `veg_breafast_nomber`, `non_veg_breafast_nomber`, `transfer_in_needed`, `transfer_out_needed`, `transfer_in_details`, `transfer_OUT_details`) VALUES ('401', '730', 3, 2, 1, 0, 1, 0, 'Reiciendis eligendi numquam sit dolore et inventore eos.', 'Et nam est dolorem voluptatibus sunt minima.');
INSERT INTO `visit_details` (`id`, `room_visit_id`, `adults_nomber`, `children_nomber`, `veg_breafast_nomber`, `non_veg_breafast_nomber`, `transfer_in_needed`, `transfer_out_needed`, `transfer_in_details`, `transfer_OUT_details`) VALUES ('402', '721', 2, 1, 1, 0, 0, 0, 'Harum sint deleniti veniam.', 'In dolores delectus sit provident recusandae praesentium dolore quod.');
INSERT INTO `visit_details` (`id`, `room_visit_id`, `adults_nomber`, `children_nomber`, `veg_breafast_nomber`, `non_veg_breafast_nomber`, `transfer_in_needed`, `transfer_out_needed`, `transfer_in_details`, `transfer_OUT_details`) VALUES ('403', '668', 3, 0, 1, 0, 1, 0, 'Modi eum rem et cumque porro cupiditate minus non.', 'Doloremque repellat magnam voluptatum blanditiis et et.');
INSERT INTO `visit_details` (`id`, `room_visit_id`, `adults_nomber`, `children_nomber`, `veg_breafast_nomber`, `non_veg_breafast_nomber`, `transfer_in_needed`, `transfer_out_needed`, `transfer_in_details`, `transfer_OUT_details`) VALUES ('404', '631', 1, 1, 0, 1, 0, 0, 'Ut molestiae similique placeat inventore adipisci aut.', 'Incidunt doloribus est corrupti alias.');
INSERT INTO `visit_details` (`id`, `room_visit_id`, `adults_nomber`, `children_nomber`, `veg_breafast_nomber`, `non_veg_breafast_nomber`, `transfer_in_needed`, `transfer_out_needed`, `transfer_in_details`, `transfer_OUT_details`) VALUES ('405', '555', 3, 1, 0, 0, 1, 0, 'Omnis et molestias sit ut.', 'Aspernatur voluptatibus dolor sed vero sed error molestiae.');
INSERT INTO `visit_details` (`id`, `room_visit_id`, `adults_nomber`, `children_nomber`, `veg_breafast_nomber`, `non_veg_breafast_nomber`, `transfer_in_needed`, `transfer_out_needed`, `transfer_in_details`, `transfer_OUT_details`) VALUES ('406', '518', 2, 1, 0, 0, 1, 0, 'Sunt sint eaque architecto et.', 'Similique error harum nihil.');
INSERT INTO `visit_details` (`id`, `room_visit_id`, `adults_nomber`, `children_nomber`, `veg_breafast_nomber`, `non_veg_breafast_nomber`, `transfer_in_needed`, `transfer_out_needed`, `transfer_in_details`, `transfer_OUT_details`) VALUES ('407', '608', 2, 0, 0, 1, 1, 0, 'Consequuntur quibusdam consequatur error ut earum tempore.', 'Et repudiandae aliquid temporibus et ea deserunt.');
INSERT INTO `visit_details` (`id`, `room_visit_id`, `adults_nomber`, `children_nomber`, `veg_breafast_nomber`, `non_veg_breafast_nomber`, `transfer_in_needed`, `transfer_out_needed`, `transfer_in_details`, `transfer_OUT_details`) VALUES ('408', '867', 1, 2, 1, 0, 1, 0, 'Voluptates incidunt animi iste sed veritatis nostrum tempora.', 'Blanditiis porro et dolores voluptatem.');
INSERT INTO `visit_details` (`id`, `room_visit_id`, `adults_nomber`, `children_nomber`, `veg_breafast_nomber`, `non_veg_breafast_nomber`, `transfer_in_needed`, `transfer_out_needed`, `transfer_in_details`, `transfer_OUT_details`) VALUES ('409', '608', 1, 2, 0, 0, 0, 1, 'Beatae ut quam iste saepe facere rem modi ut.', 'Qui beatae quia beatae dolores officia.');
INSERT INTO `visit_details` (`id`, `room_visit_id`, `adults_nomber`, `children_nomber`, `veg_breafast_nomber`, `non_veg_breafast_nomber`, `transfer_in_needed`, `transfer_out_needed`, `transfer_in_details`, `transfer_OUT_details`) VALUES ('410', '937', 2, 2, 0, 0, 1, 0, 'Reprehenderit deserunt nam et dolore.', 'Sit unde dolor rerum et sint.');
INSERT INTO `visit_details` (`id`, `room_visit_id`, `adults_nomber`, `children_nomber`, `veg_breafast_nomber`, `non_veg_breafast_nomber`, `transfer_in_needed`, `transfer_out_needed`, `transfer_in_details`, `transfer_OUT_details`) VALUES ('411', '521', 2, 0, 1, 0, 1, 1, 'Voluptas voluptatibus atque odit.', 'Eos atque temporibus et voluptatibus.');
INSERT INTO `visit_details` (`id`, `room_visit_id`, `adults_nomber`, `children_nomber`, `veg_breafast_nomber`, `non_veg_breafast_nomber`, `transfer_in_needed`, `transfer_out_needed`, `transfer_in_details`, `transfer_OUT_details`) VALUES ('412', '793', 3, 2, 0, 1, 1, 1, 'Inventore amet non excepturi consequatur voluptas.', 'Temporibus reprehenderit eius neque consequatur eos et rerum.');
INSERT INTO `visit_details` (`id`, `room_visit_id`, `adults_nomber`, `children_nomber`, `veg_breafast_nomber`, `non_veg_breafast_nomber`, `transfer_in_needed`, `transfer_out_needed`, `transfer_in_details`, `transfer_OUT_details`) VALUES ('413', '565', 3, 1, 0, 0, 0, 0, 'A temporibus a perspiciatis velit enim.', 'Exercitationem perferendis accusamus cum quae quae.');
INSERT INTO `visit_details` (`id`, `room_visit_id`, `adults_nomber`, `children_nomber`, `veg_breafast_nomber`, `non_veg_breafast_nomber`, `transfer_in_needed`, `transfer_out_needed`, `transfer_in_details`, `transfer_OUT_details`) VALUES ('414', '674', 1, 2, 0, 0, 1, 1, 'Consectetur ipsam iusto aspernatur est dolor aut expedita.', 'Unde fuga fugiat molestiae ad voluptas ut totam.');
INSERT INTO `visit_details` (`id`, `room_visit_id`, `adults_nomber`, `children_nomber`, `veg_breafast_nomber`, `non_veg_breafast_nomber`, `transfer_in_needed`, `transfer_out_needed`, `transfer_in_details`, `transfer_OUT_details`) VALUES ('415', '523', 3, 0, 0, 0, 1, 1, 'Rerum corporis vel aut in aut ipsa ut.', 'Perferendis et ea ea ea non ullam.');
INSERT INTO `visit_details` (`id`, `room_visit_id`, `adults_nomber`, `children_nomber`, `veg_breafast_nomber`, `non_veg_breafast_nomber`, `transfer_in_needed`, `transfer_out_needed`, `transfer_in_details`, `transfer_OUT_details`) VALUES ('416', '549', 3, 1, 0, 0, 0, 0, 'Rerum molestias aspernatur quos veniam ut.', 'Maiores consequatur reprehenderit ea vel autem ex vero.');
INSERT INTO `visit_details` (`id`, `room_visit_id`, `adults_nomber`, `children_nomber`, `veg_breafast_nomber`, `non_veg_breafast_nomber`, `transfer_in_needed`, `transfer_out_needed`, `transfer_in_details`, `transfer_OUT_details`) VALUES ('417', '961', 3, 1, 1, 1, 0, 0, 'Odit harum qui rerum voluptatem modi veritatis et.', 'Minus laborum unde ea voluptatem nesciunt rem.');
INSERT INTO `visit_details` (`id`, `room_visit_id`, `adults_nomber`, `children_nomber`, `veg_breafast_nomber`, `non_veg_breafast_nomber`, `transfer_in_needed`, `transfer_out_needed`, `transfer_in_details`, `transfer_OUT_details`) VALUES ('418', '638', 1, 0, 1, 0, 0, 0, 'Id dolores cumque omnis rerum ex quos et ipsum.', 'Id quod nam odit aspernatur et magni illum.');
INSERT INTO `visit_details` (`id`, `room_visit_id`, `adults_nomber`, `children_nomber`, `veg_breafast_nomber`, `non_veg_breafast_nomber`, `transfer_in_needed`, `transfer_out_needed`, `transfer_in_details`, `transfer_OUT_details`) VALUES ('419', '767', 1, 2, 1, 1, 0, 0, 'Totam est eos aliquid delectus delectus pariatur.', 'Quidem quos magnam et quis ipsam.');
INSERT INTO `visit_details` (`id`, `room_visit_id`, `adults_nomber`, `children_nomber`, `veg_breafast_nomber`, `non_veg_breafast_nomber`, `transfer_in_needed`, `transfer_out_needed`, `transfer_in_details`, `transfer_OUT_details`) VALUES ('420', '942', 1, 2, 1, 1, 0, 0, 'Nobis sint aut commodi a.', 'Provident est nam non.');
INSERT INTO `visit_details` (`id`, `room_visit_id`, `adults_nomber`, `children_nomber`, `veg_breafast_nomber`, `non_veg_breafast_nomber`, `transfer_in_needed`, `transfer_out_needed`, `transfer_in_details`, `transfer_OUT_details`) VALUES ('421', '783', 2, 2, 0, 1, 0, 1, 'Laudantium officia quia impedit quaerat ut et totam.', 'Atque iste alias hic ut quod temporibus deleniti.');
INSERT INTO `visit_details` (`id`, `room_visit_id`, `adults_nomber`, `children_nomber`, `veg_breafast_nomber`, `non_veg_breafast_nomber`, `transfer_in_needed`, `transfer_out_needed`, `transfer_in_details`, `transfer_OUT_details`) VALUES ('422', '592', 2, 1, 1, 0, 0, 1, 'Delectus iste error quis nisi placeat ducimus.', 'Voluptates itaque culpa possimus ea nam quas nemo.');
INSERT INTO `visit_details` (`id`, `room_visit_id`, `adults_nomber`, `children_nomber`, `veg_breafast_nomber`, `non_veg_breafast_nomber`, `transfer_in_needed`, `transfer_out_needed`, `transfer_in_details`, `transfer_OUT_details`) VALUES ('423', '678', 2, 2, 1, 1, 0, 0, 'Cumque asperiores consequatur rerum.', 'Debitis debitis qui aut optio beatae.');
INSERT INTO `visit_details` (`id`, `room_visit_id`, `adults_nomber`, `children_nomber`, `veg_breafast_nomber`, `non_veg_breafast_nomber`, `transfer_in_needed`, `transfer_out_needed`, `transfer_in_details`, `transfer_OUT_details`) VALUES ('424', '865', 1, 2, 0, 0, 0, 0, 'Eos tempora facere occaecati accusamus laboriosam laboriosam aut.', 'Repellat et suscipit laboriosam vero quo.');
INSERT INTO `visit_details` (`id`, `room_visit_id`, `adults_nomber`, `children_nomber`, `veg_breafast_nomber`, `non_veg_breafast_nomber`, `transfer_in_needed`, `transfer_out_needed`, `transfer_in_details`, `transfer_OUT_details`) VALUES ('425', '692', 1, 2, 0, 0, 0, 1, 'Similique et sunt occaecati voluptatem est.', 'Assumenda voluptatem et tempore nihil deserunt.');
INSERT INTO `visit_details` (`id`, `room_visit_id`, `adults_nomber`, `children_nomber`, `veg_breafast_nomber`, `non_veg_breafast_nomber`, `transfer_in_needed`, `transfer_out_needed`, `transfer_in_details`, `transfer_OUT_details`) VALUES ('426', '725', 1, 0, 0, 0, 1, 0, 'Consequuntur aspernatur officia voluptatum ducimus recusandae aut sequi.', 'Aut voluptatem architecto cupiditate beatae placeat eveniet in sunt.');
INSERT INTO `visit_details` (`id`, `room_visit_id`, `adults_nomber`, `children_nomber`, `veg_breafast_nomber`, `non_veg_breafast_nomber`, `transfer_in_needed`, `transfer_out_needed`, `transfer_in_details`, `transfer_OUT_details`) VALUES ('427', '571', 2, 1, 1, 1, 1, 1, 'Fuga ratione consequatur expedita voluptas omnis ab ut.', 'Ut enim iure iste quis saepe.');
INSERT INTO `visit_details` (`id`, `room_visit_id`, `adults_nomber`, `children_nomber`, `veg_breafast_nomber`, `non_veg_breafast_nomber`, `transfer_in_needed`, `transfer_out_needed`, `transfer_in_details`, `transfer_OUT_details`) VALUES ('428', '906', 3, 0, 0, 0, 0, 0, 'Veritatis officia et eum maiores ullam.', 'Quidem est ut et numquam praesentium magni velit.');
INSERT INTO `visit_details` (`id`, `room_visit_id`, `adults_nomber`, `children_nomber`, `veg_breafast_nomber`, `non_veg_breafast_nomber`, `transfer_in_needed`, `transfer_out_needed`, `transfer_in_details`, `transfer_OUT_details`) VALUES ('429', '602', 1, 0, 0, 1, 1, 0, 'Quasi placeat molestiae veniam aut quos alias.', 'Qui illum ut veritatis molestiae.');
INSERT INTO `visit_details` (`id`, `room_visit_id`, `adults_nomber`, `children_nomber`, `veg_breafast_nomber`, `non_veg_breafast_nomber`, `transfer_in_needed`, `transfer_out_needed`, `transfer_in_details`, `transfer_OUT_details`) VALUES ('430', '672', 2, 0, 0, 0, 1, 1, 'Nihil vitae necessitatibus sit explicabo consectetur consequuntur ab.', 'Aut accusamus molestiae exercitationem recusandae fugit consequatur sint.');
INSERT INTO `visit_details` (`id`, `room_visit_id`, `adults_nomber`, `children_nomber`, `veg_breafast_nomber`, `non_veg_breafast_nomber`, `transfer_in_needed`, `transfer_out_needed`, `transfer_in_details`, `transfer_OUT_details`) VALUES ('431', '548', 3, 2, 1, 1, 1, 0, 'Ea doloribus sunt voluptates sit cumque fugit illum.', 'Magni consequatur deserunt ipsum rem voluptas eligendi.');
INSERT INTO `visit_details` (`id`, `room_visit_id`, `adults_nomber`, `children_nomber`, `veg_breafast_nomber`, `non_veg_breafast_nomber`, `transfer_in_needed`, `transfer_out_needed`, `transfer_in_details`, `transfer_OUT_details`) VALUES ('432', '831', 3, 2, 1, 0, 0, 0, 'Beatae et beatae libero culpa harum.', 'Nisi consectetur et rerum non.');
INSERT INTO `visit_details` (`id`, `room_visit_id`, `adults_nomber`, `children_nomber`, `veg_breafast_nomber`, `non_veg_breafast_nomber`, `transfer_in_needed`, `transfer_out_needed`, `transfer_in_details`, `transfer_OUT_details`) VALUES ('433', '893', 2, 2, 0, 1, 1, 1, 'Quia asperiores velit qui qui.', 'Optio ut qui consequuntur quis aut.');
INSERT INTO `visit_details` (`id`, `room_visit_id`, `adults_nomber`, `children_nomber`, `veg_breafast_nomber`, `non_veg_breafast_nomber`, `transfer_in_needed`, `transfer_out_needed`, `transfer_in_details`, `transfer_OUT_details`) VALUES ('434', '715', 1, 1, 1, 1, 1, 1, 'Consequatur nisi possimus rerum totam magnam eos.', 'Ratione eius facere et ex sed nemo.');
INSERT INTO `visit_details` (`id`, `room_visit_id`, `adults_nomber`, `children_nomber`, `veg_breafast_nomber`, `non_veg_breafast_nomber`, `transfer_in_needed`, `transfer_out_needed`, `transfer_in_details`, `transfer_OUT_details`) VALUES ('435', '962', 2, 1, 1, 1, 1, 0, 'Illum dignissimos quibusdam animi distinctio odio minima.', 'At est dolores earum reiciendis deserunt qui officiis sint.');
INSERT INTO `visit_details` (`id`, `room_visit_id`, `adults_nomber`, `children_nomber`, `veg_breafast_nomber`, `non_veg_breafast_nomber`, `transfer_in_needed`, `transfer_out_needed`, `transfer_in_details`, `transfer_OUT_details`) VALUES ('436', '948', 1, 0, 1, 0, 0, 1, 'Enim et et eum culpa totam ipsum.', 'Voluptas recusandae nesciunt nulla officia iste.');
INSERT INTO `visit_details` (`id`, `room_visit_id`, `adults_nomber`, `children_nomber`, `veg_breafast_nomber`, `non_veg_breafast_nomber`, `transfer_in_needed`, `transfer_out_needed`, `transfer_in_details`, `transfer_OUT_details`) VALUES ('437', '733', 3, 1, 1, 0, 1, 1, 'Et et et tempore iure totam.', 'Vel veritatis culpa aspernatur enim.');
INSERT INTO `visit_details` (`id`, `room_visit_id`, `adults_nomber`, `children_nomber`, `veg_breafast_nomber`, `non_veg_breafast_nomber`, `transfer_in_needed`, `transfer_out_needed`, `transfer_in_details`, `transfer_OUT_details`) VALUES ('438', '588', 1, 1, 0, 0, 1, 0, 'Doloremque cum commodi quam assumenda et minima natus pariatur.', 'Aut dolores sit non nemo.');
INSERT INTO `visit_details` (`id`, `room_visit_id`, `adults_nomber`, `children_nomber`, `veg_breafast_nomber`, `non_veg_breafast_nomber`, `transfer_in_needed`, `transfer_out_needed`, `transfer_in_details`, `transfer_OUT_details`) VALUES ('439', '833', 2, 1, 1, 0, 1, 1, 'Sed dolores occaecati at vel ullam et dolore.', 'Sint quia explicabo laudantium quod animi nihil laudantium.');
INSERT INTO `visit_details` (`id`, `room_visit_id`, `adults_nomber`, `children_nomber`, `veg_breafast_nomber`, `non_veg_breafast_nomber`, `transfer_in_needed`, `transfer_out_needed`, `transfer_in_details`, `transfer_OUT_details`) VALUES ('440', '841', 1, 0, 1, 0, 0, 1, 'Laboriosam autem quasi ratione ipsa doloribus.', 'Dolores officia error nemo maxime at et.');
INSERT INTO `visit_details` (`id`, `room_visit_id`, `adults_nomber`, `children_nomber`, `veg_breafast_nomber`, `non_veg_breafast_nomber`, `transfer_in_needed`, `transfer_out_needed`, `transfer_in_details`, `transfer_OUT_details`) VALUES ('441', '544', 3, 0, 1, 0, 1, 0, 'Quidem explicabo laborum consequatur et ea quia ut.', 'Eveniet libero quam distinctio ut sint animi magnam.');
INSERT INTO `visit_details` (`id`, `room_visit_id`, `adults_nomber`, `children_nomber`, `veg_breafast_nomber`, `non_veg_breafast_nomber`, `transfer_in_needed`, `transfer_out_needed`, `transfer_in_details`, `transfer_OUT_details`) VALUES ('442', '854', 2, 0, 1, 1, 1, 1, 'Earum nesciunt qui in harum expedita.', 'Assumenda vel sunt ut voluptate mollitia ipsum sed.');
INSERT INTO `visit_details` (`id`, `room_visit_id`, `adults_nomber`, `children_nomber`, `veg_breafast_nomber`, `non_veg_breafast_nomber`, `transfer_in_needed`, `transfer_out_needed`, `transfer_in_details`, `transfer_OUT_details`) VALUES ('443', '652', 3, 1, 0, 1, 1, 0, 'Cupiditate ipsam quas est accusamus optio reiciendis.', 'Consequatur eos dolor ut ut enim non porro.');
INSERT INTO `visit_details` (`id`, `room_visit_id`, `adults_nomber`, `children_nomber`, `veg_breafast_nomber`, `non_veg_breafast_nomber`, `transfer_in_needed`, `transfer_out_needed`, `transfer_in_details`, `transfer_OUT_details`) VALUES ('444', '609', 1, 1, 1, 0, 1, 1, 'Voluptas beatae consequatur dolores minima qui earum ab.', 'Cum et est culpa maxime dolorum aut vel.');
INSERT INTO `visit_details` (`id`, `room_visit_id`, `adults_nomber`, `children_nomber`, `veg_breafast_nomber`, `non_veg_breafast_nomber`, `transfer_in_needed`, `transfer_out_needed`, `transfer_in_details`, `transfer_OUT_details`) VALUES ('445', '546', 1, 0, 0, 1, 1, 0, 'Culpa impedit minus necessitatibus voluptatem eum eum.', 'Cumque architecto ratione laboriosam natus porro fuga nam.');
INSERT INTO `visit_details` (`id`, `room_visit_id`, `adults_nomber`, `children_nomber`, `veg_breafast_nomber`, `non_veg_breafast_nomber`, `transfer_in_needed`, `transfer_out_needed`, `transfer_in_details`, `transfer_OUT_details`) VALUES ('446', '675', 1, 1, 0, 0, 0, 1, 'Quas nemo temporibus inventore ut velit.', 'Sed ipsa minima iure molestias.');
INSERT INTO `visit_details` (`id`, `room_visit_id`, `adults_nomber`, `children_nomber`, `veg_breafast_nomber`, `non_veg_breafast_nomber`, `transfer_in_needed`, `transfer_out_needed`, `transfer_in_details`, `transfer_OUT_details`) VALUES ('447', '657', 3, 2, 0, 0, 1, 0, 'Quisquam consequatur officiis ratione autem et ut.', 'Eveniet voluptas voluptate iste omnis.');
INSERT INTO `visit_details` (`id`, `room_visit_id`, `adults_nomber`, `children_nomber`, `veg_breafast_nomber`, `non_veg_breafast_nomber`, `transfer_in_needed`, `transfer_out_needed`, `transfer_in_details`, `transfer_OUT_details`) VALUES ('448', '526', 2, 0, 0, 1, 0, 1, 'Eveniet eaque et culpa quas.', 'Consequatur quaerat sit nostrum ex id tempora accusantium.');
INSERT INTO `visit_details` (`id`, `room_visit_id`, `adults_nomber`, `children_nomber`, `veg_breafast_nomber`, `non_veg_breafast_nomber`, `transfer_in_needed`, `transfer_out_needed`, `transfer_in_details`, `transfer_OUT_details`) VALUES ('449', '812', 2, 2, 0, 0, 1, 1, 'Quisquam eligendi veritatis consequatur nesciunt.', 'Aut corrupti amet expedita soluta.');
INSERT INTO `visit_details` (`id`, `room_visit_id`, `adults_nomber`, `children_nomber`, `veg_breafast_nomber`, `non_veg_breafast_nomber`, `transfer_in_needed`, `transfer_out_needed`, `transfer_in_details`, `transfer_OUT_details`) VALUES ('450', '924', 2, 0, 1, 1, 0, 0, 'Ex voluptatibus odio excepturi reiciendis omnis.', 'Distinctio corporis in et aut consequatur facilis aut.');
INSERT INTO `visit_details` (`id`, `room_visit_id`, `adults_nomber`, `children_nomber`, `veg_breafast_nomber`, `non_veg_breafast_nomber`, `transfer_in_needed`, `transfer_out_needed`, `transfer_in_details`, `transfer_OUT_details`) VALUES ('451', '968', 3, 2, 0, 0, 0, 0, 'Eius officiis dolore quia in est eum voluptatem neque.', 'Provident explicabo eligendi rerum maiores asperiores enim exercitationem.');
INSERT INTO `visit_details` (`id`, `room_visit_id`, `adults_nomber`, `children_nomber`, `veg_breafast_nomber`, `non_veg_breafast_nomber`, `transfer_in_needed`, `transfer_out_needed`, `transfer_in_details`, `transfer_OUT_details`) VALUES ('452', '613', 1, 0, 1, 0, 0, 0, 'Dicta officiis consectetur dicta.', 'Aut culpa dolores in veritatis maiores quia.');
INSERT INTO `visit_details` (`id`, `room_visit_id`, `adults_nomber`, `children_nomber`, `veg_breafast_nomber`, `non_veg_breafast_nomber`, `transfer_in_needed`, `transfer_out_needed`, `transfer_in_details`, `transfer_OUT_details`) VALUES ('453', '535', 1, 0, 0, 1, 0, 0, 'Quia ut dolores suscipit autem.', 'Qui a est aut assumenda cum nam.');
INSERT INTO `visit_details` (`id`, `room_visit_id`, `adults_nomber`, `children_nomber`, `veg_breafast_nomber`, `non_veg_breafast_nomber`, `transfer_in_needed`, `transfer_out_needed`, `transfer_in_details`, `transfer_OUT_details`) VALUES ('454', '664', 1, 1, 1, 1, 1, 1, 'Quia repudiandae qui consequuntur perspiciatis.', 'Soluta perspiciatis eaque nemo voluptatem temporibus.');
INSERT INTO `visit_details` (`id`, `room_visit_id`, `adults_nomber`, `children_nomber`, `veg_breafast_nomber`, `non_veg_breafast_nomber`, `transfer_in_needed`, `transfer_out_needed`, `transfer_in_details`, `transfer_OUT_details`) VALUES ('455', '978', 1, 1, 1, 0, 1, 0, 'Iure aliquid est pariatur eaque a qui delectus aut.', 'Sunt deserunt ipsum quo fuga.');
INSERT INTO `visit_details` (`id`, `room_visit_id`, `adults_nomber`, `children_nomber`, `veg_breafast_nomber`, `non_veg_breafast_nomber`, `transfer_in_needed`, `transfer_out_needed`, `transfer_in_details`, `transfer_OUT_details`) VALUES ('456', '726', 1, 0, 1, 1, 1, 1, 'Quis voluptatem sint est unde officiis.', 'Voluptatem a cupiditate ut nostrum enim.');
INSERT INTO `visit_details` (`id`, `room_visit_id`, `adults_nomber`, `children_nomber`, `veg_breafast_nomber`, `non_veg_breafast_nomber`, `transfer_in_needed`, `transfer_out_needed`, `transfer_in_details`, `transfer_OUT_details`) VALUES ('457', '889', 1, 1, 0, 1, 1, 0, 'Ad sit est sed aperiam ut velit.', 'Aliquid dicta dolor consequatur quis non accusantium.');
INSERT INTO `visit_details` (`id`, `room_visit_id`, `adults_nomber`, `children_nomber`, `veg_breafast_nomber`, `non_veg_breafast_nomber`, `transfer_in_needed`, `transfer_out_needed`, `transfer_in_details`, `transfer_OUT_details`) VALUES ('458', '567', 3, 0, 0, 0, 0, 0, 'Ut omnis commodi vel sunt.', 'Provident ullam aliquid et cum cupiditate voluptatibus molestias voluptatum.');
INSERT INTO `visit_details` (`id`, `room_visit_id`, `adults_nomber`, `children_nomber`, `veg_breafast_nomber`, `non_veg_breafast_nomber`, `transfer_in_needed`, `transfer_out_needed`, `transfer_in_details`, `transfer_OUT_details`) VALUES ('459', '650', 3, 1, 0, 0, 1, 1, 'Ut eum delectus corporis quis voluptatem temporibus.', 'Molestias nihil enim amet cumque veritatis aut ipsam.');
INSERT INTO `visit_details` (`id`, `room_visit_id`, `adults_nomber`, `children_nomber`, `veg_breafast_nomber`, `non_veg_breafast_nomber`, `transfer_in_needed`, `transfer_out_needed`, `transfer_in_details`, `transfer_OUT_details`) VALUES ('460', '509', 1, 2, 1, 1, 1, 0, 'Nobis veniam maxime et autem veniam facilis minus.', 'Amet optio quaerat voluptas numquam non delectus neque.');
INSERT INTO `visit_details` (`id`, `room_visit_id`, `adults_nomber`, `children_nomber`, `veg_breafast_nomber`, `non_veg_breafast_nomber`, `transfer_in_needed`, `transfer_out_needed`, `transfer_in_details`, `transfer_OUT_details`) VALUES ('461', '738', 2, 2, 1, 0, 0, 1, 'Enim odio adipisci aperiam qui minus omnis.', 'Est labore nihil quibusdam perspiciatis eos et.');
INSERT INTO `visit_details` (`id`, `room_visit_id`, `adults_nomber`, `children_nomber`, `veg_breafast_nomber`, `non_veg_breafast_nomber`, `transfer_in_needed`, `transfer_out_needed`, `transfer_in_details`, `transfer_OUT_details`) VALUES ('462', '698', 3, 2, 1, 1, 0, 0, 'Delectus et neque quis sit.', 'Pariatur dolores hic incidunt aspernatur et exercitationem.');
INSERT INTO `visit_details` (`id`, `room_visit_id`, `adults_nomber`, `children_nomber`, `veg_breafast_nomber`, `non_veg_breafast_nomber`, `transfer_in_needed`, `transfer_out_needed`, `transfer_in_details`, `transfer_OUT_details`) VALUES ('463', '840', 1, 0, 0, 0, 0, 1, 'Omnis ut aut totam quia dolorum aliquid.', 'Eveniet itaque ea aut qui ab distinctio.');
INSERT INTO `visit_details` (`id`, `room_visit_id`, `adults_nomber`, `children_nomber`, `veg_breafast_nomber`, `non_veg_breafast_nomber`, `transfer_in_needed`, `transfer_out_needed`, `transfer_in_details`, `transfer_OUT_details`) VALUES ('464', '650', 3, 0, 1, 0, 0, 1, 'Velit in nam officia occaecati.', 'Numquam accusamus ipsa aspernatur minima.');
INSERT INTO `visit_details` (`id`, `room_visit_id`, `adults_nomber`, `children_nomber`, `veg_breafast_nomber`, `non_veg_breafast_nomber`, `transfer_in_needed`, `transfer_out_needed`, `transfer_in_details`, `transfer_OUT_details`) VALUES ('465', '912', 2, 1, 0, 1, 0, 1, 'Quasi architecto nisi modi inventore aut assumenda.', 'Commodi alias sint porro.');
INSERT INTO `visit_details` (`id`, `room_visit_id`, `adults_nomber`, `children_nomber`, `veg_breafast_nomber`, `non_veg_breafast_nomber`, `transfer_in_needed`, `transfer_out_needed`, `transfer_in_details`, `transfer_OUT_details`) VALUES ('466', '821', 1, 0, 0, 1, 1, 0, 'Occaecati laborum veritatis qui eum perferendis dolor.', 'Aut aut inventore earum eum vel nostrum alias.');
INSERT INTO `visit_details` (`id`, `room_visit_id`, `adults_nomber`, `children_nomber`, `veg_breafast_nomber`, `non_veg_breafast_nomber`, `transfer_in_needed`, `transfer_out_needed`, `transfer_in_details`, `transfer_OUT_details`) VALUES ('467', '616', 3, 2, 0, 1, 1, 0, 'Consectetur ut est voluptates deserunt.', 'Modi at deserunt non ea exercitationem.');
INSERT INTO `visit_details` (`id`, `room_visit_id`, `adults_nomber`, `children_nomber`, `veg_breafast_nomber`, `non_veg_breafast_nomber`, `transfer_in_needed`, `transfer_out_needed`, `transfer_in_details`, `transfer_OUT_details`) VALUES ('468', '663', 1, 2, 1, 0, 0, 0, 'Praesentium quisquam quia consequatur nemo quia quisquam sunt.', 'Tempore fugiat molestiae ex aperiam voluptatem.');
INSERT INTO `visit_details` (`id`, `room_visit_id`, `adults_nomber`, `children_nomber`, `veg_breafast_nomber`, `non_veg_breafast_nomber`, `transfer_in_needed`, `transfer_out_needed`, `transfer_in_details`, `transfer_OUT_details`) VALUES ('469', '909', 2, 0, 1, 0, 1, 0, 'In iusto reprehenderit quis repudiandae ut ratione omnis.', 'Tempore ut praesentium autem ut omnis sed et.');
INSERT INTO `visit_details` (`id`, `room_visit_id`, `adults_nomber`, `children_nomber`, `veg_breafast_nomber`, `non_veg_breafast_nomber`, `transfer_in_needed`, `transfer_out_needed`, `transfer_in_details`, `transfer_OUT_details`) VALUES ('470', '949', 1, 2, 1, 0, 1, 0, 'Quam quis aliquam est facere enim.', 'Aut praesentium cupiditate qui magni adipisci at est quo.');
INSERT INTO `visit_details` (`id`, `room_visit_id`, `adults_nomber`, `children_nomber`, `veg_breafast_nomber`, `non_veg_breafast_nomber`, `transfer_in_needed`, `transfer_out_needed`, `transfer_in_details`, `transfer_OUT_details`) VALUES ('471', '522', 2, 1, 1, 0, 0, 0, 'Aut saepe suscipit voluptas placeat dolores fugit ad.', 'Delectus vero reprehenderit aliquid quos.');
INSERT INTO `visit_details` (`id`, `room_visit_id`, `adults_nomber`, `children_nomber`, `veg_breafast_nomber`, `non_veg_breafast_nomber`, `transfer_in_needed`, `transfer_out_needed`, `transfer_in_details`, `transfer_OUT_details`) VALUES ('472', '952', 2, 2, 0, 1, 1, 0, 'Rerum ipsa doloremque dolor quas tempore.', 'Dolore eum quia adipisci facilis est enim.');
INSERT INTO `visit_details` (`id`, `room_visit_id`, `adults_nomber`, `children_nomber`, `veg_breafast_nomber`, `non_veg_breafast_nomber`, `transfer_in_needed`, `transfer_out_needed`, `transfer_in_details`, `transfer_OUT_details`) VALUES ('473', '821', 1, 0, 1, 0, 1, 1, 'At culpa nemo in eaque.', 'Accusamus repudiandae autem voluptate vel minus facilis.');
INSERT INTO `visit_details` (`id`, `room_visit_id`, `adults_nomber`, `children_nomber`, `veg_breafast_nomber`, `non_veg_breafast_nomber`, `transfer_in_needed`, `transfer_out_needed`, `transfer_in_details`, `transfer_OUT_details`) VALUES ('474', '674', 2, 1, 0, 0, 0, 0, 'Laudantium dolorum perferendis non est culpa.', 'Aperiam molestiae nostrum sint qui.');
INSERT INTO `visit_details` (`id`, `room_visit_id`, `adults_nomber`, `children_nomber`, `veg_breafast_nomber`, `non_veg_breafast_nomber`, `transfer_in_needed`, `transfer_out_needed`, `transfer_in_details`, `transfer_OUT_details`) VALUES ('475', '580', 2, 1, 0, 0, 0, 1, 'Assumenda alias eos eum molestias hic explicabo.', 'Assumenda nam nam ut commodi at facere consequatur.');
INSERT INTO `visit_details` (`id`, `room_visit_id`, `adults_nomber`, `children_nomber`, `veg_breafast_nomber`, `non_veg_breafast_nomber`, `transfer_in_needed`, `transfer_out_needed`, `transfer_in_details`, `transfer_OUT_details`) VALUES ('476', '867', 2, 0, 1, 0, 1, 0, 'Minima magni dolore earum rem adipisci fugiat.', 'Architecto in quae exercitationem qui.');
INSERT INTO `visit_details` (`id`, `room_visit_id`, `adults_nomber`, `children_nomber`, `veg_breafast_nomber`, `non_veg_breafast_nomber`, `transfer_in_needed`, `transfer_out_needed`, `transfer_in_details`, `transfer_OUT_details`) VALUES ('477', '848', 3, 2, 0, 0, 1, 0, 'Provident necessitatibus voluptatum veniam natus.', 'Blanditiis repellendus dolore aut et et dolor.');
INSERT INTO `visit_details` (`id`, `room_visit_id`, `adults_nomber`, `children_nomber`, `veg_breafast_nomber`, `non_veg_breafast_nomber`, `transfer_in_needed`, `transfer_out_needed`, `transfer_in_details`, `transfer_OUT_details`) VALUES ('478', '737', 3, 2, 0, 0, 1, 0, 'Placeat distinctio consequuntur ullam voluptatem perspiciatis eum.', 'Ut molestiae sunt fugit iusto consectetur consectetur.');
INSERT INTO `visit_details` (`id`, `room_visit_id`, `adults_nomber`, `children_nomber`, `veg_breafast_nomber`, `non_veg_breafast_nomber`, `transfer_in_needed`, `transfer_out_needed`, `transfer_in_details`, `transfer_OUT_details`) VALUES ('479', '893', 2, 2, 1, 1, 1, 0, 'Quas officia similique rerum repudiandae.', 'Sint suscipit illum non eaque earum et voluptas omnis.');
INSERT INTO `visit_details` (`id`, `room_visit_id`, `adults_nomber`, `children_nomber`, `veg_breafast_nomber`, `non_veg_breafast_nomber`, `transfer_in_needed`, `transfer_out_needed`, `transfer_in_details`, `transfer_OUT_details`) VALUES ('480', '678', 3, 2, 0, 1, 1, 0, 'Et est et autem reiciendis odit illo.', 'Eaque impedit temporibus temporibus qui culpa fugiat.');
INSERT INTO `visit_details` (`id`, `room_visit_id`, `adults_nomber`, `children_nomber`, `veg_breafast_nomber`, `non_veg_breafast_nomber`, `transfer_in_needed`, `transfer_out_needed`, `transfer_in_details`, `transfer_OUT_details`) VALUES ('481', '679', 2, 2, 0, 1, 0, 0, 'Quia aut qui praesentium laudantium in ea vitae.', 'Omnis dolorum necessitatibus aut quibusdam eos culpa.');
INSERT INTO `visit_details` (`id`, `room_visit_id`, `adults_nomber`, `children_nomber`, `veg_breafast_nomber`, `non_veg_breafast_nomber`, `transfer_in_needed`, `transfer_out_needed`, `transfer_in_details`, `transfer_OUT_details`) VALUES ('482', '879', 2, 0, 0, 0, 1, 1, 'Nobis exercitationem ut suscipit expedita.', 'Sapiente quaerat rerum iure sapiente exercitationem.');


DROP TRIGGER IF EXISTS room_visit_details_check_on_update;
CREATE TRIGGER room_visit_details_check_on_update BEFORE UPDATE ON visit_details
FOR EACH ROW
	BEGIN
		DECLARE ri_id INT;
		DECLARE b_var TINYTEXT;
		set @rvi = old.room_visit_id;
  		SELECT room_id INTO ri_id FROM room_visit WHERE id  = @rvi LIMIT 1;
		SELECT bed_variation into b_var  FROM room_info WHERE room_info.id = ri_id LIMIT 1;
		
		IF (b_var = '1 single' and new.adults_nomber > 1) OR 
		   (b_var = '2 single' and new.adults_nomber > 2) OR 
		   (b_var = '3 single' and new.adults_nomber > 3) OR 
		   (b_var = '1 twin' and new.adults_nomber > 2) THEN 
			signal SQLSTATE '45000' SET MESSAGE_TEXT = 'UPDATE CENSELLED!';
		END IF;	
	END;


DROP TRIGGER IF EXISTS room_visit_details_check_on_insert;
CREATE TRIGGER room_visit_details_check_on_insert BEFORE INSERT ON visit_details
FOR EACH ROW
	BEGIN
		DECLARE ri_id INT;
		DECLARE b_var TINYTEXT;
		set @rvi = new.room_visit_id;
  		SELECT room_id INTO ri_id FROM room_visit WHERE id  = @rvi LIMIT 1;
		SELECT bed_variation into b_var  FROM room_info WHERE room_info.id = ri_id LIMIT 1;
		
		IF (b_var = '1 single' and new.adults_nomber > 1) OR 
		   (b_var = '2 single' and new.adults_nomber > 2) OR 
		   (b_var = '3 single' and new.adults_nomber > 3) OR 
		   (b_var = '1 twin' and new.adults_nomber > 2) THEN 
			signal SQLSTATE '45000' SET MESSAGE_TEXT = 'INSERT CENSELLED!';
		END IF;	
	END;

UPDATE visit_details
	set adults_nomber = 1
	where id = 2;

UPDATE visit_details
	set children_nomber = 4
	where id = 1;



#
# TABLE STRUCTURE FOR: where_to_go
#

DROP TABLE IF EXISTS `where_to_go`;

CREATE TABLE `where_to_go` (
  `id` bigint(20) unsigned NOT NULL AUTO_INCREMENT,
  `city_id` bigint(20) unsigned NOT NULL,
  `catigory_to_go` enum('cafe','restorant','bar','museum','beach','park','other') COLLATE utf8mb4_unicode_ci DEFAULT NULL,
  `title` varchar(128) COLLATE utf8mb4_unicode_ci DEFAULT NULL,
  `address` varchar(255) COLLATE utf8mb4_unicode_ci DEFAULT NULL,
  `description` text COLLATE utf8mb4_unicode_ci DEFAULT NULL,
  `web_page` varchar(128) COLLATE utf8mb4_unicode_ci DEFAULT NULL,
  UNIQUE KEY `id` (`id`),
  KEY `city_id` (`city_id`,`catigory_to_go`)
) ENGINE=InnoDB AUTO_INCREMENT=101 DEFAULT CHARSET=utf8mb4 COLLATE=utf8mb4_unicode_ci;

INSERT INTO `where_to_go` (`id`, `city_id`, `catigory_to_go`, `title`, `address`, `description`, `web_page`) VALUES ('1', '3', 'other', 'Doloribus modi id ipsa sit est distinctio quia.', '6860 Kamren Centers', 'Ab dolor et ea tempora et id at. Soluta ea voluptates natus. Voluptatum aut aliquid dolor. Consequatur laboriosam nihil ipsum iusto porro vero sed.', 'http://oberbrunner.com/');
INSERT INTO `where_to_go` (`id`, `city_id`, `catigory_to_go`, `title`, `address`, `description`, `web_page`) VALUES ('2', '9', 'beach', 'Aut hic et voluptatem reprehenderit corrupti commodi ut.', '48299 Angela Way Apt. 556', 'Eum eius iste voluptatibus omnis. Ullam libero omnis magnam delectus. Possimus aut dolor accusantium. Provident omnis et voluptatem quaerat.', 'http://hoppekihn.info/');
INSERT INTO `where_to_go` (`id`, `city_id`, `catigory_to_go`, `title`, `address`, `description`, `web_page`) VALUES ('3', '3', 'park', 'Laudantium in autem sit officia rerum saepe reprehenderit.', '14203 Birdie Ports', 'Aut explicabo dolores magni quasi et quo rem. In numquam pariatur dolore aliquam. Velit eum adipisci in consectetur deleniti. Consequatur velit est reiciendis aut aut enim minima. Iure mollitia doloribus explicabo sit aut qui fugit non.', 'http://rohantorp.com/');
INSERT INTO `where_to_go` (`id`, `city_id`, `catigory_to_go`, `title`, `address`, `description`, `web_page`) VALUES ('4', '1', 'beach', 'Sunt id voluptatibus tempore delectus aliquam.', '65896 Christiana Estates Suite 998', 'Aut voluptatum aut facilis eaque. Sint sint incidunt ipsam et ea quo eos sit.', 'http://hegmann.com/');
INSERT INTO `where_to_go` (`id`, `city_id`, `catigory_to_go`, `title`, `address`, `description`, `web_page`) VALUES ('5', '8', 'bar', 'Sit voluptas perferendis et quas quidem.', '167 Friesen Fall Apt. 452', 'Illum aut totam repellendus quae magni ut enim. Dolor quis eaque officia neque. Harum aut sit suscipit harum ut ut similique. Hic laboriosam tempora dicta ea.', 'http://abbott.com/');
INSERT INTO `where_to_go` (`id`, `city_id`, `catigory_to_go`, `title`, `address`, `description`, `web_page`) VALUES ('6', '6', 'restorant', 'Quo excepturi minus provident et.', '834 Hoeger Courts Suite 464', 'Eius expedita fugit ullam qui. Tempora consequatur qui sequi ipsa pariatur laborum officiis possimus. Perspiciatis rem perspiciatis dolores aperiam quidem nulla. Laboriosam iure quo alias saepe.', 'http://mayertgoyette.org/');
INSERT INTO `where_to_go` (`id`, `city_id`, `catigory_to_go`, `title`, `address`, `description`, `web_page`) VALUES ('7', '6', 'cafe', 'Consequatur et porro iste pariatur rerum et.', '28019 Harry Groves Suite 546', 'Recusandae ipsam numquam quisquam consectetur quidem. Nesciunt error eum cupiditate. Animi aut pariatur quas.', 'http://reillyeffertz.com/');
INSERT INTO `where_to_go` (`id`, `city_id`, `catigory_to_go`, `title`, `address`, `description`, `web_page`) VALUES ('8', '10', 'other', 'Vitae autem quia inventore nostrum.', '8691 Ankunding Bypass', 'Dolores est illum nesciunt et. In aliquam quia sed deserunt. Deserunt beatae odit doloribus adipisci voluptas totam. Praesentium voluptates nisi autem quis inventore ea.', 'http://kertzmann.com/');
INSERT INTO `where_to_go` (`id`, `city_id`, `catigory_to_go`, `title`, `address`, `description`, `web_page`) VALUES ('9', '2', 'cafe', 'Dolorum fuga eaque ex et tenetur animi dolorum ipsam.', '909 Marcus Bridge', 'Qui magni soluta cupiditate accusantium eligendi beatae. Rerum qui quo ea id non. Maxime natus ullam dolorem aut optio libero. Unde occaecati natus odio voluptatem.', 'http://langosh.com/');
INSERT INTO `where_to_go` (`id`, `city_id`, `catigory_to_go`, `title`, `address`, `description`, `web_page`) VALUES ('10', '1', 'museum', 'Et accusantium incidunt dolor minus.', '2006 Queen Glen', 'Unde quis temporibus voluptatem assumenda architecto. Quod officiis vitae voluptatibus quia accusamus ratione distinctio. Est commodi voluptas ut voluptatum perspiciatis.', 'http://www.townepfannerstill.com/');
INSERT INTO `where_to_go` (`id`, `city_id`, `catigory_to_go`, `title`, `address`, `description`, `web_page`) VALUES ('11', '4', 'cafe', 'Enim aut suscipit quis perferendis voluptas ea.', '3532 Jessie Club Suite 450', 'Asperiores consectetur quis voluptatem ab. Ducimus error et nihil eaque quas aliquam et. Dolorem voluptatibus quia corporis ratione. Vel beatae molestiae est quia eum laboriosam neque.', 'http://www.brekke.com/');
INSERT INTO `where_to_go` (`id`, `city_id`, `catigory_to_go`, `title`, `address`, `description`, `web_page`) VALUES ('12', '5', 'bar', 'Id rerum pariatur quam eum.', '477 Lakin Squares', 'Quaerat odio dolor quo sed accusamus suscipit. Ipsum officiis rerum maxime adipisci tempore saepe. Odio ad et non ipsam sapiente.', 'http://www.ortiz.com/');
INSERT INTO `where_to_go` (`id`, `city_id`, `catigory_to_go`, `title`, `address`, `description`, `web_page`) VALUES ('13', '8', 'other', 'Quasi sit molestias quia recusandae natus.', '80824 Botsford Lock', 'Dolore in vel non cumque omnis dolorem. Magnam doloribus molestiae id sed culpa. Recusandae esse dolorum culpa optio vitae rerum.', 'http://wilkinsoncronin.com/');
INSERT INTO `where_to_go` (`id`, `city_id`, `catigory_to_go`, `title`, `address`, `description`, `web_page`) VALUES ('14', '7', 'park', 'Suscipit eaque vero id saepe enim.', '929 Dickinson Streets', 'Ex saepe eum nemo laborum ea. Perspiciatis itaque voluptatem est temporibus aliquam. Accusamus vero libero est corporis.', 'http://www.zboncakblick.org/');
INSERT INTO `where_to_go` (`id`, `city_id`, `catigory_to_go`, `title`, `address`, `description`, `web_page`) VALUES ('15', '5', 'restorant', 'Facere velit consequatur porro dolor excepturi molestiae.', '5467 Elbert Brook Suite 622', 'Consequatur laborum perspiciatis quas cupiditate non id hic. Deleniti et modi accusamus consequatur voluptatem. Veritatis harum voluptates voluptatem. Ut sed quo qui doloremque dolorum dolores molestiae consequatur.', 'http://www.rodriguez.com/');
INSERT INTO `where_to_go` (`id`, `city_id`, `catigory_to_go`, `title`, `address`, `description`, `web_page`) VALUES ('16', '6', 'other', 'Itaque alias nihil deserunt.', '969 Aufderhar Square Apt. 251', 'Eaque non soluta velit sapiente sed. Sapiente fugit ratione et in rerum nulla. Tempora placeat aperiam repudiandae totam cumque corrupti nulla.', 'http://howellsawayn.org/');
INSERT INTO `where_to_go` (`id`, `city_id`, `catigory_to_go`, `title`, `address`, `description`, `web_page`) VALUES ('17', '1', 'other', 'Aliquam expedita rerum ipsa facere dolores sed.', '21826 Daugherty Manor', 'Expedita placeat et unde aperiam omnis vero id deserunt. Facere laboriosam perspiciatis sapiente vel est vitae. Quod laboriosam placeat accusamus repellendus vel rerum itaque nihil.', 'http://www.stanton.com/');
INSERT INTO `where_to_go` (`id`, `city_id`, `catigory_to_go`, `title`, `address`, `description`, `web_page`) VALUES ('18', '4', 'restorant', 'Numquam eligendi excepturi aliquid inventore iure deserunt.', '034 Chanel Mountains', 'Dolor nostrum rerum necessitatibus voluptatem quo. Perferendis minima rerum laborum voluptas. Magnam dicta quia et et consequatur rem. Eos voluptas doloribus enim est ad impedit.', 'http://oreilly.info/');
INSERT INTO `where_to_go` (`id`, `city_id`, `catigory_to_go`, `title`, `address`, `description`, `web_page`) VALUES ('19', '7', 'bar', 'Nesciunt voluptates enim voluptas quisquam.', '620 Kertzmann Court', 'Possimus voluptatem consequuntur repudiandae autem sed vero. Aut adipisci quod vel laborum. Unde tempore impedit reprehenderit consectetur ad rerum. Expedita eos adipisci sit et quia consequatur.', 'http://kovacek.biz/');
INSERT INTO `where_to_go` (`id`, `city_id`, `catigory_to_go`, `title`, `address`, `description`, `web_page`) VALUES ('20', '7', 'cafe', 'Velit accusamus cumque et eligendi voluptatibus blanditiis temporibus.', '90382 Watsica Walk Apt. 822', 'Quibusdam est similique quam aliquam magni suscipit est consequatur. Vero et qui est quibusdam ipsam nesciunt quaerat. Nostrum cumque praesentium quam voluptate quam. Sunt maxime quo eum qui quis.', 'http://www.metz.org/');
INSERT INTO `where_to_go` (`id`, `city_id`, `catigory_to_go`, `title`, `address`, `description`, `web_page`) VALUES ('21', '10', 'cafe', 'Nulla eum repudiandae deleniti quas.', '94526 Triston Squares', 'Error ea distinctio sequi ratione. Temporibus et distinctio sit et facilis asperiores provident.', 'http://robertsbernhard.net/');
INSERT INTO `where_to_go` (`id`, `city_id`, `catigory_to_go`, `title`, `address`, `description`, `web_page`) VALUES ('22', '4', 'beach', 'Nisi aut et dolorem suscipit consequatur laudantium.', '16371 Mraz Plaza', 'Modi suscipit ratione quia sit enim qui. In vitae explicabo voluptas consequatur aliquam. Rerum tempore pariatur harum voluptatem nemo.', 'http://www.von.info/');
INSERT INTO `where_to_go` (`id`, `city_id`, `catigory_to_go`, `title`, `address`, `description`, `web_page`) VALUES ('23', '2', 'restorant', 'Fugiat eaque labore assumenda eum molestias aut.', '08102 Schmitt Station', 'Voluptatum dolorem ipsum qui eum dolores voluptas est. Adipisci similique dolore reprehenderit blanditiis odio tenetur impedit. Ex eligendi voluptas qui quia distinctio.', 'http://johns.com/');
INSERT INTO `where_to_go` (`id`, `city_id`, `catigory_to_go`, `title`, `address`, `description`, `web_page`) VALUES ('24', '10', 'other', 'Consequatur nobis repellendus fugiat cumque autem.', '862 Spinka Terrace', 'Nam voluptate maiores ut. Accusamus eum voluptatem molestias incidunt. Eos cum enim nihil qui quae nisi tempore.', 'http://zieme.org/');
INSERT INTO `where_to_go` (`id`, `city_id`, `catigory_to_go`, `title`, `address`, `description`, `web_page`) VALUES ('25', '6', 'other', 'Est ea totam mollitia sapiente.', '0009 Joe Ridges', 'Id et aut quos. Enim doloremque et sed id. Aut qui aspernatur ipsa molestiae enim illum perferendis hic.', 'http://mcclure.com/');
INSERT INTO `where_to_go` (`id`, `city_id`, `catigory_to_go`, `title`, `address`, `description`, `web_page`) VALUES ('26', '8', 'park', 'Id possimus quia adipisci ea rerum nihil.', '4413 Abshire Fords Apt. 296', 'Ad non sit laudantium ex. Officia nulla aut ut ut qui reiciendis et laboriosam. Aspernatur quas sequi repellendus vitae.', 'http://www.schulist.com/');
INSERT INTO `where_to_go` (`id`, `city_id`, `catigory_to_go`, `title`, `address`, `description`, `web_page`) VALUES ('27', '3', 'bar', 'Voluptates aperiam quas necessitatibus commodi nobis.', '99005 Marquardt Garden', 'Nihil laudantium enim voluptatum perferendis voluptatem et. Accusamus consequatur aliquam omnis recusandae rem fuga. Ipsa ullam et dicta veritatis iusto vitae. Reprehenderit id nihil voluptatibus odio quis sed.', 'http://hamill.org/');
INSERT INTO `where_to_go` (`id`, `city_id`, `catigory_to_go`, `title`, `address`, `description`, `web_page`) VALUES ('28', '2', 'other', 'Fugit eum aut ipsa officiis tempore ut quis.', '06058 Hessel Hollow', 'Aut at saepe nostrum accusamus dolores. Suscipit dolores nam eius ut nam officia. Cupiditate ex laudantium autem error laborum veritatis dicta.', 'http://cummerata.com/');
INSERT INTO `where_to_go` (`id`, `city_id`, `catigory_to_go`, `title`, `address`, `description`, `web_page`) VALUES ('29', '10', 'beach', 'Tenetur debitis perferendis tempora consequatur.', '08635 Jessika Underpass Apt. 175', 'Tempora et voluptatem laudantium consequatur aliquid nulla autem eius. Vero eos placeat officiis est laudantium placeat. Debitis qui nihil dolore nesciunt quae et tempora. Quo est expedita reprehenderit aut sequi vel culpa.', 'http://herzog.com/');
INSERT INTO `where_to_go` (`id`, `city_id`, `catigory_to_go`, `title`, `address`, `description`, `web_page`) VALUES ('30', '8', 'cafe', 'Et porro eveniet quia commodi nam ut.', '4829 Pfannerstill Mission Suite 870', 'Excepturi et odio ut ipsam sequi sapiente culpa ab. Non ut aspernatur delectus dolor. Velit voluptate officia et corporis non libero vero.', 'http://goodwin.com/');
INSERT INTO `where_to_go` (`id`, `city_id`, `catigory_to_go`, `title`, `address`, `description`, `web_page`) VALUES ('31', '4', 'beach', 'Suscipit consequatur autem ut molestiae.', '224 Zola Tunnel Apt. 082', 'Quibusdam repellendus perferendis nemo. Molestias sit nulla laborum sed. Molestiae ipsum hic voluptatem soluta enim rerum. Quos corrupti natus assumenda impedit suscipit enim ea.', 'http://lebsack.com/');
INSERT INTO `where_to_go` (`id`, `city_id`, `catigory_to_go`, `title`, `address`, `description`, `web_page`) VALUES ('32', '3', 'restorant', 'Voluptatum natus et sed vel et itaque at.', '6286 Gislason Islands', 'Quia quae doloremque enim voluptatem aliquid vitae velit sed. Consectetur tenetur et iste eaque. Dicta quos hic qui tempore qui assumenda praesentium.', 'http://www.sanford.info/');
INSERT INTO `where_to_go` (`id`, `city_id`, `catigory_to_go`, `title`, `address`, `description`, `web_page`) VALUES ('33', '7', 'restorant', 'Amet voluptatem eligendi repudiandae adipisci ut corrupti et.', '1968 Marvin Estates', 'Sit minima ipsum nemo magni repudiandae rerum nulla. Sit quasi quas ex beatae omnis non. Provident non aut explicabo eius reprehenderit itaque sint adipisci.', 'http://jakubowski.biz/');
INSERT INTO `where_to_go` (`id`, `city_id`, `catigory_to_go`, `title`, `address`, `description`, `web_page`) VALUES ('34', '7', 'museum', 'Dicta quibusdam rem quae.', '079 Mann Ports', 'Totam atque debitis perferendis rerum consequatur eos exercitationem. Aliquam vel ut blanditiis est dolorem. Sint explicabo quod nobis dignissimos dolores totam.', 'http://oconnerreynolds.biz/');
INSERT INTO `where_to_go` (`id`, `city_id`, `catigory_to_go`, `title`, `address`, `description`, `web_page`) VALUES ('35', '3', 'bar', 'Qui soluta eveniet sint ipsam.', '66650 Gayle Burg', 'Culpa quasi enim veritatis non sit. Et laborum magnam consequatur tempora. Numquam maiores mollitia culpa magni laboriosam. Reprehenderit molestiae quam asperiores magni. Deserunt cum dolor asperiores sit qui aliquid.', 'http://whitekuphal.biz/');
INSERT INTO `where_to_go` (`id`, `city_id`, `catigory_to_go`, `title`, `address`, `description`, `web_page`) VALUES ('36', '5', 'beach', 'Iure itaque eveniet a tempora aspernatur.', '23778 Thalia Viaduct', 'Est ea est veritatis eaque. Accusantium officiis consequatur est fugiat cumque laboriosam accusantium. Cumque sequi ipsa deleniti hic nulla quia ut et. Libero aut et at maxime.', 'http://www.greenfelderwisoky.com/');
INSERT INTO `where_to_go` (`id`, `city_id`, `catigory_to_go`, `title`, `address`, `description`, `web_page`) VALUES ('37', '3', 'beach', 'Quo sint distinctio ducimus magnam.', '2843 Lockman Shores', 'Magni numquam quibusdam ut dicta sapiente omnis qui. Sequi laudantium dolorum voluptas excepturi molestiae aliquid. Et minima harum dolorem voluptatibus voluptatem optio. Et dolorem reprehenderit quis mollitia.', 'http://morissette.biz/');
INSERT INTO `where_to_go` (`id`, `city_id`, `catigory_to_go`, `title`, `address`, `description`, `web_page`) VALUES ('38', '8', 'bar', 'Ullam iste dolor nesciunt sit ducimus.', '24483 Lubowitz Hollow Suite 363', 'Quod repellendus ipsum est reiciendis qui magni optio. Cumque id animi aut dolorem. Eum libero perspiciatis nisi rerum commodi nam laboriosam a.', 'http://blickturner.org/');
INSERT INTO `where_to_go` (`id`, `city_id`, `catigory_to_go`, `title`, `address`, `description`, `web_page`) VALUES ('39', '4', 'beach', 'Vel sint eos et soluta dolor laudantium neque.', '3104 Bulah Views', 'Eligendi nisi voluptas vel cum similique nisi. Et deserunt nihil quisquam sint et sit porro. Voluptates amet omnis dignissimos exercitationem. Totam vero et non.', 'http://bogisich.com/');
INSERT INTO `where_to_go` (`id`, `city_id`, `catigory_to_go`, `title`, `address`, `description`, `web_page`) VALUES ('40', '4', 'park', 'Qui optio optio eos delectus cupiditate maiores necessitatibus.', '45151 Predovic Overpass', 'Sapiente pariatur sit provident sunt perspiciatis. Vitae ipsa eos dolores tempore quo non itaque. Laborum ut officiis aut provident qui et. Sit neque mollitia reiciendis aliquam.', 'http://wildermanhoppe.com/');
INSERT INTO `where_to_go` (`id`, `city_id`, `catigory_to_go`, `title`, `address`, `description`, `web_page`) VALUES ('41', '9', 'bar', 'Ut dolor tempora in quasi eum voluptate omnis.', '834 Felicia Mountains Suite 483', 'Deleniti est repellat illum eius omnis. Est voluptatem alias aspernatur nesciunt tenetur. Quidem ut numquam quia laboriosam et maxime. Explicabo rerum autem tempora quia eos quo.', 'http://fahey.com/');
INSERT INTO `where_to_go` (`id`, `city_id`, `catigory_to_go`, `title`, `address`, `description`, `web_page`) VALUES ('42', '8', 'other', 'Qui odit deserunt nisi sed sequi.', '433 Considine Summit Apt. 751', 'Sapiente perspiciatis voluptas voluptas recusandae eos. Qui sapiente totam quibusdam inventore est. Amet id perferendis et tempore cum. Autem aut qui praesentium repudiandae dignissimos molestiae occaecati distinctio. Reiciendis qui et alias dolores quia earum et.', 'http://armstrongbartell.com/');
INSERT INTO `where_to_go` (`id`, `city_id`, `catigory_to_go`, `title`, `address`, `description`, `web_page`) VALUES ('43', '9', 'restorant', 'Itaque libero optio labore.', '78090 Felton Road', 'Doloremque quia sequi quos fugiat dolorem recusandae quas. Animi sit aut et ea. Excepturi ullam sit quia laborum laborum. Sed id saepe magni. Nihil asperiores voluptas ex eaque similique est quas.', 'http://www.kunde.info/');
INSERT INTO `where_to_go` (`id`, `city_id`, `catigory_to_go`, `title`, `address`, `description`, `web_page`) VALUES ('44', '7', 'other', 'Quos harum cupiditate eaque nemo qui repellendus.', '4222 Clare Manor', 'Eum dolorum porro amet dolor voluptatem a ea ducimus. Voluptas aut natus accusamus eos animi dolores perferendis. Velit omnis officiis voluptatibus deserunt soluta quos deserunt.', 'http://roob.info/');
INSERT INTO `where_to_go` (`id`, `city_id`, `catigory_to_go`, `title`, `address`, `description`, `web_page`) VALUES ('45', '4', 'park', 'Aut dolores sint eligendi cumque qui blanditiis vel.', '431 Dibbert Falls Suite 482', 'Occaecati placeat dolores et aliquid aut eum iure ut. Excepturi dolores illo porro eius. Aut impedit est autem aperiam. Consequatur in quis delectus eos.', 'http://www.volkman.com/');
INSERT INTO `where_to_go` (`id`, `city_id`, `catigory_to_go`, `title`, `address`, `description`, `web_page`) VALUES ('46', '3', 'park', 'Enim deleniti vero quia porro sed quis.', '488 Kovacek Points', 'Accusamus aut et voluptatum earum. Laboriosam voluptatem distinctio eveniet velit. Nesciunt et nihil maxime ut et vero. Voluptatibus blanditiis iure delectus non. Ipsum commodi porro occaecati eos non.', 'http://stark.org/');
INSERT INTO `where_to_go` (`id`, `city_id`, `catigory_to_go`, `title`, `address`, `description`, `web_page`) VALUES ('47', '3', 'restorant', 'Mollitia aut cum quasi ut praesentium facilis placeat.', '233 Reinger Passage', 'Adipisci repudiandae voluptatem ex aspernatur qui amet culpa. Earum corrupti commodi consequatur voluptatem et numquam. Amet harum et et ipsam id.', 'http://www.kshlerin.com/');
INSERT INTO `where_to_go` (`id`, `city_id`, `catigory_to_go`, `title`, `address`, `description`, `web_page`) VALUES ('48', '4', 'park', 'Ipsam sequi molestias eos reiciendis enim quae.', '506 Lonzo Mills', 'Exercitationem qui voluptas accusantium assumenda itaque repellat nihil. Quidem totam voluptatem unde qui incidunt ut veritatis ut. Et molestias at aliquid asperiores delectus omnis. Quo vitae pariatur ad cumque neque officia.', 'http://labadieoconner.org/');
INSERT INTO `where_to_go` (`id`, `city_id`, `catigory_to_go`, `title`, `address`, `description`, `web_page`) VALUES ('49', '7', 'museum', 'Sed facere at et voluptatem laboriosam saepe dolores.', '89039 Schinner Path', 'Odit explicabo voluptatum temporibus perspiciatis. Odio optio facilis rerum et sunt cumque maxime. Exercitationem magni eaque mollitia eum quo. Quo voluptas praesentium asperiores non porro facere. Quia voluptas optio et.', 'http://www.mcclure.biz/');
INSERT INTO `where_to_go` (`id`, `city_id`, `catigory_to_go`, `title`, `address`, `description`, `web_page`) VALUES ('50', '10', 'museum', 'Repudiandae assumenda impedit perferendis consequatur eveniet deserunt ex.', '6967 Mann Lake', 'Consequuntur earum laudantium incidunt. Iste eum eaque est est animi. Est sint distinctio nesciunt non. Laudantium consequatur accusamus enim qui quis voluptatem saepe.', 'http://hellerharber.net/');
INSERT INTO `where_to_go` (`id`, `city_id`, `catigory_to_go`, `title`, `address`, `description`, `web_page`) VALUES ('51', '1', 'bar', 'Quia temporibus quis explicabo eaque tempore accusamus illum.', '03069 Coy Forge', 'Sunt et magnam nobis. Sint mollitia corrupti aut et voluptatem excepturi. Quo et optio dolores rerum itaque ea unde alias. Qui beatae quia quisquam ab hic.', 'http://www.grant.info/');
INSERT INTO `where_to_go` (`id`, `city_id`, `catigory_to_go`, `title`, `address`, `description`, `web_page`) VALUES ('52', '7', 'bar', 'Alias sunt rerum optio in aut.', '37682 Theresia Garden Apt. 371', 'Esse velit nulla et est. In odit odit itaque ipsum accusantium nisi et. Suscipit explicabo et qui quis sunt officiis.', 'http://www.collins.com/');
INSERT INTO `where_to_go` (`id`, `city_id`, `catigory_to_go`, `title`, `address`, `description`, `web_page`) VALUES ('53', '3', 'museum', 'Quis enim natus et temporibus qui optio sapiente.', '6183 Goodwin Shores Suite 586', 'Sint earum enim voluptatem quaerat et rerum. Quam excepturi expedita est dolorem similique sed et. Aut maxime consectetur aut voluptatem tempora pariatur enim. Tempora quidem et libero architecto consequatur minima.', 'http://buckridgemcclure.info/');
INSERT INTO `where_to_go` (`id`, `city_id`, `catigory_to_go`, `title`, `address`, `description`, `web_page`) VALUES ('54', '2', 'cafe', 'Repudiandae vitae corrupti quia libero.', '119 Gage Path', 'A voluptate vel veniam incidunt occaecati iusto animi deleniti. Non quisquam odit ipsum impedit illum nobis quis. Autem quae odit modi odit ipsa.', 'http://www.trompwiza.net/');
INSERT INTO `where_to_go` (`id`, `city_id`, `catigory_to_go`, `title`, `address`, `description`, `web_page`) VALUES ('55', '6', 'bar', 'Enim rem culpa id dolorem sint est delectus repudiandae.', '598 Towne Drives', 'Perferendis labore qui est. Voluptatibus asperiores aut officia beatae eos et. Quo animi beatae dolores aut quibusdam odit.', 'http://jacobson.org/');
INSERT INTO `where_to_go` (`id`, `city_id`, `catigory_to_go`, `title`, `address`, `description`, `web_page`) VALUES ('56', '8', 'park', 'Natus quo occaecati est error.', '22727 Greenholt Extensions Suite 947', 'Voluptatem commodi voluptatem nobis sit cum porro qui. Et consequuntur sunt nesciunt animi. Iste et molestiae sunt maiores. Et odio laudantium sapiente suscipit.', 'http://gottliebkoch.net/');
INSERT INTO `where_to_go` (`id`, `city_id`, `catigory_to_go`, `title`, `address`, `description`, `web_page`) VALUES ('57', '10', 'park', 'Voluptatem voluptatem ipsum ipsa praesentium minus quia.', '9053 Simonis Ville', 'Quo optio harum corrupti dolorem nihil ipsam. Quo consequatur officia magnam ut tenetur excepturi et provident. Qui aspernatur alias quidem quis sint unde maxime. Adipisci similique quod distinctio cum soluta et.', 'http://luettgen.com/');
INSERT INTO `where_to_go` (`id`, `city_id`, `catigory_to_go`, `title`, `address`, `description`, `web_page`) VALUES ('58', '9', 'beach', 'Reiciendis reiciendis voluptas dolores perferendis ut.', '91583 Raoul Points', 'Cum quam dignissimos iure quia. Adipisci ipsa ex quisquam cumque voluptatem necessitatibus. In itaque laudantium quibusdam laborum libero est voluptas. Voluptatem enim repellat aliquam et laudantium libero.', 'http://yundt.com/');
INSERT INTO `where_to_go` (`id`, `city_id`, `catigory_to_go`, `title`, `address`, `description`, `web_page`) VALUES ('59', '10', 'bar', 'Quisquam ad aspernatur est molestiae.', '8626 Maggie Groves Suite 827', 'Ut quo illum aut expedita consequatur. Nostrum vel quia officiis mollitia eligendi cupiditate harum. Porro aut repellat eius fuga. Est sit vel porro reprehenderit.', 'http://www.funkmcclure.com/');
INSERT INTO `where_to_go` (`id`, `city_id`, `catigory_to_go`, `title`, `address`, `description`, `web_page`) VALUES ('60', '10', 'bar', 'Ullam esse quidem occaecati reiciendis qui sed sit.', '7304 Georgette Turnpike Apt. 751', 'Non iure voluptas voluptate est quia. Est recusandae adipisci ab ut veniam suscipit. Saepe nobis ut corrupti beatae voluptas.', 'http://koeppkuhlman.com/');
INSERT INTO `where_to_go` (`id`, `city_id`, `catigory_to_go`, `title`, `address`, `description`, `web_page`) VALUES ('61', '7', 'bar', 'Debitis ut reprehenderit ipsam quae quia.', '8416 Osinski Light Apt. 924', 'Soluta qui provident in doloremque soluta qui velit iste. Voluptatum optio dolorum dolore molestiae. Cupiditate quis minima harum dolores.', 'http://kozey.biz/');
INSERT INTO `where_to_go` (`id`, `city_id`, `catigory_to_go`, `title`, `address`, `description`, `web_page`) VALUES ('62', '3', 'restorant', 'Omnis rerum qui eos.', '0901 Walker Run', 'Voluptatem dolores sequi libero a iste tempora sed. Dolores officiis quo qui rem sed qui magnam. Sunt cumque architecto rerum.', 'http://www.harbernader.com/');
INSERT INTO `where_to_go` (`id`, `city_id`, `catigory_to_go`, `title`, `address`, `description`, `web_page`) VALUES ('63', '2', 'other', 'Consequatur nisi voluptatem consequuntur sequi inventore tempore.', '572 Jasmin Alley Suite 680', 'Incidunt consectetur minima nihil. Ratione cupiditate quis tempora et explicabo dolor est. Aut ut expedita praesentium voluptas eligendi. Ea ut est voluptas hic sed dolor officia. Error dolorum aut nemo nulla inventore.', 'http://nitzsche.com/');
INSERT INTO `where_to_go` (`id`, `city_id`, `catigory_to_go`, `title`, `address`, `description`, `web_page`) VALUES ('64', '3', 'museum', 'Corporis rerum est numquam dolores.', '1907 Bashirian Ridge Suite 461', 'Veritatis ad accusantium officiis voluptatem similique autem. Quis qui distinctio nulla impedit. Et reprehenderit non qui nesciunt. Error quas atque cupiditate quis omnis.', 'http://adams.com/');
INSERT INTO `where_to_go` (`id`, `city_id`, `catigory_to_go`, `title`, `address`, `description`, `web_page`) VALUES ('65', '9', 'museum', 'Aut illum minus aliquid sint autem optio.', '3220 Durgan Cove Suite 234', 'Qui est consequuntur architecto excepturi et qui corporis. Eaque non illum dolor exercitationem maiores nulla asperiores est. Officiis ipsum blanditiis illo a vitae. Dolore nihil velit dolorum cum quibusdam voluptatibus.', 'http://vandervort.com/');
INSERT INTO `where_to_go` (`id`, `city_id`, `catigory_to_go`, `title`, `address`, `description`, `web_page`) VALUES ('66', '5', 'restorant', 'Aperiam repellat molestiae eveniet cupiditate est.', '65826 Skiles Mall Apt. 270', 'Dignissimos sed natus a illum. Minima vel quia porro qui. Temporibus quasi vel recusandae est repudiandae facere eius sint. Non recusandae tenetur optio ipsam.', 'http://www.morarhermiston.info/');
INSERT INTO `where_to_go` (`id`, `city_id`, `catigory_to_go`, `title`, `address`, `description`, `web_page`) VALUES ('67', '8', 'cafe', 'Eveniet culpa ut quidem qui amet omnis sed.', '814 Reichel Cliff', 'Atque consequatur cum magni qui. Sapiente eum ea non eaque. Error quibusdam harum non et. Tempore est qui quibusdam molestiae optio.', 'http://www.hirthetorphy.com/');
INSERT INTO `where_to_go` (`id`, `city_id`, `catigory_to_go`, `title`, `address`, `description`, `web_page`) VALUES ('68', '1', 'other', 'Doloremque cupiditate laborum ipsa veritatis et.', '542 Stamm Union', 'Perspiciatis aperiam dolorem dolor excepturi maxime. Autem temporibus voluptas sed. Harum quae voluptatum neque.', 'http://bartongleichner.biz/');
INSERT INTO `where_to_go` (`id`, `city_id`, `catigory_to_go`, `title`, `address`, `description`, `web_page`) VALUES ('69', '2', 'park', 'Iure earum minima rerum quia temporibus corporis repellat.', '8329 Kris Causeway Apt. 887', 'Cumque ratione consequuntur accusantium. Delectus culpa dolores architecto eligendi. Sapiente quo voluptas reiciendis.', 'http://kirlin.com/');
INSERT INTO `where_to_go` (`id`, `city_id`, `catigory_to_go`, `title`, `address`, `description`, `web_page`) VALUES ('70', '2', 'bar', 'Quidem eos velit sit amet molestias.', '56649 Osinski Expressway', 'Minus saepe totam aut ea. Qui vitae ut labore saepe rerum qui. Est repellat id iure ea aut corrupti officia ratione.', 'http://www.goldner.org/');
INSERT INTO `where_to_go` (`id`, `city_id`, `catigory_to_go`, `title`, `address`, `description`, `web_page`) VALUES ('71', '5', 'other', 'Et blanditiis vitae nesciunt occaecati at quisquam.', '5741 Collier Mission', 'Sint in et veritatis et ad. Deleniti qui doloremque rem officia. Reprehenderit eaque aut et rerum beatae dolorem. Et quibusdam aut deserunt eos adipisci dignissimos.', 'http://www.mills.com/');
INSERT INTO `where_to_go` (`id`, `city_id`, `catigory_to_go`, `title`, `address`, `description`, `web_page`) VALUES ('72', '1', 'cafe', 'Eveniet ratione ratione ut consequatur facere non laborum.', '53105 Yasmine Stravenue Suite 114', 'Ut recusandae pariatur aliquid voluptatibus. Sint eius nostrum aut enim ad assumenda. Labore qui aut rerum veritatis omnis. Et omnis omnis amet necessitatibus.', 'http://feestmarquardt.com/');
INSERT INTO `where_to_go` (`id`, `city_id`, `catigory_to_go`, `title`, `address`, `description`, `web_page`) VALUES ('73', '9', 'museum', 'Dolorem autem sed quas qui excepturi dolorum rerum.', '227 Etha Dale Apt. 581', 'Unde id illum ut aut nihil. Labore et eligendi voluptatem distinctio.', 'http://kulas.com/');
INSERT INTO `where_to_go` (`id`, `city_id`, `catigory_to_go`, `title`, `address`, `description`, `web_page`) VALUES ('74', '3', 'bar', 'Quae quibusdam totam sit explicabo quas.', '40245 Murphy Road', 'Nesciunt ad qui laborum saepe consequatur rem. Sint aliquam illo totam perferendis non ut.', 'http://mcglynnmacejkovic.com/');
INSERT INTO `where_to_go` (`id`, `city_id`, `catigory_to_go`, `title`, `address`, `description`, `web_page`) VALUES ('75', '8', 'cafe', 'Cupiditate pariatur itaque soluta in.', '3006 Dietrich Run', 'Vel non nostrum dolorum et minus. Voluptatibus sapiente incidunt quis et deleniti velit accusantium quis. Deleniti unde consequatur et sit veniam.', 'http://www.spinkapfeffer.info/');
INSERT INTO `where_to_go` (`id`, `city_id`, `catigory_to_go`, `title`, `address`, `description`, `web_page`) VALUES ('76', '3', 'beach', 'Nesciunt esse ea tempore quia.', '9862 Yasmine Knoll', 'Necessitatibus ut eos ratione quo. Aliquam omnis at non maiores.', 'http://ankunding.com/');
INSERT INTO `where_to_go` (`id`, `city_id`, `catigory_to_go`, `title`, `address`, `description`, `web_page`) VALUES ('77', '6', 'beach', 'Rerum porro aliquid molestias eius consectetur.', '5969 Angie Drive', 'Non et quo ea voluptatem voluptas reiciendis sed. Maxime voluptas sit omnis quibusdam autem. At et similique voluptatum quis earum eum aut.', 'http://www.stokesjacobson.com/');
INSERT INTO `where_to_go` (`id`, `city_id`, `catigory_to_go`, `title`, `address`, `description`, `web_page`) VALUES ('78', '10', 'cafe', 'Magnam aspernatur aliquid tenetur nostrum.', '223 Gerhold Expressway', 'Nulla et quisquam aut sit. Laudantium aspernatur aut illo sit corporis ipsum excepturi. Magni facilis fuga omnis iure omnis nisi fugiat quia.', 'http://www.sauertromp.info/');
INSERT INTO `where_to_go` (`id`, `city_id`, `catigory_to_go`, `title`, `address`, `description`, `web_page`) VALUES ('79', '6', 'restorant', 'Esse qui voluptatem quis.', '405 Lilyan Dale', 'Necessitatibus magnam omnis voluptatibus. Officiis alias ipsa officiis eum aut. Et iusto et excepturi voluptas eius assumenda sit.', 'http://www.wilderman.com/');
INSERT INTO `where_to_go` (`id`, `city_id`, `catigory_to_go`, `title`, `address`, `description`, `web_page`) VALUES ('80', '3', 'other', 'Ea quam vero atque est iste fugit sint.', '27672 Mafalda Expressway', 'Voluptatibus dolore fugit occaecati rem. Ipsum facilis eligendi est voluptatem a. Cumque quia aliquam consectetur sit asperiores iste necessitatibus. Occaecati a tempore architecto minus nisi rem qui consequuntur.', 'http://bernhard.com/');
INSERT INTO `where_to_go` (`id`, `city_id`, `catigory_to_go`, `title`, `address`, `description`, `web_page`) VALUES ('81', '10', 'cafe', 'Voluptatem quisquam enim maxime iusto itaque et eum maiores.', '94423 Hilll Oval Suite 108', 'Fugit fugiat voluptatem facilis perspiciatis. Voluptatem est esse et et. Adipisci veritatis et inventore repellat est natus numquam. Quis laudantium architecto quas officiis. Tempora adipisci optio ad molestias aliquam tempore modi.', 'http://dare.info/');
INSERT INTO `where_to_go` (`id`, `city_id`, `catigory_to_go`, `title`, `address`, `description`, `web_page`) VALUES ('82', '7', 'museum', 'Consequatur recusandae ut enim accusantium quam.', '94400 Barrows Village Suite 872', 'Eius odio quo iste veniam et. Dignissimos facere id ea voluptatibus.', 'http://www.schinner.com/');
INSERT INTO `where_to_go` (`id`, `city_id`, `catigory_to_go`, `title`, `address`, `description`, `web_page`) VALUES ('83', '9', 'beach', 'Autem aut officia non voluptatem.', '2678 Jess Extension', 'Velit tempore in magni eaque eum eligendi fugit. Animi quia doloremque qui reiciendis voluptatibus quas corrupti consectetur. Repudiandae repellat ut fuga ut velit pariatur rem culpa. Ducimus saepe iste repellat deserunt aut.', 'http://kuvalis.com/');
INSERT INTO `where_to_go` (`id`, `city_id`, `catigory_to_go`, `title`, `address`, `description`, `web_page`) VALUES ('84', '3', 'museum', 'Ea sit facilis numquam aut eos.', '96908 Oliver Squares Apt. 142', 'Autem expedita a id. Magni perspiciatis cum numquam. Consequatur necessitatibus id adipisci exercitationem.', 'http://boehm.com/');
INSERT INTO `where_to_go` (`id`, `city_id`, `catigory_to_go`, `title`, `address`, `description`, `web_page`) VALUES ('85', '8', 'museum', 'Placeat est et officiis officia.', '14268 Nikolaus Trafficway Suite 837', 'Ut asperiores libero sunt velit nihil est voluptatum. Adipisci ipsam saepe voluptate ipsum. Quia enim quis vel molestias nulla enim corrupti.', 'http://www.bernier.org/');
INSERT INTO `where_to_go` (`id`, `city_id`, `catigory_to_go`, `title`, `address`, `description`, `web_page`) VALUES ('86', '5', 'park', 'Eum delectus consectetur nemo sint.', '635 Lucius Islands Apt. 555', 'Itaque dolor aut vel omnis facere. Autem eum ipsa quaerat blanditiis minus tempore. Ex sunt laudantium et.', 'http://zboncakroob.com/');
INSERT INTO `where_to_go` (`id`, `city_id`, `catigory_to_go`, `title`, `address`, `description`, `web_page`) VALUES ('87', '10', 'bar', 'Nulla voluptate doloribus ea dolore illum aspernatur aut.', '3433 Tyrell Valleys', 'Non dolor consectetur sed distinctio dolores. Voluptates dolores aspernatur animi animi ut dolor. Quod laboriosam quis deleniti.', 'http://vonrueden.com/');
INSERT INTO `where_to_go` (`id`, `city_id`, `catigory_to_go`, `title`, `address`, `description`, `web_page`) VALUES ('88', '7', 'park', 'Fugit placeat ipsam maxime quia.', '182 Botsford Roads Suite 671', 'Quis harum cupiditate alias numquam et ea. Et ut rem alias.', 'http://www.bailey.com/');
INSERT INTO `where_to_go` (`id`, `city_id`, `catigory_to_go`, `title`, `address`, `description`, `web_page`) VALUES ('89', '3', 'other', 'Accusantium ex corrupti totam dolor quis architecto.', '7098 Idella Lock Suite 030', 'Nesciunt et rerum voluptatum. Omnis rem molestias deserunt eveniet. Consequatur molestias est iure impedit error. Et soluta atque ducimus aspernatur sit dolorum vel.', 'http://wolff.net/');
INSERT INTO `where_to_go` (`id`, `city_id`, `catigory_to_go`, `title`, `address`, `description`, `web_page`) VALUES ('90', '10', 'cafe', 'Quis vel consectetur qui.', '5115 Bernadette River', 'Dolorum laudantium sunt non earum libero. Ipsam consequatur harum eos suscipit porro. Et itaque culpa aut eos ut ad. Sit sit quisquam officiis voluptatem error qui.', 'http://www.hacketthowell.info/');
INSERT INTO `where_to_go` (`id`, `city_id`, `catigory_to_go`, `title`, `address`, `description`, `web_page`) VALUES ('91', '7', 'park', 'Et laboriosam exercitationem dolores ipsam nisi quae.', '2118 Bogisich Viaduct', 'Neque alias sed sequi ab cupiditate quaerat. Aliquid voluptatem numquam praesentium voluptatum impedit. Ipsa nulla laborum voluptas quidem quam molestias. Officia sint eum exercitationem odit tempore culpa aliquam.', 'http://www.gleason.com/');
INSERT INTO `where_to_go` (`id`, `city_id`, `catigory_to_go`, `title`, `address`, `description`, `web_page`) VALUES ('92', '9', 'restorant', 'Expedita eveniet eligendi iste similique quis necessitatibus ut.', '77544 Kozey Mission Suite 517', 'Ad quidem dolorem perferendis iste dolor vel. Ut explicabo error qui consequatur provident nisi et. Perspiciatis aspernatur eveniet molestiae facilis et.', 'http://considine.net/');
INSERT INTO `where_to_go` (`id`, `city_id`, `catigory_to_go`, `title`, `address`, `description`, `web_page`) VALUES ('93', '2', 'restorant', 'Totam et deserunt doloribus voluptas provident quo molestiae excepturi.', '63993 Pfeffer Courts Apt. 318', 'Atque provident quis iste libero. Et dolore at repellat corrupti voluptatem. Beatae accusantium autem rem quia molestiae occaecati sint.', 'http://www.joneshuel.biz/');
INSERT INTO `where_to_go` (`id`, `city_id`, `catigory_to_go`, `title`, `address`, `description`, `web_page`) VALUES ('94', '8', 'beach', 'Ad iste iste quis cum.', '441 Casimer Valleys', 'Tempore blanditiis nesciunt consequatur magni cumque minus eum. Possimus qui vitae ratione suscipit sint doloremque. Et molestias incidunt velit officia vitae est vel.', 'http://www.keeblerweimann.com/');
INSERT INTO `where_to_go` (`id`, `city_id`, `catigory_to_go`, `title`, `address`, `description`, `web_page`) VALUES ('95', '2', 'bar', 'Sed et veniam voluptatem animi cupiditate deserunt.', '63517 Jaycee Mall Suite 548', 'Quas reiciendis eaque laborum adipisci qui non. Dicta dolorem quae eos sit atque tempora. Non est molestiae et minus deleniti.', 'http://www.corkeryquigley.com/');
INSERT INTO `where_to_go` (`id`, `city_id`, `catigory_to_go`, `title`, `address`, `description`, `web_page`) VALUES ('96', '1', 'beach', 'Voluptates nemo quia omnis pariatur.', '110 Treutel Spring Suite 536', 'Ea aut consectetur sed placeat sint et sint. Quibusdam est expedita et distinctio debitis molestiae rerum ut. Ratione reiciendis dolorum dolor numquam nulla voluptatem impedit.', 'http://www.herzog.com/');
INSERT INTO `where_to_go` (`id`, `city_id`, `catigory_to_go`, `title`, `address`, `description`, `web_page`) VALUES ('97', '2', 'cafe', 'Consequatur aspernatur dolores ipsa aspernatur quasi at.', '697 Botsford Parkway', 'Libero voluptates aut harum iste aut assumenda. Officiis iure placeat ut iure autem sint.', 'http://schmeler.net/');
INSERT INTO `where_to_go` (`id`, `city_id`, `catigory_to_go`, `title`, `address`, `description`, `web_page`) VALUES ('98', '9', 'museum', 'Deserunt dignissimos rerum accusamus ut vel tempora qui harum.', '8063 Homenick Ridges Apt. 872', 'Porro dolor delectus eos. Accusantium eaque ad omnis debitis accusantium. Veniam totam cupiditate quis molestias. Totam et atque ducimus in excepturi quasi perspiciatis. Sunt ut dolores commodi impedit facere.', 'http://reichel.com/');
INSERT INTO `where_to_go` (`id`, `city_id`, `catigory_to_go`, `title`, `address`, `description`, `web_page`) VALUES ('99', '1', 'bar', 'Fugiat iste aspernatur nam illo libero dicta autem.', '3710 Weissnat Village Apt. 266', 'Odit culpa dolor quo est quibusdam. Repellat est fugit libero amet qui. Enim beatae quidem et quo. Ut harum rerum laborum. Ipsa et fugit excepturi sit atque.', 'http://anderson.net/');
INSERT INTO `where_to_go` (`id`, `city_id`, `catigory_to_go`, `title`, `address`, `description`, `web_page`) VALUES ('100', '4', 'park', 'Inventore consequuntur quos ea enim iste quia enim.', '6512 Trycia Turnpike Suite 073', 'Veritatis labore temporibus doloribus in. Ipsa officia sint consequatur quisquam sit. Nihil nisi veniam repellat et sit. Et aut quia est qui fugit.', 'http://feil.com/');


#
# TABLE STRUCTURE FOR: where_to_go_from_hotel
#

DROP TABLE IF EXISTS `where_to_go_from_hotel`;

CREATE TABLE `where_to_go_from_hotel` (
  `id` bigint(20) unsigned NOT NULL AUTO_INCREMENT,
  `hotel_id` bigint(20) unsigned NOT NULL,
  `where_to_go_id` bigint(20) unsigned NOT NULL,
  `distance_from_hotel` float unsigned DEFAULT NULL CHECK (`distance_from_hotel` > 0 and `distance_from_hotel` < 10),
  `directions` text COLLATE utf8mb4_unicode_ci DEFAULT NULL,
  UNIQUE KEY `id` (`id`),
  KEY `hotel_id` (`hotel_id`),
  KEY `fk_where_to_go_id` (`where_to_go_id`),
  CONSTRAINT `fk_where_to_go_id` FOREIGN KEY (`where_to_go_id`) REFERENCES `where_to_go` (`id`) ON DELETE CASCADE ON UPDATE CASCADE,
  CONSTRAINT `where_to_go_from_hotel_ibfk_1` FOREIGN KEY (`where_to_go_id`) REFERENCES `where_to_go` (`id`),
  CONSTRAINT `where_to_go_from_hotel_ibfk_2` FOREIGN KEY (`hotel_id`) REFERENCES `hotel_info` (`id`)
) ENGINE=InnoDB AUTO_INCREMENT=101 DEFAULT CHARSET=utf8mb4 COLLATE=utf8mb4_unicode_ci;

INSERT INTO `where_to_go_from_hotel` (`id`, `hotel_id`, `where_to_go_id`, `distance_from_hotel`, `directions`) VALUES ('1', '85', '48', '3.54', 'Praesentium assumenda illum impedit vel eius quos. Dolores eum sed aut. Rerum eos expedita molestiae odit velit. Molestiae dolor rem et et quod et qui. Non unde dignissimos quisquam sequi vero rerum qui sit.');
INSERT INTO `where_to_go_from_hotel` (`id`, `hotel_id`, `where_to_go_id`, `distance_from_hotel`, `directions`) VALUES ('2', '53', '95', '8.07', 'Eius ea qui tenetur ex eligendi dolorem tempore. Mollitia enim eius voluptates qui sed voluptate aut. Neque nisi cum et consequuntur facilis. Voluptatum expedita sint qui debitis delectus ea consequatur.');
INSERT INTO `where_to_go_from_hotel` (`id`, `hotel_id`, `where_to_go_id`, `distance_from_hotel`, `directions`) VALUES ('3', '85', '16', '9.28', 'Numquam ad est quaerat voluptatum ut. Quidem inventore eius iure maxime commodi et et.');
INSERT INTO `where_to_go_from_hotel` (`id`, `hotel_id`, `where_to_go_id`, `distance_from_hotel`, `directions`) VALUES ('4', '75', '64', '8.33', 'Dolorem fugiat ut et id aut qui unde. Facilis non consequatur et eaque. Porro dolorem cupiditate doloremque ducimus aut quidem.');
INSERT INTO `where_to_go_from_hotel` (`id`, `hotel_id`, `where_to_go_id`, `distance_from_hotel`, `directions`) VALUES ('5', '82', '50', '0.22', 'Saepe ipsa dolorum neque aut ut voluptas ut. Voluptas nihil neque quia non libero nihil. Ut distinctio esse nihil consequatur dignissimos voluptatem aut ut.');
INSERT INTO `where_to_go_from_hotel` (`id`, `hotel_id`, `where_to_go_id`, `distance_from_hotel`, `directions`) VALUES ('6', '70', '81', '4.92', 'Exercitationem odit officia qui et. Qui ab fugit quaerat laudantium vel et voluptas. Suscipit porro qui repudiandae sint voluptatum aspernatur dignissimos aspernatur.');
INSERT INTO `where_to_go_from_hotel` (`id`, `hotel_id`, `where_to_go_id`, `distance_from_hotel`, `directions`) VALUES ('7', '61', '41', '2.79', 'Porro suscipit nobis laudantium cupiditate. Facilis error officiis voluptatem voluptas aperiam non vero eum. Asperiores et tempore illo ea.');
INSERT INTO `where_to_go_from_hotel` (`id`, `hotel_id`, `where_to_go_id`, `distance_from_hotel`, `directions`) VALUES ('8', '86', '15', '0.37', 'Harum neque quidem labore iusto nemo consequatur enim. Veritatis ullam inventore debitis blanditiis autem. Excepturi ipsum labore sint omnis facilis cum. Perferendis recusandae aspernatur numquam voluptatibus odit.');
INSERT INTO `where_to_go_from_hotel` (`id`, `hotel_id`, `where_to_go_id`, `distance_from_hotel`, `directions`) VALUES ('9', '72', '31', '0.98', 'Aut pariatur blanditiis sit voluptatibus. Nisi ea labore et perspiciatis voluptatem.');
INSERT INTO `where_to_go_from_hotel` (`id`, `hotel_id`, `where_to_go_id`, `distance_from_hotel`, `directions`) VALUES ('10', '65', '73', '8.7', 'Quo voluptas necessitatibus perspiciatis asperiores illo maiores. Culpa quasi expedita repudiandae consequuntur. Error reiciendis ipsum alias ducimus fugiat qui dolorum. Itaque ut dolore et voluptatem.');
INSERT INTO `where_to_go_from_hotel` (`id`, `hotel_id`, `where_to_go_id`, `distance_from_hotel`, `directions`) VALUES ('11', '66', '16', '6.52', 'Quibusdam ab dolores non quidem repellat consequatur. Fuga voluptatem maiores voluptatem. Et reiciendis tempora sit.');
INSERT INTO `where_to_go_from_hotel` (`id`, `hotel_id`, `where_to_go_id`, `distance_from_hotel`, `directions`) VALUES ('12', '53', '58', '8.39', 'Sequi dolores eius consequatur dolor et odit laborum. Vero placeat minus quisquam non distinctio impedit non. Eum est est quaerat quos quia temporibus.');
INSERT INTO `where_to_go_from_hotel` (`id`, `hotel_id`, `where_to_go_id`, `distance_from_hotel`, `directions`) VALUES ('13', '53', '21', '8.84', 'Et ut maxime consequatur dicta. Corrupti voluptatem praesentium non praesentium optio. Corporis tenetur corrupti atque consectetur.');
INSERT INTO `where_to_go_from_hotel` (`id`, `hotel_id`, `where_to_go_id`, `distance_from_hotel`, `directions`) VALUES ('14', '72', '54', '9.39', 'Laboriosam alias eligendi laborum quis. Pariatur soluta magni fugit dolorem error ut unde laboriosam. Similique officiis placeat veniam sed saepe esse ipsam.');
INSERT INTO `where_to_go_from_hotel` (`id`, `hotel_id`, `where_to_go_id`, `distance_from_hotel`, `directions`) VALUES ('15', '60', '77', '1.46', 'Nihil autem cumque quia animi nihil quis maxime. Error dolorem et aut consequatur expedita mollitia. Non distinctio qui iusto velit.');
INSERT INTO `where_to_go_from_hotel` (`id`, `hotel_id`, `where_to_go_id`, `distance_from_hotel`, `directions`) VALUES ('16', '86', '5', '1.56', 'Quo voluptatibus itaque aut non optio molestiae aut. Magni nobis reiciendis cupiditate nesciunt. Est quasi minus cumque eligendi laborum consequatur possimus.');
INSERT INTO `where_to_go_from_hotel` (`id`, `hotel_id`, `where_to_go_id`, `distance_from_hotel`, `directions`) VALUES ('17', '59', '89', '7.95', 'Omnis consequatur rem ipsum vel et qui impedit. Est et placeat perspiciatis omnis dolorum. Quis ut aut ipsa sit et enim dolorem. Quod et est officiis.');
INSERT INTO `where_to_go_from_hotel` (`id`, `hotel_id`, `where_to_go_id`, `distance_from_hotel`, `directions`) VALUES ('18', '99', '1', '0.76', 'Ipsam molestias velit non est. Doloribus ipsam exercitationem temporibus molestiae laboriosam. Quasi aperiam velit provident est.');
INSERT INTO `where_to_go_from_hotel` (`id`, `hotel_id`, `where_to_go_id`, `distance_from_hotel`, `directions`) VALUES ('19', '52', '55', '4.08', 'Ea labore doloremque veniam ut molestiae quo sapiente mollitia. Consequatur sit non rem voluptatem. Temporibus provident et ipsam commodi consequatur.');
INSERT INTO `where_to_go_from_hotel` (`id`, `hotel_id`, `where_to_go_id`, `distance_from_hotel`, `directions`) VALUES ('20', '80', '74', '9.83', 'Dolores optio voluptatibus aut nihil quae non illum. Alias ut deserunt consequatur dicta nihil quibusdam. Voluptatem sed nihil amet blanditiis. Eum aperiam praesentium optio animi dolorum ab. Ullam error est quibusdam temporibus nesciunt.');
INSERT INTO `where_to_go_from_hotel` (`id`, `hotel_id`, `where_to_go_id`, `distance_from_hotel`, `directions`) VALUES ('21', '52', '12', '4.35', 'Minima commodi beatae eligendi in. Velit consequuntur in eligendi animi aut cumque non.');
INSERT INTO `where_to_go_from_hotel` (`id`, `hotel_id`, `where_to_go_id`, `distance_from_hotel`, `directions`) VALUES ('22', '72', '35', '0.82', 'Quia qui et modi provident exercitationem ipsam. Corporis suscipit dicta fuga sunt amet ut totam ducimus. Sed nesciunt vel et optio. Sit omnis sit reprehenderit quas debitis nihil.');
INSERT INTO `where_to_go_from_hotel` (`id`, `hotel_id`, `where_to_go_id`, `distance_from_hotel`, `directions`) VALUES ('23', '72', '35', '4.64', 'Minima necessitatibus at qui vel quibusdam. Et qui debitis soluta quia ea qui ipsam. Dolor voluptatem aut est.');
INSERT INTO `where_to_go_from_hotel` (`id`, `hotel_id`, `where_to_go_id`, `distance_from_hotel`, `directions`) VALUES ('24', '71', '5', '7.53', 'Eum et ducimus tenetur quasi deserunt odit. Ullam in et voluptatem impedit. Dicta vel ipsum et dolores magni. Dolores ut explicabo id nostrum aspernatur occaecati incidunt enim.');
INSERT INTO `where_to_go_from_hotel` (`id`, `hotel_id`, `where_to_go_id`, `distance_from_hotel`, `directions`) VALUES ('25', '81', '84', '4.1', 'Non magnam illum consequatur aut. Aperiam sit ex harum pariatur autem molestiae inventore. Ipsam earum cupiditate voluptas ut.');
INSERT INTO `where_to_go_from_hotel` (`id`, `hotel_id`, `where_to_go_id`, `distance_from_hotel`, `directions`) VALUES ('26', '85', '3', '9.98', 'Dolores dolore voluptatem nostrum accusamus qui. Similique quia temporibus nam delectus similique cupiditate. Quidem corrupti aperiam non ut sed. Repellendus ullam dolores inventore.');
INSERT INTO `where_to_go_from_hotel` (`id`, `hotel_id`, `where_to_go_id`, `distance_from_hotel`, `directions`) VALUES ('27', '99', '84', '6.92', 'Molestias nesciunt nesciunt libero beatae sapiente. Voluptate mollitia rerum officia eum molestias praesentium in. Voluptatem laudantium numquam laborum voluptatem.');
INSERT INTO `where_to_go_from_hotel` (`id`, `hotel_id`, `where_to_go_id`, `distance_from_hotel`, `directions`) VALUES ('28', '77', '9', '8.61', 'Aspernatur nihil repudiandae deserunt necessitatibus sit quia quo. Sit quibusdam expedita reprehenderit et debitis quos. Voluptas repudiandae at quia perferendis.');
INSERT INTO `where_to_go_from_hotel` (`id`, `hotel_id`, `where_to_go_id`, `distance_from_hotel`, `directions`) VALUES ('29', '52', '15', '4.1', 'Incidunt aliquam eum excepturi ratione. Quia et doloremque qui. Dolor aperiam eum consequatur sed. Inventore ut cum natus voluptatibus deserunt omnis et.');
INSERT INTO `where_to_go_from_hotel` (`id`, `hotel_id`, `where_to_go_id`, `distance_from_hotel`, `directions`) VALUES ('30', '80', '33', '5.39', 'Quisquam dicta quia eaque sequi porro ipsam aut illo. Adipisci nostrum ex eum. Enim expedita non odio neque voluptatum tempore. Ea assumenda impedit sequi pariatur. Magnam error consectetur facere facilis suscipit sed magnam.');
INSERT INTO `where_to_go_from_hotel` (`id`, `hotel_id`, `where_to_go_id`, `distance_from_hotel`, `directions`) VALUES ('31', '92', '42', '2.47', 'Aut ut quae assumenda itaque. Quis iure temporibus perferendis qui odio beatae. Saepe velit vel velit dolores omnis nihil.');
INSERT INTO `where_to_go_from_hotel` (`id`, `hotel_id`, `where_to_go_id`, `distance_from_hotel`, `directions`) VALUES ('32', '65', '15', '0.72', 'Aperiam nemo qui ea laudantium voluptatem sunt. Rerum consequatur animi optio fugit. Placeat earum odio molestias modi eos eaque cum. Enim aliquid labore qui.');
INSERT INTO `where_to_go_from_hotel` (`id`, `hotel_id`, `where_to_go_id`, `distance_from_hotel`, `directions`) VALUES ('33', '60', '35', '8.17', 'Reiciendis asperiores ut occaecati modi et. In cumque quidem minima sit asperiores cupiditate exercitationem. Et sunt voluptatem animi nesciunt assumenda. Nihil libero reiciendis saepe. Voluptas praesentium qui est ut error repudiandae inventore ea.');
INSERT INTO `where_to_go_from_hotel` (`id`, `hotel_id`, `where_to_go_id`, `distance_from_hotel`, `directions`) VALUES ('34', '55', '34', '6.12', 'Beatae dolor voluptas corrupti exercitationem earum. Ut culpa quaerat dolor aut.');
INSERT INTO `where_to_go_from_hotel` (`id`, `hotel_id`, `where_to_go_id`, `distance_from_hotel`, `directions`) VALUES ('35', '92', '79', '8.53', 'Omnis voluptate doloremque nihil qui eum iusto et. A qui a et et. Nihil et ut qui aliquid beatae.');
INSERT INTO `where_to_go_from_hotel` (`id`, `hotel_id`, `where_to_go_id`, `distance_from_hotel`, `directions`) VALUES ('36', '53', '93', '8.89', 'Sequi voluptas rerum ex repudiandae sed consequatur porro non. Eos minima velit ipsam officiis sit velit. Ut dolorem vel mollitia est quisquam expedita fugit. Et accusantium voluptatum excepturi doloremque accusantium.');
INSERT INTO `where_to_go_from_hotel` (`id`, `hotel_id`, `where_to_go_id`, `distance_from_hotel`, `directions`) VALUES ('37', '92', '61', '8.72', 'Facilis exercitationem placeat impedit ipsa est eaque minus. Alias aliquam est et doloribus. Rerum sit repellendus ullam asperiores doloribus recusandae aut. A dicta animi quos voluptatem consequatur quia et.');
INSERT INTO `where_to_go_from_hotel` (`id`, `hotel_id`, `where_to_go_id`, `distance_from_hotel`, `directions`) VALUES ('38', '59', '43', '6.18', 'Fugit distinctio et sit atque. Velit ducimus sit tenetur dolor asperiores.');
INSERT INTO `where_to_go_from_hotel` (`id`, `hotel_id`, `where_to_go_id`, `distance_from_hotel`, `directions`) VALUES ('39', '98', '77', '8.48', 'Est facilis et necessitatibus omnis. Aut et ut placeat ut molestiae ut illo exercitationem. Fugit ut non voluptate delectus dolore.');
INSERT INTO `where_to_go_from_hotel` (`id`, `hotel_id`, `where_to_go_id`, `distance_from_hotel`, `directions`) VALUES ('40', '70', '60', '9.13', 'Aperiam rerum ut in quasi. Sed saepe quasi ut eveniet sed doloremque est. Itaque ut eaque omnis possimus velit voluptas. Eos repellat repellendus atque possimus.');
INSERT INTO `where_to_go_from_hotel` (`id`, `hotel_id`, `where_to_go_id`, `distance_from_hotel`, `directions`) VALUES ('41', '77', '25', '2.26', 'Adipisci voluptatum qui cum. Autem voluptatum dolorem voluptatem cum doloremque qui a. In unde nostrum molestiae vel enim. Velit officia vitae quia aperiam voluptas. Beatae et maxime et debitis.');
INSERT INTO `where_to_go_from_hotel` (`id`, `hotel_id`, `where_to_go_id`, `distance_from_hotel`, `directions`) VALUES ('42', '80', '60', '4.05', 'Placeat omnis aut ut. Repellat dolorem laudantium labore facere nisi. Tempore tenetur omnis et quia. Laboriosam iusto aut perspiciatis est dicta voluptas.');
INSERT INTO `where_to_go_from_hotel` (`id`, `hotel_id`, `where_to_go_id`, `distance_from_hotel`, `directions`) VALUES ('43', '53', '23', '4.8', 'Esse quia autem aut aperiam. Suscipit voluptate reprehenderit nam aspernatur quae quasi ut. Fugiat non temporibus illo aliquam harum id necessitatibus. Eos rerum soluta suscipit sed fugiat maxime.');
INSERT INTO `where_to_go_from_hotel` (`id`, `hotel_id`, `where_to_go_id`, `distance_from_hotel`, `directions`) VALUES ('44', '82', '13', '9.09', 'Rerum corporis odit sed sapiente eveniet recusandae reprehenderit labore. Explicabo eum esse consequuntur eum facere. Dolor modi dicta aut necessitatibus rerum.');
INSERT INTO `where_to_go_from_hotel` (`id`, `hotel_id`, `where_to_go_id`, `distance_from_hotel`, `directions`) VALUES ('45', '66', '29', '7.63', 'Corrupti et asperiores nam aperiam et laborum aut. Tempore fugit est vero ratione ad eaque ad. Laborum minus est est quidem.');
INSERT INTO `where_to_go_from_hotel` (`id`, `hotel_id`, `where_to_go_id`, `distance_from_hotel`, `directions`) VALUES ('46', '69', '28', '1.25', 'Delectus iusto magnam laudantium omnis nemo nisi enim quia. Quis tempore itaque voluptatem error et. Sit facilis inventore molestiae est optio.');
INSERT INTO `where_to_go_from_hotel` (`id`, `hotel_id`, `where_to_go_id`, `distance_from_hotel`, `directions`) VALUES ('47', '83', '81', '5.24', 'Repellat exercitationem beatae rerum omnis nulla a odio. Quia aut similique et dolores nulla inventore minima. Voluptates iure qui non porro eveniet qui.');
INSERT INTO `where_to_go_from_hotel` (`id`, `hotel_id`, `where_to_go_id`, `distance_from_hotel`, `directions`) VALUES ('48', '68', '100', '7.21', 'Non numquam est tempore impedit sunt. Ut rem dolores eum vel vero. Corrupti sit autem quidem omnis aut iusto.');
INSERT INTO `where_to_go_from_hotel` (`id`, `hotel_id`, `where_to_go_id`, `distance_from_hotel`, `directions`) VALUES ('49', '56', '57', '1.07', 'Quod non earum qui sed. Voluptatum aut in quia deleniti. Distinctio magnam ipsum quis consequatur aut. Eos quod voluptate a et expedita ea asperiores vel.');
INSERT INTO `where_to_go_from_hotel` (`id`, `hotel_id`, `where_to_go_id`, `distance_from_hotel`, `directions`) VALUES ('50', '65', '5', '2.21', 'Quos iure nihil molestiae atque. Voluptas et voluptatum et dicta iste. Qui sunt deleniti architecto eligendi omnis perspiciatis itaque. Quo excepturi nulla aut amet aut. Consequuntur illo animi officia et placeat.');
INSERT INTO `where_to_go_from_hotel` (`id`, `hotel_id`, `where_to_go_id`, `distance_from_hotel`, `directions`) VALUES ('51', '65', '41', '0.36', 'Et sint eius dolor nesciunt saepe. Et ullam blanditiis voluptatum ut odio nihil. Asperiores necessitatibus ipsa atque qui. Mollitia molestias exercitationem iste possimus nihil.');
INSERT INTO `where_to_go_from_hotel` (`id`, `hotel_id`, `where_to_go_id`, `distance_from_hotel`, `directions`) VALUES ('52', '98', '26', '2.24', 'Sed quibusdam at reprehenderit beatae et necessitatibus voluptatibus suscipit. Dolores quis laborum ut et. Eveniet qui esse sunt sunt.');
INSERT INTO `where_to_go_from_hotel` (`id`, `hotel_id`, `where_to_go_id`, `distance_from_hotel`, `directions`) VALUES ('53', '51', '24', '0.54', 'Saepe maiores reprehenderit atque similique ut et. Quisquam inventore architecto aperiam nisi rerum numquam. Qui voluptatum eius ut.');
INSERT INTO `where_to_go_from_hotel` (`id`, `hotel_id`, `where_to_go_id`, `distance_from_hotel`, `directions`) VALUES ('54', '82', '96', '2.54', 'Dolores quia accusantium similique. Neque ut aut ducimus beatae ut. Alias eius voluptatem eveniet aut.');
INSERT INTO `where_to_go_from_hotel` (`id`, `hotel_id`, `where_to_go_id`, `distance_from_hotel`, `directions`) VALUES ('55', '99', '15', '0.92', 'Et quia dolores doloribus. Eum est quae nihil labore sed esse porro. Asperiores aspernatur repellendus fugiat quas.');
INSERT INTO `where_to_go_from_hotel` (`id`, `hotel_id`, `where_to_go_id`, `distance_from_hotel`, `directions`) VALUES ('56', '72', '60', '4.65', 'Nihil a nam et sed dolorem odio nobis. Consequatur quis alias molestiae consequatur reprehenderit. Ex quae sunt fuga aperiam. Illum vero totam explicabo suscipit et.');
INSERT INTO `where_to_go_from_hotel` (`id`, `hotel_id`, `where_to_go_id`, `distance_from_hotel`, `directions`) VALUES ('57', '66', '17', '6.33', 'Et odio omnis fugit quam ex in nesciunt. Dolor quia rerum minima consectetur. Blanditiis sed dolores architecto quasi vero.');
INSERT INTO `where_to_go_from_hotel` (`id`, `hotel_id`, `where_to_go_id`, `distance_from_hotel`, `directions`) VALUES ('58', '57', '47', '5.28', 'Et illum id culpa. Ab voluptatem qui sit sit quam et vitae. Eos consequuntur tempore alias.');
INSERT INTO `where_to_go_from_hotel` (`id`, `hotel_id`, `where_to_go_id`, `distance_from_hotel`, `directions`) VALUES ('59', '66', '87', '6.35', 'Repudiandae soluta quam molestiae voluptatem provident. Suscipit incidunt magnam enim. Quia aut dolorem beatae accusantium. Ut ipsum dolorem et facere.');
INSERT INTO `where_to_go_from_hotel` (`id`, `hotel_id`, `where_to_go_id`, `distance_from_hotel`, `directions`) VALUES ('60', '77', '76', '4.78', 'Enim repellat est possimus ut ex exercitationem. Amet eos rerum quia ut earum. Ducimus et dolorem quia.');
INSERT INTO `where_to_go_from_hotel` (`id`, `hotel_id`, `where_to_go_id`, `distance_from_hotel`, `directions`) VALUES ('61', '55', '4', '4.97', 'Perferendis iste necessitatibus dolorem. Mollitia esse delectus assumenda recusandae explicabo deserunt quaerat. Nemo debitis aspernatur omnis dicta veritatis numquam quaerat.');
INSERT INTO `where_to_go_from_hotel` (`id`, `hotel_id`, `where_to_go_id`, `distance_from_hotel`, `directions`) VALUES ('62', '51', '86', '0.62', 'Iusto nihil maxime tempore quo quia consequatur sequi. Quia dolor eos sint. Adipisci quia mollitia et eligendi dolorem ad. Praesentium dolores voluptatibus aliquam impedit sit maiores similique.');
INSERT INTO `where_to_go_from_hotel` (`id`, `hotel_id`, `where_to_go_id`, `distance_from_hotel`, `directions`) VALUES ('63', '88', '45', '9.13', 'Ullam corporis itaque amet. Suscipit ut perspiciatis optio ut voluptate qui delectus. Atque nesciunt aut necessitatibus dolores rerum doloribus. Aut sed rerum perspiciatis.');
INSERT INTO `where_to_go_from_hotel` (`id`, `hotel_id`, `where_to_go_id`, `distance_from_hotel`, `directions`) VALUES ('64', '88', '100', '3.36', 'Quisquam eos non nostrum provident sapiente consequatur omnis. Quae eos autem quos earum. Alias debitis consequatur aut nobis.');
INSERT INTO `where_to_go_from_hotel` (`id`, `hotel_id`, `where_to_go_id`, `distance_from_hotel`, `directions`) VALUES ('65', '51', '19', '4.38', 'Dolorem animi non autem ea. Ut quisquam necessitatibus molestiae et. Est placeat sint modi et ducimus. Dolores culpa est cumque nam ipsa eveniet.');
INSERT INTO `where_to_go_from_hotel` (`id`, `hotel_id`, `where_to_go_id`, `distance_from_hotel`, `directions`) VALUES ('66', '52', '37', '0.49', 'Ad quibusdam nemo est voluptate. Eos eos aut sed sed. Dolorem ut fuga aut in vero.');
INSERT INTO `where_to_go_from_hotel` (`id`, `hotel_id`, `where_to_go_id`, `distance_from_hotel`, `directions`) VALUES ('67', '77', '100', '8.16', 'Perferendis molestiae officia molestias soluta molestiae non. Voluptatibus repudiandae dicta aspernatur et laborum. Sunt beatae doloribus enim ipsa nulla incidunt.');
INSERT INTO `where_to_go_from_hotel` (`id`, `hotel_id`, `where_to_go_id`, `distance_from_hotel`, `directions`) VALUES ('68', '80', '60', '2.47', 'Quasi rerum nisi alias voluptas earum cum. Sit recusandae debitis magni pariatur laboriosam. Vel odit autem et ut nihil.');
INSERT INTO `where_to_go_from_hotel` (`id`, `hotel_id`, `where_to_go_id`, `distance_from_hotel`, `directions`) VALUES ('69', '58', '30', '9.71', 'Sed quae aspernatur doloremque praesentium deserunt omnis fugiat. Autem voluptas et aliquam odit.');
INSERT INTO `where_to_go_from_hotel` (`id`, `hotel_id`, `where_to_go_id`, `distance_from_hotel`, `directions`) VALUES ('70', '72', '23', '8.12', 'Eum officiis eligendi ipsam enim in id dolor. Sed ex qui animi voluptatem aut.');
INSERT INTO `where_to_go_from_hotel` (`id`, `hotel_id`, `where_to_go_id`, `distance_from_hotel`, `directions`) VALUES ('71', '69', '9', '1.17', 'In est ut molestias. Iure voluptatem architecto laborum et ipsa omnis molestias. Explicabo a possimus pariatur. Accusamus non aut ut qui ullam laboriosam aut.');
INSERT INTO `where_to_go_from_hotel` (`id`, `hotel_id`, `where_to_go_id`, `distance_from_hotel`, `directions`) VALUES ('72', '88', '82', '4.51', 'Hic incidunt dolores qui consequuntur aut aut tenetur odio. Vero ea consequatur distinctio distinctio. Sit non aut molestiae reiciendis non minima.');
INSERT INTO `where_to_go_from_hotel` (`id`, `hotel_id`, `where_to_go_id`, `distance_from_hotel`, `directions`) VALUES ('73', '59', '2', '6.09', 'Cum voluptatum consectetur in est. Mollitia nostrum perspiciatis accusantium dolore cum repellat velit. Enim labore dolorem eius ut dolor consectetur est.');
INSERT INTO `where_to_go_from_hotel` (`id`, `hotel_id`, `where_to_go_id`, `distance_from_hotel`, `directions`) VALUES ('74', '60', '65', '9.67', 'Praesentium officiis velit enim dolorem ad. Sit aut iure ullam minima impedit numquam. Voluptatem et numquam quia facere voluptas excepturi. Reiciendis rem sunt illum qui voluptas laboriosam et commodi.');
INSERT INTO `where_to_go_from_hotel` (`id`, `hotel_id`, `where_to_go_id`, `distance_from_hotel`, `directions`) VALUES ('75', '89', '87', '3.22', 'Velit vel dicta mollitia cum ut. Consequatur animi perspiciatis distinctio voluptas. Sed consequatur sunt dolorum natus et et ea. Deleniti id iusto cum iure et. Dolores dolor sed et ipsa maxime.');
INSERT INTO `where_to_go_from_hotel` (`id`, `hotel_id`, `where_to_go_id`, `distance_from_hotel`, `directions`) VALUES ('76', '68', '3', '3.05', 'Autem vel nam voluptates. Molestias fugit voluptatem error non consequuntur adipisci. Maiores et enim aut voluptatem ut eum.');
INSERT INTO `where_to_go_from_hotel` (`id`, `hotel_id`, `where_to_go_id`, `distance_from_hotel`, `directions`) VALUES ('77', '92', '44', '4.05', 'Corrupti molestiae asperiores officiis necessitatibus blanditiis assumenda aut. Libero voluptatem qui quidem qui et. A quo culpa quidem repellendus sunt.');
INSERT INTO `where_to_go_from_hotel` (`id`, `hotel_id`, `where_to_go_id`, `distance_from_hotel`, `directions`) VALUES ('78', '89', '74', '0.21', 'Nihil occaecati impedit illum voluptas quae. Eaque veniam deserunt nisi eveniet quia. Omnis molestiae enim voluptas quod non. Rerum aut nihil veritatis aspernatur.');
INSERT INTO `where_to_go_from_hotel` (`id`, `hotel_id`, `where_to_go_id`, `distance_from_hotel`, `directions`) VALUES ('79', '92', '73', '8.17', 'Quos modi reiciendis ut doloremque impedit nulla aspernatur. Ut sint harum autem est autem hic sed. Unde ad quisquam porro. Sapiente nemo ut non aliquid tempora et ducimus.');
INSERT INTO `where_to_go_from_hotel` (`id`, `hotel_id`, `where_to_go_id`, `distance_from_hotel`, `directions`) VALUES ('80', '83', '90', '3.56', 'Impedit eveniet voluptas omnis. At alias modi veniam eaque eveniet. Minima dolorem rerum magni ad.');
INSERT INTO `where_to_go_from_hotel` (`id`, `hotel_id`, `where_to_go_id`, `distance_from_hotel`, `directions`) VALUES ('81', '92', '76', '5.24', 'Nemo repellat exercitationem suscipit quaerat. Et voluptatem rem repellat. Facilis aliquam placeat qui velit. Perspiciatis autem ea unde temporibus ipsa illum error.');
INSERT INTO `where_to_go_from_hotel` (`id`, `hotel_id`, `where_to_go_id`, `distance_from_hotel`, `directions`) VALUES ('82', '59', '50', '6.12', 'Temporibus qui sint voluptates ipsa. Hic est impedit laboriosam.');
INSERT INTO `where_to_go_from_hotel` (`id`, `hotel_id`, `where_to_go_id`, `distance_from_hotel`, `directions`) VALUES ('83', '84', '88', '0.79', 'Qui id alias nemo nobis sit. Itaque et ullam ea eos odit et explicabo. Aut non quos voluptatem laborum beatae. Consequatur enim recusandae qui maxime unde voluptas. Ut asperiores at pariatur voluptates repudiandae rerum quis eos.');
INSERT INTO `where_to_go_from_hotel` (`id`, `hotel_id`, `where_to_go_id`, `distance_from_hotel`, `directions`) VALUES ('84', '53', '99', '0.88', 'Consectetur nam ullam laboriosam qui repellendus quia dolores consequatur. Dolore perferendis ipsa vel. Tenetur modi debitis et voluptatum.');
INSERT INTO `where_to_go_from_hotel` (`id`, `hotel_id`, `where_to_go_id`, `distance_from_hotel`, `directions`) VALUES ('85', '56', '63', '7.66', 'Dolorum sit sint rem nobis. Voluptatem quod placeat corrupti expedita nisi quae ducimus. Laboriosam quam optio neque omnis.');
INSERT INTO `where_to_go_from_hotel` (`id`, `hotel_id`, `where_to_go_id`, `distance_from_hotel`, `directions`) VALUES ('86', '57', '61', '5.8', 'Nemo vitae illo doloremque quas aperiam et. Ratione sunt voluptas autem. Alias alias repellendus sed consequatur. Asperiores fuga mollitia est voluptas dolorem nihil soluta.');
INSERT INTO `where_to_go_from_hotel` (`id`, `hotel_id`, `where_to_go_id`, `distance_from_hotel`, `directions`) VALUES ('87', '83', '4', '4.3', 'Fugiat sapiente iure sed eligendi ipsum quidem. Tenetur nobis quasi officia accusamus et.');
INSERT INTO `where_to_go_from_hotel` (`id`, `hotel_id`, `where_to_go_id`, `distance_from_hotel`, `directions`) VALUES ('88', '68', '97', '5.81', 'Porro provident nam qui autem voluptatem dolorem eos quia. At amet beatae eligendi quod sit nihil. Aut consequatur error incidunt esse quod facilis minima. Blanditiis magni quaerat voluptas nesciunt accusamus et iusto qui.');
INSERT INTO `where_to_go_from_hotel` (`id`, `hotel_id`, `where_to_go_id`, `distance_from_hotel`, `directions`) VALUES ('89', '52', '70', '1.14', 'Dignissimos occaecati qui molestiae et dolor. Ab eius ea et quasi est non. Est quia veniam cupiditate laudantium earum.');
INSERT INTO `where_to_go_from_hotel` (`id`, `hotel_id`, `where_to_go_id`, `distance_from_hotel`, `directions`) VALUES ('90', '80', '92', '3.32', 'Suscipit sunt optio sit eaque. Officiis totam non sunt velit dolore eligendi. Sint omnis cum sunt.');
INSERT INTO `where_to_go_from_hotel` (`id`, `hotel_id`, `where_to_go_id`, `distance_from_hotel`, `directions`) VALUES ('91', '75', '2', '3.88', 'Quis ab dicta occaecati recusandae beatae est. Nobis quidem vitae quibusdam. Quis consequatur rerum in.');
INSERT INTO `where_to_go_from_hotel` (`id`, `hotel_id`, `where_to_go_id`, `distance_from_hotel`, `directions`) VALUES ('92', '95', '46', '0.67', 'Odit nobis ipsa est rerum. Quia est culpa autem ut et. Ab ab expedita ipsa voluptates accusantium qui natus.');
INSERT INTO `where_to_go_from_hotel` (`id`, `hotel_id`, `where_to_go_id`, `distance_from_hotel`, `directions`) VALUES ('93', '69', '82', '1.27', 'Quis corporis similique nesciunt velit quas expedita. Amet sapiente nemo dolor molestiae cumque omnis. Consequatur ullam voluptatem fugiat ipsa recusandae consequatur aut. Omnis id perspiciatis aliquam laborum omnis.');
INSERT INTO `where_to_go_from_hotel` (`id`, `hotel_id`, `where_to_go_id`, `distance_from_hotel`, `directions`) VALUES ('94', '57', '33', '9.83', 'Et assumenda deleniti voluptatem ipsam quia. Consequatur molestiae ipsum quibusdam animi et. Sed sint facilis voluptatibus.');
INSERT INTO `where_to_go_from_hotel` (`id`, `hotel_id`, `where_to_go_id`, `distance_from_hotel`, `directions`) VALUES ('95', '72', '91', '5.99', 'Fugit numquam at necessitatibus. Tempore sit optio provident iure culpa aliquid. Et quos deserunt sit quaerat officia.');
INSERT INTO `where_to_go_from_hotel` (`id`, `hotel_id`, `where_to_go_id`, `distance_from_hotel`, `directions`) VALUES ('96', '58', '45', '9.95', 'Dolorem est beatae laudantium ab vitae. Est quas quia sunt odit ea. Illum ducimus reprehenderit fuga.');
INSERT INTO `where_to_go_from_hotel` (`id`, `hotel_id`, `where_to_go_id`, `distance_from_hotel`, `directions`) VALUES ('97', '81', '48', '3.52', 'Eaque doloribus et alias est et nobis dolorem necessitatibus. Fugit ut ex animi in itaque suscipit. Odit eveniet deserunt distinctio omnis laudantium saepe. Sit unde illo earum laborum est et ipsa. Pariatur itaque quidem perspiciatis consequuntur et odio possimus.');
INSERT INTO `where_to_go_from_hotel` (`id`, `hotel_id`, `where_to_go_id`, `distance_from_hotel`, `directions`) VALUES ('98', '95', '42', '1.47', 'Rem laudantium quis facilis in nulla. Quasi quisquam laudantium id et id quam cumque fugit. Nulla ut minima velit dolorem cum ullam deleniti.');
INSERT INTO `where_to_go_from_hotel` (`id`, `hotel_id`, `where_to_go_id`, `distance_from_hotel`, `directions`) VALUES ('99', '65', '2', '2.23', 'Ipsum est quisquam suscipit. Sed cum est ipsam cum placeat. Temporibus quo tempora dignissimos veniam ea cupiditate officia. Et blanditiis quis qui qui non rem.');
INSERT INTO `where_to_go_from_hotel` (`id`, `hotel_id`, `where_to_go_id`, `distance_from_hotel`, `directions`) VALUES ('100', '68', '53', '4.31', 'Assumenda commodi necessitatibus repellat dolores perferendis voluptate. Numquam rerum laboriosam natus. Cum nihil molestias temporibus ut nemo.');



